date,temperature_2m,relative_humidity_2m,precipitation,surface_pressure,cloud_cover,wind_speed_80m,wind_direction_80m,wind_gusts_10m,location
2026-05-17 22:00:00+00:00,10.339,94.0,0.2,1002.27075,38.0,19.14816,283.78162,23.4,Aalborg
2026-05-17 23:00:00+00:00,10.339,94.0,0.2,1002.27075,38.0,19.14816,283.78162,23.4,Aalborg
2026-05-18 00:00:00+00:00,10.339,94.0,0.2,1002.27075,38.0,19.14816,283.78162,23.4,Aalborg
2026-05-18 01:00:00+00:00,10.339,94.0,0.2,1002.27075,38.0,19.14816,283.78162,23.4,Aalborg
2026-05-18 02:00:00+00:00,10.339,94.0,0.2,1002.27075,38.0,19.14816,283.78162,23.4,Aalborg
2026-05-18 03:00:00+00:00,10.339,94.0,0.2,1002.27075,38.0,19.14816,283.78162,23.4,Aalborg
2026-05-18 04:00:00+00:00,10.339,94.0,0.2,1002.27075,38.0,19.14816,283.78162,23.4,Aalborg
2026-05-18 05:00:00+00:00,10.339,94.0,0.2,1002.27075,38.0,19.14816,283.78162,23.4,Aalborg
2026-05-18 06:00:00+00:00,10.339,94.0,0.2,1002.27075,38.0,19.14816,283.78162,23.4,Aalborg
2026-05-18 07:00:00+00:00,10.339,94.0,0.2,1002.27075,38.0,19.14816,283.78162,23.4,Aalborg
2026-05-18 08:00:00+00:00,10.339,94.0,0.2,1002.27075,38.0,19.14816,283.78162,23.4,Aalborg
2026-05-18 09:00:00+00:00,10.339,94.0,0.2,1002.27075,38.0,19.14816,283.78162,23.4,Aalborg
2026-05-18 10:00:00+00:00,10.339,94.0,0.2,1002.27075,38.0,19.14816,283.78162,23.4,Aalborg
2026-05-18 11:00:00+00:00,10.339,94.0,0.2,1002.27075,38.0,19.14816,283.78162,23.4,Aalborg
2026-05-18 12:00:00+00:00,10.339,94.0,0.2,1002.27075,38.0,19.14816,283.78162,23.4,Aalborg
2026-05-18 13:00:00+00:00,10.339,94.0,0.2,1002.27075,38.0,19.14816,283.78162,23.4,Aalborg
2026-05-18 14:00:00+00:00,10.339,94.0,0.2,1002.27075,38.0,19.14816,283.78162,23.4,Aalborg
2026-05-18 15:00:00+00:00,10.339,94.0,0.2,1002.27075,38.0,19.14816,283.78162,23.4,Aalborg
2026-05-18 16:00:00+00:00,10.339,94.0,0.2,1002.27075,38.0,19.14816,283.78162,23.4,Aalborg
2026-05-18 17:00:00+00:00,10.339,94.0,0.2,1002.27075,38.0,19.14816,283.78162,23.4,Aalborg
2026-05-18 18:00:00+00:00,10.339,94.0,0.2,1002.27075,38.0,19.14816,283.78162,23.4,Aalborg
2026-05-18 19:00:00+00:00,10.339,94.0,0.2,1002.27075,38.0,19.14816,283.78162,23.4,Aalborg
2026-05-18 20:00:00+00:00,10.339,94.0,0.2,1002.27075,38.0,19.14816,283.78162,23.4,Aalborg
2026-05-18 21:00:00+00:00,10.339,94.0,0.2,1002.27075,38.0,19.14816,283.78162,23.4,Aalborg
2026-05-18 22:00:00+00:00,10.339,94.0,0.2,1002.27075,38.0,19.14816,283.78162,23.4,Aalborg
2026-05-18 23:00:00+00:00,10.339,94.0,0.2,1002.27075,38.0,19.14816,283.78162,23.4,Aalborg
2026-05-19 00:00:00+00:00,10.339,94.0,0.2,1002.27075,38.0,19.14816,283.78162,23.4,Aalborg
2026-05-19 01:00:00+00:00,10.339,94.0,0.2,1002.27075,38.0,19.14816,283.78162,23.4,Aalborg
2026-05-19 02:00:00+00:00,10.339,94.0,0.2,1002.27075,38.0,19.14816,283.78162,23.4,Aalborg
2026-05-19 03:00:00+00:00,10.339,94.0,0.2,1002.27075,38.0,19.14816,283.78162,23.4,Aalborg
2026-05-19 04:00:00+00:00,10.339,94.0,0.2,1002.27075,38.0,19.14816,283.78162,23.4,Aalborg
2026-05-19 05:00:00+00:00,10.339,94.0,0.2,1002.27075,38.0,19.14816,283.78162,23.4,Aalborg
2026-05-19 06:00:00+00:00,10.339,94.0,0.2,1002.27075,38.0,19.14816,283.78162,23.4,Aalborg
2026-05-19 07:00:00+00:00,10.339,94.0,0.2,1002.27075,38.0,19.14816,283.78162,23.4,Aalborg
2026-05-19 08:00:00+00:00,10.339,94.0,0.2,1002.27075,38.0,19.14816,283.78162,23.4,Aalborg
2026-05-19 09:00:00+00:00,10.339,94.0,0.2,1002.27075,38.0,19.14816,283.78162,23.4,Aalborg
2026-05-19 10:00:00+00:00,10.339,94.0,0.2,1002.27075,38.0,19.14816,283.78162,23.4,Aalborg
2026-05-19 11:00:00+00:00,10.339,94.0,0.2,1002.27075,38.0,19.14816,283.78162,23.4,Aalborg
2026-05-19 12:00:00+00:00,10.339,94.0,0.2,1002.27075,38.0,19.14816,283.78162,23.4,Aalborg
2026-05-19 13:00:00+00:00,10.339,94.0,0.2,1002.27075,38.0,19.14816,283.78162,23.4,Aalborg
2026-05-19 14:00:00+00:00,10.339,94.0,0.2,1002.27075,38.0,19.14816,283.78162,23.4,Aalborg
2026-05-19 15:00:00+00:00,10.339,94.0,0.2,1002.27075,38.0,19.14816,283.78162,23.4,Aalborg
2026-05-19 16:00:00+00:00,10.339,94.0,0.2,1002.27075,38.0,19.14816,283.78162,23.4,Aalborg
2026-05-19 17:00:00+00:00,10.339,94.0,0.2,1002.27075,38.0,19.14816,283.78162,23.4,Aalborg
2026-05-19 18:00:00+00:00,10.339,94.0,0.2,1002.27075,38.0,19.14816,283.78162,23.4,Aalborg
2026-05-19 19:00:00+00:00,10.339,94.0,0.2,1002.27075,38.0,19.14816,283.78162,23.4,Aalborg
2026-05-19 20:00:00+00:00,10.339,94.0,0.2,1002.27075,38.0,19.14816,283.78162,23.4,Aalborg
2026-05-19 21:00:00+00:00,10.339,94.0,0.2,1002.27075,38.0,19.14816,283.78162,23.4,Aalborg
2026-05-19 22:00:00+00:00,10.339,94.0,0.2,1002.27075,38.0,19.14816,283.78162,23.4,Aalborg
2026-05-19 23:00:00+00:00,10.339,94.0,0.2,1002.27075,38.0,19.14816,283.78162,23.4,Aalborg
2026-05-20 00:00:00+00:00,10.339,94.0,0.2,1002.27075,38.0,19.14816,283.78162,23.4,Aalborg
2026-05-20 01:00:00+00:00,10.339,94.0,0.2,1002.27075,38.0,19.14816,283.78162,23.4,Aalborg
2026-05-20 02:00:00+00:00,10.339,94.0,0.2,1002.27075,38.0,19.14816,283.78162,23.4,Aalborg
2026-05-20 03:00:00+00:00,10.339,94.0,0.2,1002.27075,38.0,19.14816,283.78162,23.4,Aalborg
2026-05-20 04:00:00+00:00,10.339,94.0,0.2,1002.27075,38.0,19.14816,283.78162,23.4,Aalborg
2026-05-20 05:00:00+00:00,10.339,94.0,0.2,1002.27075,38.0,19.14816,283.78162,23.4,Aalborg
2026-05-20 06:00:00+00:00,10.339,94.0,0.2,1002.27075,38.0,19.14816,283.78162,23.4,Aalborg
2026-05-20 07:00:00+00:00,10.339,94.0,0.2,1002.27075,38.0,19.14816,283.78162,23.4,Aalborg
2026-05-20 08:00:00+00:00,10.339,94.0,0.2,1002.27075,38.0,19.14816,283.78162,23.4,Aalborg
2026-05-20 09:00:00+00:00,10.339,94.0,0.2,1002.27075,38.0,19.14816,283.78162,23.4,Aalborg
2026-05-20 10:00:00+00:00,10.339,94.0,0.2,1002.27075,38.0,19.14816,283.78162,23.4,Aalborg
2026-05-20 11:00:00+00:00,10.339,94.0,0.2,1002.27075,38.0,19.14816,283.78162,23.4,Aalborg
2026-05-20 12:00:00+00:00,10.339,94.0,0.2,1002.27075,38.0,19.14816,283.78162,23.4,Aalborg
2026-05-20 13:00:00+00:00,10.339,94.0,0.2,1002.27075,38.0,19.14816,283.78162,23.4,Aalborg
2026-05-20 14:00:00+00:00,10.339,94.0,0.2,1002.27075,38.0,19.14816,283.78162,23.4,Aalborg
2026-05-20 15:00:00+00:00,10.339,94.0,0.2,1002.27075,38.0,19.14816,283.78162,23.4,Aalborg
2026-05-20 16:00:00+00:00,10.339,94.0,0.2,1002.27075,38.0,19.14816,283.78162,23.4,Aalborg
2026-05-20 17:00:00+00:00,10.339,94.0,0.2,1002.27075,38.0,19.14816,283.78162,23.4,Aalborg
2026-05-20 18:00:00+00:00,10.339,94.0,0.2,1002.27075,38.0,19.14816,283.78162,23.4,Aalborg
2026-05-20 19:00:00+00:00,10.339,94.0,0.2,1002.27075,38.0,19.14816,283.78162,23.4,Aalborg
2026-05-20 20:00:00+00:00,10.339,94.0,0.2,1002.27075,38.0,19.14816,283.78162,23.4,Aalborg
2026-05-20 21:00:00+00:00,10.339,94.0,0.2,1002.27075,38.0,19.14816,283.78162,23.4,Aalborg
2026-05-20 22:00:00+00:00,10.339,94.0,0.2,1002.27075,38.0,19.14816,283.78162,23.4,Aalborg
2026-05-20 23:00:00+00:00,10.339,94.0,0.2,1002.27075,38.0,19.14816,283.78162,23.4,Aalborg
2026-05-21 00:00:00+00:00,10.339,94.0,0.2,1002.27075,38.0,19.14816,283.78162,23.4,Aalborg
2026-05-21 01:00:00+00:00,10.339,94.0,0.2,1002.27075,38.0,19.14816,283.78162,23.4,Aalborg
2026-05-21 02:00:00+00:00,10.339,94.0,0.2,1002.27075,38.0,19.14816,283.78162,23.4,Aalborg
2026-05-21 03:00:00+00:00,10.339,94.0,0.2,1002.27075,38.0,19.14816,283.78162,23.4,Aalborg
2026-05-21 04:00:00+00:00,10.339,94.0,0.2,1002.27075,38.0,19.14816,283.78162,23.4,Aalborg
2026-05-21 05:00:00+00:00,10.339,94.0,0.2,1002.27075,38.0,19.14816,283.78162,23.4,Aalborg
2026-05-21 06:00:00+00:00,10.339,94.0,0.2,1002.27075,38.0,19.14816,283.78162,23.4,Aalborg
2026-05-21 07:00:00+00:00,10.339,94.0,0.2,1002.27075,38.0,19.14816,283.78162,23.4,Aalborg
2026-05-21 08:00:00+00:00,10.339,94.0,0.2,1002.27075,38.0,19.14816,283.78162,23.4,Aalborg
2026-05-21 09:00:00+00:00,10.339,94.0,0.2,1002.27075,38.0,19.14816,283.78162,23.4,Aalborg
2026-05-21 10:00:00+00:00,10.339,94.0,0.2,1002.27075,38.0,19.14816,283.78162,23.4,Aalborg
2026-05-21 11:00:00+00:00,10.339,94.0,0.2,1002.27075,38.0,19.14816,283.78162,23.4,Aalborg
2026-05-21 12:00:00+00:00,10.339,94.0,0.2,1002.27075,38.0,19.14816,283.78162,23.4,Aalborg
2026-05-21 13:00:00+00:00,10.339,94.0,0.2,1002.27075,38.0,19.14816,283.78162,23.4,Aalborg
2026-05-21 14:00:00+00:00,10.339,94.0,0.2,1002.27075,38.0,19.14816,283.78162,23.4,Aalborg
2026-05-21 15:00:00+00:00,10.339,94.0,0.2,1002.27075,38.0,19.14816,283.78162,23.4,Aalborg
2026-05-21 16:00:00+00:00,10.339,94.0,0.2,1002.27075,38.0,19.14816,283.78162,23.4,Aalborg
2026-05-21 17:00:00+00:00,10.339,94.0,0.2,1002.27075,38.0,19.14816,283.78162,23.4,Aalborg
2026-05-21 18:00:00+00:00,10.339,94.0,0.2,1002.27075,38.0,19.14816,283.78162,23.4,Aalborg
2026-05-21 19:00:00+00:00,10.339,94.0,0.2,1002.27075,38.0,19.14816,283.78162,23.4,Aalborg
2026-05-21 20:00:00+00:00,10.339,94.0,0.2,1002.27075,38.0,19.14816,283.78162,23.4,Aalborg
2026-05-21 21:00:00+00:00,10.339,94.0,0.2,1002.27075,38.0,19.14816,283.78162,23.4,Aalborg
2026-05-21 22:00:00+00:00,10.339,94.0,0.2,1002.27075,38.0,19.14816,283.78162,23.4,Aalborg
2026-05-21 23:00:00+00:00,10.339,94.0,0.2,1002.27075,38.0,19.14816,283.78162,23.4,Aalborg
2026-05-22 00:00:00+00:00,10.339,94.0,0.2,1002.27075,38.0,19.14816,283.78162,23.4,Aalborg
2026-05-22 01:00:00+00:00,10.339,94.0,0.2,1002.27075,38.0,19.14816,283.78162,23.4,Aalborg
2026-05-22 02:00:00+00:00,10.339,94.0,0.2,1002.27075,38.0,19.14816,283.78162,23.4,Aalborg
2026-05-22 03:00:00+00:00,10.339,94.0,0.2,1002.27075,38.0,19.14816,283.78162,23.4,Aalborg
2026-05-22 04:00:00+00:00,10.339,94.0,0.2,1002.27075,38.0,19.14816,283.78162,23.4,Aalborg
2026-05-22 05:00:00+00:00,10.339,94.0,0.2,1002.27075,38.0,19.14816,283.78162,23.4,Aalborg
2026-05-22 06:00:00+00:00,10.339,94.0,0.2,1002.27075,38.0,19.14816,283.78162,23.4,Aalborg
2026-05-22 07:00:00+00:00,10.339,94.0,0.2,1002.27075,38.0,19.14816,283.78162,23.4,Aalborg
2026-05-22 08:00:00+00:00,10.339,94.0,0.2,1002.27075,38.0,19.14816,283.78162,23.4,Aalborg
2026-05-22 09:00:00+00:00,10.339,94.0,0.2,1002.27075,38.0,19.14816,283.78162,23.4,Aalborg
2026-05-22 10:00:00+00:00,10.339,94.0,0.2,1002.27075,38.0,19.14816,283.78162,23.4,Aalborg
2026-05-22 11:00:00+00:00,10.339,94.0,0.2,1002.27075,38.0,19.14816,283.78162,23.4,Aalborg
2026-05-22 12:00:00+00:00,10.339,94.0,0.2,1002.27075,38.0,19.14816,283.78162,23.4,Aalborg
2026-05-22 13:00:00+00:00,10.339,94.0,0.2,1002.27075,38.0,19.14816,283.78162,23.4,Aalborg
2026-05-22 14:00:00+00:00,10.339,94.0,0.2,1002.27075,38.0,19.14816,283.78162,23.4,Aalborg
2026-05-22 15:00:00+00:00,10.339,94.0,0.2,1002.27075,38.0,19.14816,283.78162,23.4,Aalborg
2026-05-22 16:00:00+00:00,10.339,94.0,0.2,1002.27075,38.0,19.14816,283.78162,23.4,Aalborg
2026-05-22 17:00:00+00:00,10.339,94.0,0.2,1002.27075,38.0,19.14816,283.78162,23.4,Aalborg
2026-05-22 18:00:00+00:00,10.339,94.0,0.2,1002.27075,38.0,19.14816,283.78162,23.4,Aalborg
2026-05-22 19:00:00+00:00,10.339,94.0,0.2,1002.27075,38.0,19.14816,283.78162,23.4,Aalborg
2026-05-22 20:00:00+00:00,10.339,94.0,0.2,1002.27075,38.0,19.14816,283.78162,23.4,Aalborg
2026-05-22 21:00:00+00:00,10.339,94.0,0.2,1002.27075,38.0,19.14816,283.78162,23.4,Aalborg
2026-05-22 22:00:00+00:00,10.339,94.0,0.2,1002.27075,38.0,19.14816,283.78162,23.4,Aalborg
2026-05-22 23:00:00+00:00,10.339,94.0,0.2,1002.27075,38.0,19.14816,283.78162,23.4,Aalborg
2026-05-23 00:00:00+00:00,10.339,94.0,0.2,1002.27075,38.0,19.14816,283.78162,23.4,Aalborg
2026-05-23 01:00:00+00:00,10.339,94.0,0.2,1002.27075,38.0,19.14816,283.78162,23.4,Aalborg
2026-05-23 02:00:00+00:00,10.339,94.0,0.2,1002.27075,38.0,19.14816,283.78162,23.4,Aalborg
2026-05-23 03:00:00+00:00,10.339,94.0,0.2,1002.27075,38.0,19.14816,283.78162,23.4,Aalborg
2026-05-23 04:00:00+00:00,10.339,94.0,0.2,1002.27075,38.0,19.14816,283.78162,23.4,Aalborg
2026-05-23 05:00:00+00:00,10.339,94.0,0.2,1002.27075,38.0,19.14816,283.78162,23.4,Aalborg
2026-05-23 06:00:00+00:00,10.339,94.0,0.2,1002.27075,38.0,19.14816,283.78162,23.4,Aalborg
2026-05-23 07:00:00+00:00,10.339,94.0,0.2,1002.27075,38.0,19.14816,283.78162,23.4,Aalborg
2026-05-23 08:00:00+00:00,10.339,94.0,0.2,1002.27075,38.0,19.14816,283.78162,23.4,Aalborg
2026-05-23 09:00:00+00:00,10.339,94.0,0.2,1002.27075,38.0,19.14816,283.78162,23.4,Aalborg
2026-05-23 10:00:00+00:00,10.339,94.0,0.2,1002.27075,38.0,19.14816,283.78162,23.4,Aalborg
2026-05-23 11:00:00+00:00,10.339,94.0,0.2,1002.27075,38.0,19.14816,283.78162,23.4,Aalborg
2026-05-23 12:00:00+00:00,10.339,94.0,0.2,1002.27075,38.0,19.14816,283.78162,23.4,Aalborg
2026-05-23 13:00:00+00:00,10.339,94.0,0.2,1002.27075,38.0,19.14816,283.78162,23.4,Aalborg
2026-05-23 14:00:00+00:00,10.339,94.0,0.2,1002.27075,38.0,19.14816,283.78162,23.4,Aalborg
2026-05-23 15:00:00+00:00,10.339,94.0,0.2,1002.27075,38.0,19.14816,283.78162,23.4,Aalborg
2026-05-23 16:00:00+00:00,10.339,94.0,0.2,1002.27075,38.0,19.14816,283.78162,23.4,Aalborg
2026-05-23 17:00:00+00:00,10.339,94.0,0.2,1002.27075,38.0,19.14816,283.78162,23.4,Aalborg
2026-05-23 18:00:00+00:00,10.339,94.0,0.2,1002.27075,38.0,19.14816,283.78162,23.4,Aalborg
2026-05-23 19:00:00+00:00,10.339,94.0,0.2,1002.27075,38.0,19.14816,283.78162,23.4,Aalborg
2026-05-23 20:00:00+00:00,10.339,94.0,0.2,1002.27075,38.0,19.14816,283.78162,23.4,Aalborg
2026-05-23 21:00:00+00:00,10.339,94.0,0.2,1002.27075,38.0,19.14816,283.78162,23.4,Aalborg
2026-05-23 22:00:00+00:00,10.339,94.0,0.2,1002.27075,38.0,19.14816,283.78162,23.4,Aalborg
2026-05-23 23:00:00+00:00,10.339,94.0,0.2,1002.27075,38.0,19.14816,283.78162,23.4,Aalborg
2026-05-24 00:00:00+00:00,10.339,94.0,0.2,1002.27075,38.0,19.14816,283.78162,23.4,Aalborg
2026-05-24 01:00:00+00:00,10.339,94.0,0.2,1002.27075,38.0,19.14816,283.78162,23.4,Aalborg
2026-05-24 02:00:00+00:00,10.339,94.0,0.2,1002.27075,38.0,19.14816,283.78162,23.4,Aalborg
2026-05-24 03:00:00+00:00,10.339,94.0,0.2,1002.27075,38.0,19.14816,283.78162,23.4,Aalborg
2026-05-24 04:00:00+00:00,10.339,94.0,0.2,1002.27075,38.0,19.14816,283.78162,23.4,Aalborg
2026-05-24 05:00:00+00:00,10.339,94.0,0.2,1002.27075,38.0,19.14816,283.78162,23.4,Aalborg
2026-05-24 06:00:00+00:00,10.339,94.0,0.2,1002.27075,38.0,19.14816,283.78162,23.4,Aalborg
2026-05-24 07:00:00+00:00,10.339,94.0,0.2,1002.27075,38.0,19.14816,283.78162,23.4,Aalborg
2026-05-24 08:00:00+00:00,10.339,94.0,0.2,1002.27075,38.0,19.14816,283.78162,23.4,Aalborg
2026-05-24 09:00:00+00:00,10.339,94.0,0.2,1002.27075,38.0,19.14816,283.78162,23.4,Aalborg
2026-05-24 10:00:00+00:00,10.339,94.0,0.2,1002.27075,38.0,19.14816,283.78162,23.4,Aalborg
2026-05-24 11:00:00+00:00,10.339,94.0,0.2,1002.27075,38.0,19.14816,283.78162,23.4,Aalborg
2026-05-24 12:00:00+00:00,10.339,94.0,0.2,1002.27075,38.0,19.14816,283.78162,23.4,Aalborg
2026-05-24 13:00:00+00:00,10.339,94.0,0.2,1002.27075,38.0,19.14816,283.78162,23.4,Aalborg
2026-05-24 14:00:00+00:00,10.339,94.0,0.2,1002.27075,38.0,19.14816,283.78162,23.4,Aalborg
2026-05-24 15:00:00+00:00,10.339,94.0,0.2,1002.27075,38.0,19.14816,283.78162,23.4,Aalborg
2026-05-24 16:00:00+00:00,10.339,94.0,0.2,1002.27075,38.0,19.14816,283.78162,23.4,Aalborg
2026-05-24 17:00:00+00:00,10.339,94.0,0.2,1002.27075,38.0,19.14816,283.78162,23.4,Aalborg
2026-05-24 18:00:00+00:00,10.339,94.0,0.2,1002.27075,38.0,19.14816,283.78162,23.4,Aalborg
2026-05-24 19:00:00+00:00,10.339,94.0,0.2,1002.27075,38.0,19.14816,283.78162,23.4,Aalborg
2026-05-24 20:00:00+00:00,10.339,94.0,0.2,1002.27075,38.0,19.14816,283.78162,23.4,Aalborg
2026-05-24 21:00:00+00:00,10.339,94.0,0.2,1002.27075,38.0,19.14816,283.78162,23.4,Aalborg
2026-05-24 22:00:00+00:00,10.339,94.0,0.2,1002.27075,38.0,19.14816,283.78162,23.4,Aalborg
2026-05-24 23:00:00+00:00,10.339,94.0,0.2,1002.27075,38.0,19.14816,283.78162,23.4,Aalborg
2026-05-25 00:00:00+00:00,10.339,94.0,0.2,1002.27075,38.0,19.14816,283.78162,23.4,Aalborg
2026-05-25 01:00:00+00:00,10.339,94.0,0.2,1002.27075,38.0,19.14816,283.78162,23.4,Aalborg
2026-05-25 02:00:00+00:00,10.339,94.0,0.2,1002.27075,38.0,19.14816,283.78162,23.4,Aalborg
2026-05-25 03:00:00+00:00,10.339,94.0,0.2,1002.27075,38.0,19.14816,283.78162,23.4,Aalborg
2026-05-25 04:00:00+00:00,10.339,94.0,0.2,1002.27075,38.0,19.14816,283.78162,23.4,Aalborg
2026-05-25 05:00:00+00:00,10.339,94.0,0.2,1002.27075,38.0,19.14816,283.78162,23.4,Aalborg
2026-05-25 06:00:00+00:00,10.339,94.0,0.2,1002.27075,38.0,19.14816,283.78162,23.4,Aalborg
2026-05-25 07:00:00+00:00,10.339,94.0,0.2,1002.27075,38.0,19.14816,283.78162,23.4,Aalborg
2026-05-25 08:00:00+00:00,10.339,94.0,0.2,1002.27075,38.0,19.14816,283.78162,23.4,Aalborg
2026-05-25 09:00:00+00:00,10.339,94.0,0.2,1002.27075,38.0,19.14816,283.78162,23.4,Aalborg
2026-05-25 10:00:00+00:00,10.339,94.0,0.2,1002.27075,38.0,19.14816,283.78162,23.4,Aalborg
2026-05-25 11:00:00+00:00,10.339,94.0,0.2,1002.27075,38.0,19.14816,283.78162,23.4,Aalborg
2026-05-25 12:00:00+00:00,10.339,94.0,0.2,1002.27075,38.0,19.14816,283.78162,23.4,Aalborg
2026-05-25 13:00:00+00:00,10.339,94.0,0.2,1002.27075,38.0,19.14816,283.78162,23.4,Aalborg
2026-05-25 14:00:00+00:00,10.339,94.0,0.2,1002.27075,38.0,19.14816,283.78162,23.4,Aalborg
2026-05-25 15:00:00+00:00,10.339,94.0,0.2,1002.27075,38.0,19.14816,283.78162,23.4,Aalborg
2026-05-25 16:00:00+00:00,10.339,94.0,0.2,1002.27075,38.0,19.14816,283.78162,23.4,Aalborg
2026-05-25 17:00:00+00:00,10.339,94.0,0.2,1002.27075,38.0,19.14816,283.78162,23.4,Aalborg
2026-05-25 18:00:00+00:00,10.339,94.0,0.2,1002.27075,38.0,19.14816,283.78162,23.4,Aalborg
2026-05-25 19:00:00+00:00,10.339,94.0,0.2,1002.27075,38.0,19.14816,283.78162,23.4,Aalborg
2026-05-25 20:00:00+00:00,10.339,94.0,0.2,1002.27075,38.0,19.14816,283.78162,23.4,Aalborg
2026-05-25 21:00:00+00:00,10.339,94.0,0.2,1002.27075,38.0,19.14816,283.78162,23.4,Aalborg
2026-05-25 22:00:00+00:00,10.339,94.0,0.2,1002.27075,38.0,19.14816,283.78162,23.4,Aalborg
2026-05-25 23:00:00+00:00,10.339,94.0,0.2,1002.27075,38.0,19.14816,283.78162,23.4,Aalborg
2026-05-26 00:00:00+00:00,10.339,94.0,0.2,1002.27075,38.0,19.14816,283.78162,23.4,Aalborg
2026-05-26 01:00:00+00:00,10.339,94.0,0.2,1002.27075,38.0,19.14816,283.78162,23.4,Aalborg
2026-05-26 02:00:00+00:00,10.339,94.0,0.2,1002.27075,38.0,19.14816,283.78162,23.4,Aalborg
2026-05-26 03:00:00+00:00,10.339,94.0,0.2,1002.27075,38.0,19.14816,283.78162,23.4,Aalborg
2026-05-26 04:00:00+00:00,10.339,94.0,0.2,1002.27075,38.0,19.14816,283.78162,23.4,Aalborg
2026-05-26 05:00:00+00:00,10.339,94.0,0.2,1002.27075,38.0,19.14816,283.78162,23.4,Aalborg
2026-05-26 06:00:00+00:00,10.339,94.0,0.2,1002.27075,38.0,19.14816,283.78162,23.4,Aalborg
2026-05-26 07:00:00+00:00,10.339,94.0,0.2,1002.27075,38.0,19.14816,283.78162,23.4,Aalborg
2026-05-26 08:00:00+00:00,10.339,94.0,0.2,1002.27075,38.0,19.14816,283.78162,23.4,Aalborg
2026-05-26 09:00:00+00:00,10.339,94.0,0.2,1002.27075,38.0,19.14816,283.78162,23.4,Aalborg
2026-05-26 10:00:00+00:00,10.339,94.0,0.2,1002.27075,38.0,19.14816,283.78162,23.4,Aalborg
2026-05-26 11:00:00+00:00,10.339,94.0,0.2,1002.27075,38.0,19.14816,283.78162,23.4,Aalborg
2026-05-26 12:00:00+00:00,10.339,94.0,0.2,1002.27075,38.0,19.14816,283.78162,23.4,Aalborg
2026-05-26 13:00:00+00:00,10.339,94.0,0.2,1002.27075,38.0,19.14816,283.78162,23.4,Aalborg
2026-05-26 14:00:00+00:00,10.339,94.0,0.2,1002.27075,38.0,19.14816,283.78162,23.4,Aalborg
2026-05-26 15:00:00+00:00,10.339,94.0,0.2,1002.27075,38.0,19.14816,283.78162,23.4,Aalborg
2026-05-26 16:00:00+00:00,10.339,94.0,0.2,1002.27075,38.0,19.14816,283.78162,23.4,Aalborg
2026-05-26 17:00:00+00:00,10.339,94.0,0.2,1002.27075,38.0,19.14816,283.78162,23.4,Aalborg
2026-05-26 18:00:00+00:00,10.339,94.0,0.2,1002.27075,38.0,19.14816,283.78162,23.4,Aalborg
2026-05-26 19:00:00+00:00,10.339,94.0,0.2,1002.27075,38.0,19.14816,283.78162,23.4,Aalborg
2026-05-26 20:00:00+00:00,10.339,94.0,0.2,1002.27075,38.0,19.14816,283.78162,23.4,Aalborg
2026-05-26 21:00:00+00:00,10.339,94.0,0.2,1002.27075,38.0,19.14816,283.78162,23.4,Aalborg
2026-05-26 22:00:00+00:00,10.339,94.0,0.2,1002.27075,38.0,19.14816,283.78162,23.4,Aalborg
2026-05-26 23:00:00+00:00,10.339,94.0,0.2,1002.27075,38.0,19.14816,283.78162,23.4,Aalborg
2026-05-27 00:00:00+00:00,10.339,94.0,0.2,1002.27075,38.0,19.14816,283.78162,23.4,Aalborg
2026-05-27 01:00:00+00:00,10.339,94.0,0.2,1002.27075,38.0,19.14816,283.78162,23.4,Aalborg
2026-05-27 02:00:00+00:00,10.339,94.0,0.2,1002.27075,38.0,19.14816,283.78162,23.4,Aalborg
2026-05-27 03:00:00+00:00,10.339,94.0,0.2,1002.27075,38.0,19.14816,283.78162,23.4,Aalborg
2026-05-27 04:00:00+00:00,10.339,94.0,0.2,1002.27075,38.0,19.14816,283.78162,23.4,Aalborg
2026-05-27 05:00:00+00:00,10.339,94.0,0.2,1002.27075,38.0,19.14816,283.78162,23.4,Aalborg
2026-05-27 06:00:00+00:00,10.339,94.0,0.2,1002.27075,38.0,19.14816,283.78162,23.4,Aalborg
2026-05-27 07:00:00+00:00,10.339,94.0,0.2,1002.27075,38.0,19.14816,283.78162,23.4,Aalborg
2026-05-27 08:00:00+00:00,10.339,94.0,0.2,1002.27075,38.0,19.14816,283.78162,23.4,Aalborg
2026-05-27 09:00:00+00:00,10.339,94.0,0.2,1002.27075,38.0,19.14816,283.78162,23.4,Aalborg
2026-05-27 10:00:00+00:00,10.339,94.0,0.2,1002.27075,38.0,19.14816,283.78162,23.4,Aalborg
2026-05-27 11:00:00+00:00,10.339,94.0,0.2,1002.27075,38.0,19.14816,283.78162,23.4,Aalborg
2026-05-27 12:00:00+00:00,10.339,94.0,0.2,1002.27075,38.0,19.14816,283.78162,23.4,Aalborg
2026-05-27 13:00:00+00:00,10.339,94.0,0.2,1002.27075,38.0,19.14816,283.78162,23.4,Aalborg
2026-05-27 14:00:00+00:00,10.339,94.0,0.2,1002.27075,38.0,19.14816,283.78162,23.4,Aalborg
2026-05-27 15:00:00+00:00,10.339,94.0,0.2,1002.27075,38.0,19.14816,283.78162,23.4,Aalborg
2026-05-27 16:00:00+00:00,10.339,94.0,0.2,1002.27075,38.0,19.14816,283.78162,23.4,Aalborg
2026-05-27 17:00:00+00:00,10.339,94.0,0.2,1002.27075,38.0,19.14816,283.78162,23.4,Aalborg
2026-05-27 18:00:00+00:00,10.339,94.0,0.2,1002.27075,38.0,19.14816,283.78162,23.4,Aalborg
2026-05-27 19:00:00+00:00,10.339,94.0,0.2,1002.27075,38.0,19.14816,283.78162,23.4,Aalborg
2026-05-27 20:00:00+00:00,10.339,94.0,0.2,1002.27075,38.0,19.14816,283.78162,23.4,Aalborg
2026-05-27 21:00:00+00:00,10.339,94.0,0.2,1002.27075,38.0,19.14816,283.78162,23.4,Aalborg
2026-05-27 22:00:00+00:00,10.339,94.0,0.2,1002.27075,38.0,19.14816,283.78162,23.4,Aalborg
2026-05-27 23:00:00+00:00,10.339,94.0,0.2,1002.27075,38.0,19.14816,283.78162,23.4,Aalborg
2026-05-28 00:00:00+00:00,10.339,94.0,0.2,1002.27075,38.0,19.14816,283.78162,23.4,Aalborg
2026-05-28 01:00:00+00:00,10.339,94.0,0.2,1002.27075,38.0,19.14816,283.78162,23.4,Aalborg
2026-05-28 02:00:00+00:00,10.339,94.0,0.2,1002.27075,38.0,19.14816,283.78162,23.4,Aalborg
2026-05-28 03:00:00+00:00,10.339,94.0,0.2,1002.27075,38.0,19.14816,283.78162,23.4,Aalborg
2026-05-28 04:00:00+00:00,10.339,94.0,0.2,1002.27075,38.0,19.14816,283.78162,23.4,Aalborg
2026-05-28 05:00:00+00:00,10.339,94.0,0.2,1002.27075,38.0,19.14816,283.78162,23.4,Aalborg
2026-05-28 06:00:00+00:00,10.339,94.0,0.2,1002.27075,38.0,19.14816,283.78162,23.4,Aalborg
2026-05-28 07:00:00+00:00,10.339,94.0,0.2,1002.27075,38.0,19.14816,283.78162,23.4,Aalborg
2026-05-28 08:00:00+00:00,10.339,94.0,0.2,1002.27075,38.0,19.14816,283.78162,23.4,Aalborg
2026-05-28 09:00:00+00:00,10.339,94.0,0.2,1002.27075,38.0,19.14816,283.78162,23.4,Aalborg
2026-05-28 10:00:00+00:00,10.339,94.0,0.2,1002.27075,38.0,19.14816,283.78162,23.4,Aalborg
2026-05-28 11:00:00+00:00,10.339,94.0,0.2,1002.27075,38.0,19.14816,283.78162,23.4,Aalborg
2026-05-28 12:00:00+00:00,10.339,94.0,0.2,1002.27075,38.0,19.14816,283.78162,23.4,Aalborg
2026-05-28 13:00:00+00:00,10.339,94.0,0.2,1002.27075,38.0,19.14816,283.78162,23.4,Aalborg
2026-05-28 14:00:00+00:00,10.339,94.0,0.2,1002.27075,38.0,19.14816,283.78162,23.4,Aalborg
2026-05-28 15:00:00+00:00,10.339,94.0,0.2,1002.27075,38.0,19.14816,283.78162,23.4,Aalborg
2026-05-28 16:00:00+00:00,10.339,94.0,0.2,1002.27075,38.0,19.14816,283.78162,23.4,Aalborg
2026-05-28 17:00:00+00:00,10.339,94.0,0.2,1002.27075,38.0,19.14816,283.78162,23.4,Aalborg
2026-05-28 18:00:00+00:00,10.339,94.0,0.2,1002.27075,38.0,19.14816,283.78162,23.4,Aalborg
2026-05-28 19:00:00+00:00,10.339,94.0,0.2,1002.27075,38.0,19.14816,283.78162,23.4,Aalborg
2026-05-28 20:00:00+00:00,10.339,94.0,0.2,1002.27075,38.0,19.14816,283.78162,23.4,Aalborg
2026-05-28 21:00:00+00:00,10.339,94.0,0.2,1002.27075,38.0,19.14816,283.78162,23.4,Aalborg
2026-05-28 22:00:00+00:00,10.339,94.0,0.2,1002.27075,38.0,19.14816,283.78162,23.4,Aalborg
2026-05-28 23:00:00+00:00,10.339,94.0,0.2,1002.27075,38.0,19.14816,283.78162,23.4,Aalborg
2026-05-29 00:00:00+00:00,10.339,94.0,0.2,1002.27075,38.0,19.14816,283.78162,23.4,Aalborg
2026-05-29 01:00:00+00:00,10.339,94.0,0.2,1002.27075,38.0,19.14816,283.78162,23.4,Aalborg
2026-05-29 02:00:00+00:00,10.339,94.0,0.2,1002.27075,38.0,19.14816,283.78162,23.4,Aalborg
2026-05-29 03:00:00+00:00,10.339,94.0,0.2,1002.27075,38.0,19.14816,283.78162,23.4,Aalborg
2026-05-29 04:00:00+00:00,10.339,94.0,0.2,1002.27075,38.0,19.14816,283.78162,23.4,Aalborg
2026-05-29 05:00:00+00:00,10.339,94.0,0.2,1002.27075,38.0,19.14816,283.78162,23.4,Aalborg
2026-05-29 06:00:00+00:00,10.339,94.0,0.2,1002.27075,38.0,19.14816,283.78162,23.4,Aalborg
2026-05-29 07:00:00+00:00,10.339,94.0,0.2,1002.27075,38.0,19.14816,283.78162,23.4,Aalborg
2026-05-29 08:00:00+00:00,10.339,94.0,0.2,1002.27075,38.0,19.14816,283.78162,23.4,Aalborg
2026-05-29 09:00:00+00:00,10.339,94.0,0.2,1002.27075,38.0,19.14816,283.78162,23.4,Aalborg
2026-05-29 10:00:00+00:00,10.339,94.0,0.2,1002.27075,38.0,19.14816,283.78162,23.4,Aalborg
2026-05-29 11:00:00+00:00,10.339,94.0,0.2,1002.27075,38.0,19.14816,283.78162,23.4,Aalborg
2026-05-29 12:00:00+00:00,10.339,94.0,0.2,1002.27075,38.0,19.14816,283.78162,23.4,Aalborg
2026-05-29 13:00:00+00:00,10.339,94.0,0.2,1002.27075,38.0,19.14816,283.78162,23.4,Aalborg
2026-05-29 14:00:00+00:00,10.339,94.0,0.2,1002.27075,38.0,19.14816,283.78162,23.4,Aalborg
2026-05-29 15:00:00+00:00,10.339,94.0,0.2,1002.27075,38.0,19.14816,283.78162,23.4,Aalborg
2026-05-29 16:00:00+00:00,10.339,94.0,0.2,1002.27075,38.0,19.14816,283.78162,23.4,Aalborg
2026-05-29 17:00:00+00:00,10.339,94.0,0.2,1002.27075,38.0,19.14816,283.78162,23.4,Aalborg
2026-05-29 18:00:00+00:00,10.339,94.0,0.2,1002.27075,38.0,19.14816,283.78162,23.4,Aalborg
2026-05-29 19:00:00+00:00,10.339,94.0,0.2,1002.27075,38.0,19.14816,283.78162,23.4,Aalborg
2026-05-29 20:00:00+00:00,10.339,94.0,0.2,1002.27075,38.0,19.14816,283.78162,23.4,Aalborg
2026-05-29 21:00:00+00:00,10.339,94.0,0.2,1002.27075,38.0,19.14816,283.78162,23.4,Aalborg
2026-05-29 22:00:00+00:00,10.339,94.0,0.2,1002.27075,38.0,19.14816,283.78162,23.4,Aalborg
2026-05-29 23:00:00+00:00,10.339,94.0,0.2,1002.27075,38.0,19.14816,283.78162,23.4,Aalborg
2026-05-30 00:00:00+00:00,10.339,94.0,0.2,1002.27075,38.0,19.14816,283.78162,23.4,Aalborg
2026-05-30 01:00:00+00:00,10.339,94.0,0.2,1002.27075,38.0,19.14816,283.78162,23.4,Aalborg
2026-05-30 02:00:00+00:00,10.339,94.0,0.2,1002.27075,38.0,19.14816,283.78162,23.4,Aalborg
2026-05-30 03:00:00+00:00,10.339,94.0,0.2,1002.27075,38.0,19.14816,283.78162,23.4,Aalborg
2026-05-30 04:00:00+00:00,10.339,94.0,0.2,1002.27075,38.0,19.14816,283.78162,23.4,Aalborg
2026-05-30 05:00:00+00:00,10.339,94.0,0.2,1002.27075,38.0,19.14816,283.78162,23.4,Aalborg
2026-05-30 06:00:00+00:00,10.339,94.0,0.2,1002.27075,38.0,19.14816,283.78162,23.4,Aalborg
2026-05-30 07:00:00+00:00,10.339,94.0,0.2,1002.27075,38.0,19.14816,283.78162,23.4,Aalborg
2026-05-30 08:00:00+00:00,10.339,94.0,0.2,1002.27075,38.0,19.14816,283.78162,23.4,Aalborg
2026-05-30 09:00:00+00:00,10.339,94.0,0.2,1002.27075,38.0,19.14816,283.78162,23.4,Aalborg
2026-05-30 10:00:00+00:00,10.339,94.0,0.2,1002.27075,38.0,19.14816,283.78162,23.4,Aalborg
2026-05-30 11:00:00+00:00,10.339,94.0,0.2,1002.27075,38.0,19.14816,283.78162,23.4,Aalborg
2026-05-30 12:00:00+00:00,10.339,94.0,0.2,1002.27075,38.0,19.14816,283.78162,23.4,Aalborg
2026-05-30 13:00:00+00:00,10.339,94.0,0.2,1002.27075,38.0,19.14816,283.78162,23.4,Aalborg
2026-05-30 14:00:00+00:00,10.339,94.0,0.2,1002.27075,38.0,19.14816,283.78162,23.4,Aalborg
2026-05-30 15:00:00+00:00,10.339,94.0,0.2,1002.27075,38.0,19.14816,283.78162,23.4,Aalborg
2026-05-30 16:00:00+00:00,10.339,94.0,0.2,1002.27075,38.0,19.14816,283.78162,23.4,Aalborg
2026-05-30 17:00:00+00:00,10.339,94.0,0.2,1002.27075,38.0,19.14816,283.78162,23.4,Aalborg
2026-05-30 18:00:00+00:00,10.339,94.0,0.2,1002.27075,38.0,19.14816,283.78162,23.4,Aalborg
2026-05-30 19:00:00+00:00,10.339,94.0,0.2,1002.27075,38.0,19.14816,283.78162,23.4,Aalborg
2026-05-30 20:00:00+00:00,10.339,94.0,0.2,1002.27075,38.0,19.14816,283.78162,23.4,Aalborg
2026-05-30 21:00:00+00:00,10.339,94.0,0.2,1002.27075,38.0,19.14816,283.78162,23.4,Aalborg
2026-05-30 22:00:00+00:00,10.339,94.0,0.2,1002.27075,38.0,19.14816,283.78162,23.4,Aalborg
2026-05-30 23:00:00+00:00,10.339,94.0,0.2,1002.27075,38.0,19.14816,283.78162,23.4,Aalborg
2026-05-31 00:00:00+00:00,10.339,94.0,0.2,1002.27075,38.0,19.14816,283.78162,23.4,Aalborg
2026-05-31 01:00:00+00:00,10.339,94.0,0.2,1002.27075,38.0,19.14816,283.78162,23.4,Aalborg
2026-05-31 02:00:00+00:00,10.339,94.0,0.2,1002.27075,38.0,19.14816,283.78162,23.4,Aalborg
2026-05-31 03:00:00+00:00,10.339,94.0,0.2,1002.27075,38.0,19.14816,283.78162,23.4,Aalborg
2026-05-31 04:00:00+00:00,10.339,94.0,0.2,1002.27075,38.0,19.14816,283.78162,23.4,Aalborg
2026-05-31 05:00:00+00:00,10.339,94.0,0.2,1002.27075,38.0,19.14816,283.78162,23.4,Aalborg
2026-05-31 06:00:00+00:00,10.339,94.0,0.2,1002.27075,38.0,19.14816,283.78162,23.4,Aalborg
2026-05-31 07:00:00+00:00,10.339,94.0,0.2,1002.27075,38.0,19.14816,283.78162,23.4,Aalborg
2026-05-31 08:00:00+00:00,10.339,94.0,0.2,1002.27075,38.0,19.14816,283.78162,23.4,Aalborg
2026-05-31 09:00:00+00:00,10.339,94.0,0.2,1002.27075,38.0,19.14816,283.78162,23.4,Aalborg
2026-05-31 10:00:00+00:00,10.339,94.0,0.2,1002.27075,38.0,19.14816,283.78162,23.4,Aalborg
2026-05-31 11:00:00+00:00,10.339,94.0,0.2,1002.27075,38.0,19.14816,283.78162,23.4,Aalborg
2026-05-31 12:00:00+00:00,10.339,94.0,0.2,1002.27075,38.0,19.14816,283.78162,23.4,Aalborg
2026-05-31 13:00:00+00:00,10.339,94.0,0.2,1002.27075,38.0,19.14816,283.78162,23.4,Aalborg
2026-05-31 14:00:00+00:00,10.339,94.0,0.2,1002.27075,38.0,19.14816,283.78162,23.4,Aalborg
2026-05-31 15:00:00+00:00,10.339,94.0,0.2,1002.27075,38.0,19.14816,283.78162,23.4,Aalborg
2026-05-31 16:00:00+00:00,10.339,94.0,0.2,1002.27075,38.0,19.14816,283.78162,23.4,Aalborg
2026-05-31 17:00:00+00:00,10.339,94.0,0.2,1002.27075,38.0,19.14816,283.78162,23.4,Aalborg
2026-05-31 18:00:00+00:00,10.339,94.0,0.2,1002.27075,38.0,19.14816,283.78162,23.4,Aalborg
2026-05-31 19:00:00+00:00,10.339,94.0,0.2,1002.27075,38.0,19.14816,283.78162,23.4,Aalborg
2026-05-31 20:00:00+00:00,10.339,94.0,0.2,1002.27075,38.0,19.14816,283.78162,23.4,Aalborg
2026-05-31 21:00:00+00:00,10.339,94.0,0.2,1002.27075,38.0,19.14816,283.78162,23.4,Aalborg
2026-05-31 22:00:00+00:00,10.339,94.0,0.2,1002.27075,38.0,19.14816,283.78162,23.4,Aalborg
2026-05-31 23:00:00+00:00,10.339,94.0,0.2,1002.27075,38.0,19.14816,283.78162,23.4,Aalborg
2026-06-01 00:00:00+00:00,10.339,94.0,0.2,1002.27075,38.0,19.14816,283.78162,23.4,Aalborg
2026-06-01 01:00:00+00:00,10.339,94.0,0.2,1002.27075,38.0,19.14816,283.78162,23.4,Aalborg
2026-06-01 02:00:00+00:00,10.339,94.0,0.2,1002.27075,38.0,19.14816,283.78162,23.4,Aalborg
2026-06-01 03:00:00+00:00,10.339,94.0,0.2,1002.27075,38.0,19.14816,283.78162,23.4,Aalborg
2026-06-01 04:00:00+00:00,10.339,94.0,0.2,1002.27075,38.0,19.14816,283.78162,23.4,Aalborg
2026-06-01 05:00:00+00:00,10.339,94.0,0.2,1002.27075,38.0,19.14816,283.78162,23.4,Aalborg
2026-06-01 06:00:00+00:00,10.339,94.0,0.2,1002.27075,38.0,19.14816,283.78162,23.4,Aalborg
2026-06-01 07:00:00+00:00,10.339,94.0,0.2,1002.27075,38.0,19.14816,283.78162,23.4,Aalborg
2026-06-01 08:00:00+00:00,10.339,94.0,0.2,1002.27075,38.0,19.14816,283.78162,23.4,Aalborg
2026-06-01 09:00:00+00:00,10.339,94.0,0.2,1002.27075,38.0,19.14816,283.78162,23.4,Aalborg
2026-06-01 10:00:00+00:00,10.339,94.0,0.2,1002.27075,38.0,19.14816,283.78162,23.4,Aalborg
2026-06-01 11:00:00+00:00,10.339,94.0,0.2,1002.27075,38.0,19.14816,283.78162,23.4,Aalborg
2026-06-01 12:00:00+00:00,10.339,94.0,0.2,1002.27075,38.0,19.14816,283.78162,23.4,Aalborg
2026-06-01 13:00:00+00:00,10.339,94.0,0.2,1002.27075,38.0,19.14816,283.78162,23.4,Aalborg
2026-06-01 14:00:00+00:00,10.339,94.0,0.2,1002.27075,38.0,19.14816,283.78162,23.4,Aalborg
2026-06-01 15:00:00+00:00,10.339,94.0,0.2,1002.27075,38.0,19.14816,283.78162,23.4,Aalborg
2026-06-01 16:00:00+00:00,10.339,94.0,0.2,1002.27075,38.0,19.14816,283.78162,23.4,Aalborg
2026-06-01 17:00:00+00:00,10.339,94.0,0.2,1002.27075,38.0,19.14816,283.78162,23.4,Aalborg
2026-06-01 18:00:00+00:00,10.339,94.0,0.2,1002.27075,38.0,19.14816,283.78162,23.4,Aalborg
2026-06-01 19:00:00+00:00,10.339,94.0,0.2,1002.27075,38.0,19.14816,283.78162,23.4,Aalborg
2026-06-01 20:00:00+00:00,10.339,94.0,0.2,1002.27075,38.0,19.14816,283.78162,23.4,Aalborg
2026-06-01 21:00:00+00:00,10.339,94.0,0.2,1002.27075,38.0,19.14816,283.78162,23.4,Aalborg
2026-06-01 22:00:00+00:00,10.339,94.0,0.2,1002.27075,38.0,19.14816,283.78162,23.4,Aalborg
2026-06-01 23:00:00+00:00,10.339,94.0,0.2,1002.27075,38.0,19.14816,283.78162,23.4,Aalborg
2026-06-02 00:00:00+00:00,10.339,94.0,0.2,1002.27075,38.0,19.14816,283.78162,23.4,Aalborg
2026-06-02 01:00:00+00:00,10.339,94.0,0.2,1002.27075,38.0,19.14816,283.78162,23.4,Aalborg
2026-06-02 02:00:00+00:00,10.339,94.0,0.2,1002.27075,38.0,19.14816,283.78162,23.4,Aalborg
2026-06-02 03:00:00+00:00,10.339,94.0,0.2,1002.27075,38.0,19.14816,283.78162,23.4,Aalborg
2026-06-02 04:00:00+00:00,10.339,94.0,0.2,1002.27075,38.0,19.14816,283.78162,23.4,Aalborg
2026-06-02 05:00:00+00:00,10.339,94.0,0.2,1002.27075,38.0,19.14816,283.78162,23.4,Aalborg
2026-06-02 06:00:00+00:00,10.339,94.0,0.2,1002.27075,38.0,19.14816,283.78162,23.4,Aalborg
2026-06-02 07:00:00+00:00,10.339,94.0,0.2,1002.27075,38.0,19.14816,283.78162,23.4,Aalborg
2026-06-02 08:00:00+00:00,10.339,94.0,0.2,1002.27075,38.0,19.14816,283.78162,23.4,Aalborg
2026-06-02 09:00:00+00:00,10.339,94.0,0.2,1002.27075,38.0,19.14816,283.78162,23.4,Aalborg
2026-06-02 10:00:00+00:00,10.339,94.0,0.2,1002.27075,38.0,19.14816,283.78162,23.4,Aalborg
2026-06-02 11:00:00+00:00,10.339,94.0,0.2,1002.27075,38.0,19.14816,283.78162,23.4,Aalborg
2026-06-02 12:00:00+00:00,10.339,94.0,0.2,1002.27075,38.0,19.14816,283.78162,23.4,Aalborg
2026-06-02 13:00:00+00:00,10.339,94.0,0.2,1002.27075,38.0,19.14816,283.78162,23.4,Aalborg
2026-06-02 14:00:00+00:00,10.339,94.0,0.2,1002.27075,38.0,19.14816,283.78162,23.4,Aalborg
2026-06-02 15:00:00+00:00,10.339,94.0,0.2,1002.27075,38.0,19.14816,283.78162,23.4,Aalborg
2026-06-02 16:00:00+00:00,10.339,94.0,0.2,1002.27075,38.0,19.14816,283.78162,23.4,Aalborg
2026-06-02 17:00:00+00:00,10.339,94.0,0.2,1002.27075,38.0,19.14816,283.78162,23.4,Aalborg
2026-06-02 18:00:00+00:00,10.339,94.0,0.2,1002.27075,38.0,19.14816,283.78162,23.4,Aalborg
2026-06-02 19:00:00+00:00,10.339,94.0,0.2,1002.27075,38.0,19.14816,283.78162,23.4,Aalborg
2026-06-02 20:00:00+00:00,10.339,94.0,0.2,1002.27075,38.0,19.14816,283.78162,23.4,Aalborg
2026-06-02 21:00:00+00:00,10.339,94.0,0.2,1002.27075,38.0,19.14816,283.78162,23.4,Aalborg
2026-06-02 22:00:00+00:00,10.339,94.0,0.2,1002.27075,38.0,19.14816,283.78162,23.4,Aalborg
2026-06-02 23:00:00+00:00,10.339,94.0,0.2,1002.27075,38.0,19.14816,283.78162,23.4,Aalborg
2026-06-03 00:00:00+00:00,10.339,94.0,0.2,1002.27075,38.0,19.14816,283.78162,23.4,Aalborg
2026-06-03 01:00:00+00:00,10.339,94.0,0.2,1002.27075,38.0,19.14816,283.78162,23.4,Aalborg
2026-06-03 02:00:00+00:00,10.339,94.0,0.2,1002.27075,38.0,19.14816,283.78162,23.4,Aalborg
2026-06-03 03:00:00+00:00,10.339,94.0,0.2,1002.27075,38.0,19.14816,283.78162,23.4,Aalborg
2026-06-03 04:00:00+00:00,10.339,94.0,0.2,1002.27075,38.0,19.14816,283.78162,23.4,Aalborg
2026-06-03 05:00:00+00:00,10.339,94.0,0.2,1002.27075,38.0,19.14816,283.78162,23.4,Aalborg
2026-06-03 06:00:00+00:00,10.339,94.0,0.2,1002.27075,38.0,19.14816,283.78162,23.4,Aalborg
2026-06-03 07:00:00+00:00,10.339,94.0,0.2,1002.27075,38.0,19.14816,283.78162,23.4,Aalborg
2026-06-03 08:00:00+00:00,10.339,94.0,0.2,1002.27075,38.0,19.14816,283.78162,23.4,Aalborg
2026-06-03 09:00:00+00:00,10.339,94.0,0.2,1002.27075,38.0,19.14816,283.78162,23.4,Aalborg
2026-06-03 10:00:00+00:00,10.339,94.0,0.2,1002.27075,38.0,19.14816,283.78162,23.4,Aalborg
2026-06-03 11:00:00+00:00,10.339,94.0,0.2,1002.27075,38.0,19.14816,283.78162,23.4,Aalborg
2026-06-03 12:00:00+00:00,10.339,94.0,0.2,1002.27075,38.0,19.14816,283.78162,23.4,Aalborg
2026-06-03 13:00:00+00:00,10.339,94.0,0.2,1002.27075,38.0,19.14816,283.78162,23.4,Aalborg
2026-06-03 14:00:00+00:00,10.339,94.0,0.2,1002.27075,38.0,19.14816,283.78162,23.4,Aalborg
2026-06-03 15:00:00+00:00,10.339,94.0,0.2,1002.27075,38.0,19.14816,283.78162,23.4,Aalborg
2026-06-03 16:00:00+00:00,10.339,94.0,0.2,1002.27075,38.0,19.14816,283.78162,23.4,Aalborg
2026-06-03 17:00:00+00:00,10.339,94.0,0.2,1002.27075,38.0,19.14816,283.78162,23.4,Aalborg
2026-06-03 18:00:00+00:00,10.339,94.0,0.2,1002.27075,38.0,19.14816,283.78162,23.4,Aalborg
2026-06-03 19:00:00+00:00,10.339,94.0,0.2,1002.27075,38.0,19.14816,283.78162,23.4,Aalborg
2026-06-03 20:00:00+00:00,10.339,94.0,0.2,1002.27075,38.0,19.14816,283.78162,23.4,Aalborg
2026-06-03 21:00:00+00:00,10.339,94.0,0.2,1002.27075,38.0,19.14816,283.78162,23.4,Aalborg
2026-06-03 22:00:00+00:00,10.339,94.0,0.2,1002.27075,38.0,19.14816,283.78162,23.4,Aalborg
2026-06-03 23:00:00+00:00,10.339,94.0,0.2,1002.27075,38.0,19.14816,283.78162,23.4,Aalborg
2026-06-04 00:00:00+00:00,10.339,94.0,0.2,1002.27075,38.0,19.14816,283.78162,23.4,Aalborg
2026-06-04 01:00:00+00:00,10.339,94.0,0.2,1002.27075,38.0,19.14816,283.78162,23.4,Aalborg
2026-06-04 02:00:00+00:00,10.339,94.0,0.2,1002.27075,38.0,19.14816,283.78162,23.4,Aalborg
2026-06-04 03:00:00+00:00,10.339,94.0,0.2,1002.27075,38.0,19.14816,283.78162,23.4,Aalborg
2026-06-04 04:00:00+00:00,10.339,94.0,0.2,1002.27075,38.0,19.14816,283.78162,23.4,Aalborg
2026-06-04 05:00:00+00:00,10.339,94.0,0.2,1002.27075,38.0,19.14816,283.78162,23.4,Aalborg
2026-06-04 06:00:00+00:00,10.339,94.0,0.2,1002.27075,38.0,19.14816,283.78162,23.4,Aalborg
2026-06-04 07:00:00+00:00,10.339,94.0,0.2,1002.27075,38.0,19.14816,283.78162,23.4,Aalborg
2026-06-04 08:00:00+00:00,10.339,94.0,0.2,1002.27075,38.0,19.14816,283.78162,23.4,Aalborg
2026-06-04 09:00:00+00:00,10.339,94.0,0.2,1002.27075,38.0,19.14816,283.78162,23.4,Aalborg
2026-06-04 10:00:00+00:00,10.339,94.0,0.2,1002.27075,38.0,19.14816,283.78162,23.4,Aalborg
2026-06-04 11:00:00+00:00,10.339,94.0,0.2,1002.27075,38.0,19.14816,283.78162,23.4,Aalborg
2026-06-04 12:00:00+00:00,10.339,94.0,0.2,1002.27075,38.0,19.14816,283.78162,23.4,Aalborg
2026-06-04 13:00:00+00:00,10.339,94.0,0.2,1002.27075,38.0,19.14816,283.78162,23.4,Aalborg
2026-06-04 14:00:00+00:00,10.339,94.0,0.2,1002.27075,38.0,19.14816,283.78162,23.4,Aalborg
2026-06-04 15:00:00+00:00,10.339,94.0,0.2,1002.27075,38.0,19.14816,283.78162,23.4,Aalborg
2026-06-04 16:00:00+00:00,10.339,94.0,0.2,1002.27075,38.0,19.14816,283.78162,23.4,Aalborg
2026-06-04 17:00:00+00:00,10.339,94.0,0.2,1002.27075,38.0,19.14816,283.78162,23.4,Aalborg
2026-06-04 18:00:00+00:00,10.339,94.0,0.2,1002.27075,38.0,19.14816,283.78162,23.4,Aalborg
2026-06-04 19:00:00+00:00,10.339,94.0,0.2,1002.27075,38.0,19.14816,283.78162,23.4,Aalborg
2026-06-04 20:00:00+00:00,10.339,94.0,0.2,1002.27075,38.0,19.14816,283.78162,23.4,Aalborg
2026-06-04 21:00:00+00:00,10.339,94.0,0.2,1002.27075,38.0,19.14816,283.78162,23.4,Aalborg
2026-06-04 22:00:00+00:00,10.339,94.0,0.2,1002.27075,38.0,19.14816,283.78162,23.4,Aalborg
2026-06-04 23:00:00+00:00,10.339,94.0,0.2,1002.27075,38.0,19.14816,283.78162,23.4,Aalborg
2026-06-05 00:00:00+00:00,10.339,94.0,0.2,1002.27075,38.0,19.14816,283.78162,23.4,Aalborg
2026-06-05 01:00:00+00:00,10.339,94.0,0.2,1002.27075,38.0,19.14816,283.78162,23.4,Aalborg
2026-06-05 02:00:00+00:00,10.339,94.0,0.2,1002.27075,38.0,19.14816,283.78162,23.4,Aalborg
2026-06-05 03:00:00+00:00,10.339,94.0,0.2,1002.27075,38.0,19.14816,283.78162,23.4,Aalborg
2026-06-05 04:00:00+00:00,10.339,94.0,0.2,1002.27075,38.0,19.14816,283.78162,23.4,Aalborg
2026-06-05 05:00:00+00:00,10.339,94.0,0.2,1002.27075,38.0,19.14816,283.78162,23.4,Aalborg
2026-06-05 06:00:00+00:00,10.339,94.0,0.2,1002.27075,38.0,19.14816,283.78162,23.4,Aalborg
2026-06-05 07:00:00+00:00,10.339,94.0,0.2,1002.27075,38.0,19.14816,283.78162,23.4,Aalborg
2026-06-05 08:00:00+00:00,10.339,94.0,0.2,1002.27075,38.0,19.14816,283.78162,23.4,Aalborg
2026-06-05 09:00:00+00:00,10.339,94.0,0.2,1002.27075,38.0,19.14816,283.78162,23.4,Aalborg
2026-06-05 10:00:00+00:00,10.339,94.0,0.2,1002.27075,38.0,19.14816,283.78162,23.4,Aalborg
2026-06-05 11:00:00+00:00,10.339,94.0,0.2,1002.27075,38.0,19.14816,283.78162,23.4,Aalborg
2026-06-05 12:00:00+00:00,10.339,94.0,0.2,1002.27075,38.0,19.14816,283.78162,23.4,Aalborg
2026-06-05 13:00:00+00:00,10.339,94.0,0.2,1002.27075,38.0,19.14816,283.78162,23.4,Aalborg
2026-06-05 14:00:00+00:00,10.339,94.0,0.2,1002.27075,38.0,19.14816,283.78162,23.4,Aalborg
2026-06-05 15:00:00+00:00,10.339,94.0,0.2,1002.27075,38.0,19.14816,283.78162,23.4,Aalborg
2026-06-05 16:00:00+00:00,10.339,94.0,0.2,1002.27075,38.0,19.14816,283.78162,23.4,Aalborg
2026-06-05 17:00:00+00:00,10.339,94.0,0.2,1002.27075,38.0,19.14816,283.78162,23.4,Aalborg
2026-06-05 18:00:00+00:00,10.339,94.0,0.2,1002.27075,38.0,19.14816,283.78162,23.4,Aalborg
2026-06-05 19:00:00+00:00,10.339,94.0,0.2,1002.27075,38.0,19.14816,283.78162,23.4,Aalborg
2026-06-05 20:00:00+00:00,10.339,94.0,0.2,1002.27075,38.0,19.14816,283.78162,23.4,Aalborg
2026-06-05 21:00:00+00:00,10.339,94.0,0.2,1002.27075,38.0,19.14816,283.78162,23.4,Aalborg
2026-06-05 22:00:00+00:00,10.339,94.0,0.2,1002.27075,38.0,19.14816,283.78162,23.4,Aalborg
2026-06-05 23:00:00+00:00,10.339,94.0,0.2,1002.27075,38.0,19.14816,283.78162,23.4,Aalborg
2026-06-06 00:00:00+00:00,10.339,94.0,0.2,1002.27075,38.0,19.14816,283.78162,23.4,Aalborg
2026-06-06 01:00:00+00:00,10.339,94.0,0.2,1002.27075,38.0,19.14816,283.78162,23.4,Aalborg
2026-06-06 02:00:00+00:00,10.339,94.0,0.2,1002.27075,38.0,19.14816,283.78162,23.4,Aalborg
2026-06-06 03:00:00+00:00,10.339,94.0,0.2,1002.27075,38.0,19.14816,283.78162,23.4,Aalborg
2026-06-06 04:00:00+00:00,10.339,94.0,0.2,1002.27075,38.0,19.14816,283.78162,23.4,Aalborg
2026-06-06 05:00:00+00:00,10.339,94.0,0.2,1002.27075,38.0,19.14816,283.78162,23.4,Aalborg
2026-06-06 06:00:00+00:00,10.339,94.0,0.2,1002.27075,38.0,19.14816,283.78162,23.4,Aalborg
2026-06-06 07:00:00+00:00,10.339,94.0,0.2,1002.27075,38.0,19.14816,283.78162,23.4,Aalborg
2026-06-06 08:00:00+00:00,10.339,94.0,0.2,1002.27075,38.0,19.14816,283.78162,23.4,Aalborg
2026-06-06 09:00:00+00:00,10.339,94.0,0.2,1002.27075,38.0,19.14816,283.78162,23.4,Aalborg
2026-06-06 10:00:00+00:00,10.339,94.0,0.2,1002.27075,38.0,19.14816,283.78162,23.4,Aalborg
2026-06-06 11:00:00+00:00,10.339,94.0,0.2,1002.27075,38.0,19.14816,283.78162,23.4,Aalborg
2026-06-06 12:00:00+00:00,10.339,94.0,0.2,1002.27075,38.0,19.14816,283.78162,23.4,Aalborg
2026-06-06 13:00:00+00:00,10.339,94.0,0.2,1002.27075,38.0,19.14816,283.78162,23.4,Aalborg
2026-06-06 14:00:00+00:00,10.339,94.0,0.2,1002.27075,38.0,19.14816,283.78162,23.4,Aalborg
2026-06-06 15:00:00+00:00,10.339,94.0,0.2,1002.27075,38.0,19.14816,283.78162,23.4,Aalborg
2026-06-06 16:00:00+00:00,10.339,94.0,0.2,1002.27075,38.0,19.14816,283.78162,23.4,Aalborg
2026-06-06 17:00:00+00:00,10.339,94.0,0.2,1002.27075,38.0,19.14816,283.78162,23.4,Aalborg
2026-06-06 18:00:00+00:00,10.339,94.0,0.2,1002.27075,38.0,19.14816,283.78162,23.4,Aalborg
2026-06-06 19:00:00+00:00,10.339,94.0,0.2,1002.27075,38.0,19.14816,283.78162,23.4,Aalborg
2026-06-06 20:00:00+00:00,10.339,94.0,0.2,1002.27075,38.0,19.14816,283.78162,23.4,Aalborg
2026-06-06 21:00:00+00:00,10.339,94.0,0.2,1002.27075,38.0,19.14816,283.78162,23.4,Aalborg
2026-06-06 22:00:00+00:00,10.339,94.0,0.2,1002.27075,38.0,19.14816,283.78162,23.4,Aalborg
2026-06-06 23:00:00+00:00,10.339,94.0,0.2,1002.27075,38.0,19.14816,283.78162,23.4,Aalborg
2026-06-07 00:00:00+00:00,10.339,94.0,0.2,1002.27075,38.0,19.14816,283.78162,23.4,Aalborg
2026-06-07 01:00:00+00:00,10.339,94.0,0.2,1002.27075,38.0,19.14816,283.78162,23.4,Aalborg
2026-06-07 02:00:00+00:00,10.339,94.0,0.2,1002.27075,38.0,19.14816,283.78162,23.4,Aalborg
2026-06-07 03:00:00+00:00,10.339,94.0,0.2,1002.27075,38.0,19.14816,283.78162,23.4,Aalborg
2026-06-07 04:00:00+00:00,10.339,94.0,0.2,1002.27075,38.0,19.14816,283.78162,23.4,Aalborg
2026-06-07 05:00:00+00:00,10.339,94.0,0.2,1002.27075,38.0,19.14816,283.78162,23.4,Aalborg
2026-06-07 06:00:00+00:00,10.339,94.0,0.2,1002.27075,38.0,19.14816,283.78162,23.4,Aalborg
2026-06-07 07:00:00+00:00,10.339,94.0,0.2,1002.27075,38.0,19.14816,283.78162,23.4,Aalborg
2026-06-07 08:00:00+00:00,10.339,94.0,0.2,1002.27075,38.0,19.14816,283.78162,23.4,Aalborg
2026-06-07 09:00:00+00:00,10.339,94.0,0.2,1002.27075,38.0,19.14816,283.78162,23.4,Aalborg
2026-06-07 10:00:00+00:00,10.339,94.0,0.2,1002.27075,38.0,19.14816,283.78162,23.4,Aalborg
2026-06-07 11:00:00+00:00,10.339,94.0,0.2,1002.27075,38.0,19.14816,283.78162,23.4,Aalborg
2026-06-07 12:00:00+00:00,10.339,94.0,0.2,1002.27075,38.0,19.14816,283.78162,23.4,Aalborg
2026-06-07 13:00:00+00:00,10.339,94.0,0.2,1002.27075,38.0,19.14816,283.78162,23.4,Aalborg
2026-06-07 14:00:00+00:00,10.339,94.0,0.2,1002.27075,38.0,19.14816,283.78162,23.4,Aalborg
2026-06-07 15:00:00+00:00,10.339,94.0,0.2,1002.27075,38.0,19.14816,283.78162,23.4,Aalborg
2026-06-07 16:00:00+00:00,10.339,94.0,0.2,1002.27075,38.0,19.14816,283.78162,23.4,Aalborg
2026-06-07 17:00:00+00:00,10.339,94.0,0.2,1002.27075,38.0,19.14816,283.78162,23.4,Aalborg
2026-06-07 18:00:00+00:00,10.339,94.0,0.2,1002.27075,38.0,19.14816,283.78162,23.4,Aalborg
2026-06-07 19:00:00+00:00,10.339,94.0,0.2,1002.27075,38.0,19.14816,283.78162,23.4,Aalborg
2026-06-07 20:00:00+00:00,10.339,94.0,0.2,1002.27075,38.0,19.14816,283.78162,23.4,Aalborg
2026-06-07 21:00:00+00:00,10.339,94.0,0.2,1002.27075,38.0,19.14816,283.78162,23.4,Aalborg
2026-06-07 22:00:00+00:00,10.339,94.0,0.2,1002.27075,38.0,19.14816,283.78162,23.4,Aalborg
2026-06-07 23:00:00+00:00,10.339,94.0,0.2,1002.27075,38.0,19.14816,283.78162,23.4,Aalborg
2026-06-08 00:00:00+00:00,10.339,94.0,0.2,1002.27075,38.0,19.14816,283.78162,23.4,Aalborg
2026-06-08 01:00:00+00:00,10.339,94.0,0.2,1002.27075,38.0,19.14816,283.78162,23.4,Aalborg
2026-06-08 02:00:00+00:00,10.339,94.0,0.2,1002.27075,38.0,19.14816,283.78162,23.4,Aalborg
2026-06-08 03:00:00+00:00,10.339,94.0,0.2,1002.27075,38.0,19.14816,283.78162,23.4,Aalborg
2026-06-08 04:00:00+00:00,10.339,94.0,0.2,1002.27075,38.0,19.14816,283.78162,23.4,Aalborg
2026-06-08 05:00:00+00:00,10.339,94.0,0.2,1002.27075,38.0,19.14816,283.78162,23.4,Aalborg
2026-06-08 06:00:00+00:00,10.339,94.0,0.2,1002.27075,38.0,19.14816,283.78162,23.4,Aalborg
2026-06-08 07:00:00+00:00,10.339,94.0,0.2,1002.27075,38.0,19.14816,283.78162,23.4,Aalborg
2026-06-08 08:00:00+00:00,10.339,94.0,0.2,1002.27075,38.0,19.14816,283.78162,23.4,Aalborg
2026-06-08 09:00:00+00:00,10.339,94.0,0.2,1002.27075,38.0,19.14816,283.78162,23.4,Aalborg
2026-06-08 10:00:00+00:00,10.339,94.0,0.2,1002.27075,38.0,19.14816,283.78162,23.4,Aalborg
2026-06-08 11:00:00+00:00,10.339,94.0,0.2,1002.27075,38.0,19.14816,283.78162,23.4,Aalborg
2026-06-08 12:00:00+00:00,10.339,94.0,0.2,1002.27075,38.0,19.14816,283.78162,23.4,Aalborg
2026-06-08 13:00:00+00:00,10.339,94.0,0.2,1002.27075,38.0,19.14816,283.78162,23.4,Aalborg
2026-06-08 14:00:00+00:00,10.339,94.0,0.2,1002.27075,38.0,19.14816,283.78162,23.4,Aalborg
2026-06-08 15:00:00+00:00,10.339,94.0,0.2,1002.27075,38.0,19.14816,283.78162,23.4,Aalborg
2026-06-08 16:00:00+00:00,10.339,94.0,0.2,1002.27075,38.0,19.14816,283.78162,23.4,Aalborg
2026-06-08 17:00:00+00:00,10.339,94.0,0.2,1002.27075,38.0,19.14816,283.78162,23.4,Aalborg
2026-06-08 18:00:00+00:00,10.339,94.0,0.2,1002.27075,38.0,19.14816,283.78162,23.4,Aalborg
2026-06-08 19:00:00+00:00,10.339,94.0,0.2,1002.27075,38.0,19.14816,283.78162,23.4,Aalborg
2026-06-08 20:00:00+00:00,10.339,94.0,0.2,1002.27075,38.0,19.14816,283.78162,23.4,Aalborg
2026-06-08 21:00:00+00:00,10.339,94.0,0.2,1002.27075,38.0,19.14816,283.78162,23.4,Aalborg
2026-06-08 22:00:00+00:00,10.339,94.0,0.2,1002.27075,38.0,19.14816,283.78162,23.4,Aalborg
2026-06-08 23:00:00+00:00,10.339,94.0,0.2,1002.27075,38.0,19.14816,283.78162,23.4,Aalborg
2026-06-09 00:00:00+00:00,10.339,94.0,0.2,1002.27075,38.0,19.14816,283.78162,23.4,Aalborg
2026-06-09 01:00:00+00:00,10.339,94.0,0.2,1002.27075,38.0,19.14816,283.78162,23.4,Aalborg
2026-06-09 02:00:00+00:00,10.339,94.0,0.2,1002.27075,38.0,19.14816,283.78162,23.4,Aalborg
2026-06-09 03:00:00+00:00,10.339,94.0,0.2,1002.27075,38.0,19.14816,283.78162,23.4,Aalborg
2026-06-09 04:00:00+00:00,10.339,94.0,0.2,1002.27075,38.0,19.14816,283.78162,23.4,Aalborg
2026-06-09 05:00:00+00:00,10.339,94.0,0.2,1002.27075,38.0,19.14816,283.78162,23.4,Aalborg
2026-06-09 06:00:00+00:00,10.339,94.0,0.2,1002.27075,38.0,19.14816,283.78162,23.4,Aalborg
2026-06-09 07:00:00+00:00,10.339,94.0,0.2,1002.27075,38.0,19.14816,283.78162,23.4,Aalborg
2026-06-09 08:00:00+00:00,10.339,94.0,0.2,1002.27075,38.0,19.14816,283.78162,23.4,Aalborg
2026-06-09 09:00:00+00:00,10.339,94.0,0.2,1002.27075,38.0,19.14816,283.78162,23.4,Aalborg
2026-06-09 10:00:00+00:00,10.339,94.0,0.2,1002.27075,38.0,19.14816,283.78162,23.4,Aalborg
2026-06-09 11:00:00+00:00,10.339,94.0,0.2,1002.27075,38.0,19.14816,283.78162,23.4,Aalborg
2026-06-09 12:00:00+00:00,10.339,94.0,0.2,1002.27075,38.0,19.14816,283.78162,23.4,Aalborg
2026-06-09 13:00:00+00:00,10.339,94.0,0.2,1002.27075,38.0,19.14816,283.78162,23.4,Aalborg
2026-06-09 14:00:00+00:00,10.339,94.0,0.2,1002.27075,38.0,19.14816,283.78162,23.4,Aalborg
2026-06-09 15:00:00+00:00,10.339,94.0,0.2,1002.27075,38.0,19.14816,283.78162,23.4,Aalborg
2026-06-09 16:00:00+00:00,10.339,94.0,0.2,1002.27075,38.0,19.14816,283.78162,23.4,Aalborg
2026-06-09 17:00:00+00:00,10.339,94.0,0.2,1002.27075,38.0,19.14816,283.78162,23.4,Aalborg
2026-06-09 18:00:00+00:00,10.339,94.0,0.2,1002.27075,38.0,19.14816,283.78162,23.4,Aalborg
2026-06-09 19:00:00+00:00,10.339,94.0,0.2,1002.27075,38.0,19.14816,283.78162,23.4,Aalborg
2026-06-09 20:00:00+00:00,10.339,94.0,0.2,1002.27075,38.0,19.14816,283.78162,23.4,Aalborg
2026-06-09 21:00:00+00:00,10.339,94.0,0.2,1002.27075,38.0,19.14816,283.78162,23.4,Aalborg
2026-06-09 22:00:00+00:00,10.339,94.0,0.2,1002.27075,38.0,19.14816,283.78162,23.4,Aalborg
2026-06-09 23:00:00+00:00,10.339,94.0,0.2,1002.27075,38.0,19.14816,283.78162,23.4,Aalborg
2026-06-10 00:00:00+00:00,10.339,94.0,0.2,1002.27075,38.0,19.14816,283.78162,23.4,Aalborg
2026-06-10 01:00:00+00:00,10.339,94.0,0.2,1002.27075,38.0,19.14816,283.78162,23.4,Aalborg
2026-06-10 02:00:00+00:00,10.339,94.0,0.2,1002.27075,38.0,19.14816,283.78162,23.4,Aalborg
2026-06-10 03:00:00+00:00,10.339,94.0,0.2,1002.27075,38.0,19.14816,283.78162,23.4,Aalborg
2026-06-10 04:00:00+00:00,10.339,94.0,0.2,1002.27075,38.0,19.14816,283.78162,23.4,Aalborg
2026-06-10 05:00:00+00:00,10.339,94.0,0.2,1002.27075,38.0,19.14816,283.78162,23.4,Aalborg
2026-06-10 06:00:00+00:00,10.339,94.0,0.2,1002.27075,38.0,19.14816,283.78162,23.4,Aalborg
2026-06-10 07:00:00+00:00,10.339,94.0,0.2,1002.27075,38.0,19.14816,283.78162,23.4,Aalborg
2026-06-10 08:00:00+00:00,10.339,94.0,0.2,1002.27075,38.0,19.14816,283.78162,23.4,Aalborg
2026-06-10 09:00:00+00:00,10.339,94.0,0.2,1002.27075,38.0,19.14816,283.78162,23.4,Aalborg
2026-06-10 10:00:00+00:00,10.339,94.0,0.2,1002.27075,38.0,19.14816,283.78162,23.4,Aalborg
2026-06-10 11:00:00+00:00,10.339,94.0,0.2,1002.27075,38.0,19.14816,283.78162,23.4,Aalborg
2026-06-10 12:00:00+00:00,10.339,94.0,0.2,1002.27075,38.0,19.14816,283.78162,23.4,Aalborg
2026-06-10 13:00:00+00:00,10.339,94.0,0.2,1002.27075,38.0,19.14816,283.78162,23.4,Aalborg
2026-06-10 14:00:00+00:00,10.339,94.0,0.2,1002.27075,38.0,19.14816,283.78162,23.4,Aalborg
2026-06-10 15:00:00+00:00,10.339,94.0,0.2,1002.27075,38.0,19.14816,283.78162,23.4,Aalborg
2026-06-10 16:00:00+00:00,10.339,94.0,0.2,1002.27075,38.0,19.14816,283.78162,23.4,Aalborg
2026-06-10 17:00:00+00:00,10.339,94.0,0.2,1002.27075,38.0,19.14816,283.78162,23.4,Aalborg
2026-06-10 18:00:00+00:00,10.339,94.0,0.2,1002.27075,38.0,19.14816,283.78162,23.4,Aalborg
2026-06-10 19:00:00+00:00,10.339,94.0,0.2,1002.27075,38.0,19.14816,283.78162,23.4,Aalborg
2026-06-10 20:00:00+00:00,10.339,94.0,0.2,1002.27075,38.0,19.14816,283.78162,23.4,Aalborg
2026-06-10 21:00:00+00:00,10.339,94.0,0.2,1002.27075,38.0,19.14816,283.78162,23.4,Aalborg
2026-06-10 22:00:00+00:00,10.339,94.0,0.2,1002.27075,38.0,19.14816,283.78162,23.4,Aalborg
2026-06-10 23:00:00+00:00,10.339,94.0,0.2,1002.27075,38.0,19.14816,283.78162,23.4,Aalborg
2026-06-11 00:00:00+00:00,10.339,94.0,0.2,1002.27075,38.0,19.14816,283.78162,23.4,Aalborg
2026-06-11 01:00:00+00:00,10.339,94.0,0.2,1002.27075,38.0,19.14816,283.78162,23.4,Aalborg
2026-06-11 02:00:00+00:00,10.339,94.0,0.2,1002.27075,38.0,19.14816,283.78162,23.4,Aalborg
2026-06-11 03:00:00+00:00,10.339,94.0,0.2,1002.27075,38.0,19.14816,283.78162,23.4,Aalborg
2026-06-11 04:00:00+00:00,10.339,94.0,0.2,1002.27075,38.0,19.14816,283.78162,23.4,Aalborg
2026-06-11 05:00:00+00:00,10.339,94.0,0.2,1002.27075,38.0,19.14816,283.78162,23.4,Aalborg
2026-06-11 06:00:00+00:00,10.339,94.0,0.2,1002.27075,38.0,19.14816,283.78162,23.4,Aalborg
2026-06-11 07:00:00+00:00,10.339,94.0,0.2,1002.27075,38.0,19.14816,283.78162,23.4,Aalborg
2026-06-11 08:00:00+00:00,10.339,94.0,0.2,1002.27075,38.0,19.14816,283.78162,23.4,Aalborg
2026-06-11 09:00:00+00:00,10.339,94.0,0.2,1002.27075,38.0,19.14816,283.78162,23.4,Aalborg
2026-06-11 10:00:00+00:00,10.339,94.0,0.2,1002.27075,38.0,19.14816,283.78162,23.4,Aalborg
2026-06-11 11:00:00+00:00,10.339,94.0,0.2,1002.27075,38.0,19.14816,283.78162,23.4,Aalborg
2026-06-11 12:00:00+00:00,10.339,94.0,0.2,1002.27075,38.0,19.14816,283.78162,23.4,Aalborg
2026-06-11 13:00:00+00:00,10.339,94.0,0.2,1002.27075,38.0,19.14816,283.78162,23.4,Aalborg
2026-06-11 14:00:00+00:00,10.339,94.0,0.2,1002.27075,38.0,19.14816,283.78162,23.4,Aalborg
2026-06-11 15:00:00+00:00,10.339,94.0,0.2,1002.27075,38.0,19.14816,283.78162,23.4,Aalborg
2026-06-11 16:00:00+00:00,10.339,94.0,0.2,1002.27075,38.0,19.14816,283.78162,23.4,Aalborg
2026-06-11 17:00:00+00:00,10.339,94.0,0.2,1002.27075,38.0,19.14816,283.78162,23.4,Aalborg
2026-06-11 18:00:00+00:00,10.339,94.0,0.2,1002.27075,38.0,19.14816,283.78162,23.4,Aalborg
2026-06-11 19:00:00+00:00,10.339,94.0,0.2,1002.27075,38.0,19.14816,283.78162,23.4,Aalborg
2026-06-11 20:00:00+00:00,10.339,94.0,0.2,1002.27075,38.0,19.14816,283.78162,23.4,Aalborg
2026-06-11 21:00:00+00:00,10.339,94.0,0.2,1002.27075,38.0,19.14816,283.78162,23.4,Aalborg
2026-06-11 22:00:00+00:00,10.339,94.0,0.2,1002.27075,38.0,19.14816,283.78162,23.4,Aalborg
2026-06-11 23:00:00+00:00,10.339,94.0,0.2,1002.27075,38.0,19.14816,283.78162,23.4,Aalborg
2026-06-12 00:00:00+00:00,10.339,94.0,0.2,1002.27075,38.0,19.14816,283.78162,23.4,Aalborg
2026-06-12 01:00:00+00:00,10.339,94.0,0.2,1002.27075,38.0,19.14816,283.78162,23.4,Aalborg
2026-06-12 02:00:00+00:00,10.339,94.0,0.2,1002.27075,38.0,19.14816,283.78162,23.4,Aalborg
2026-06-12 03:00:00+00:00,10.339,94.0,0.2,1002.27075,38.0,19.14816,283.78162,23.4,Aalborg
2026-06-12 04:00:00+00:00,10.339,94.0,0.2,1002.27075,38.0,19.14816,283.78162,23.4,Aalborg
2026-06-12 05:00:00+00:00,10.339,94.0,0.2,1002.27075,38.0,19.14816,283.78162,23.4,Aalborg
2026-06-12 06:00:00+00:00,10.339,94.0,0.2,1002.27075,38.0,19.14816,283.78162,23.4,Aalborg
2026-06-12 07:00:00+00:00,10.339,94.0,0.2,1002.27075,38.0,19.14816,283.78162,23.4,Aalborg
2026-06-12 08:00:00+00:00,10.339,94.0,0.2,1002.27075,38.0,19.14816,283.78162,23.4,Aalborg
2026-06-12 09:00:00+00:00,10.339,94.0,0.2,1002.27075,38.0,19.14816,283.78162,23.4,Aalborg
2026-06-12 10:00:00+00:00,10.339,94.0,0.2,1002.27075,38.0,19.14816,283.78162,23.4,Aalborg
2026-06-12 11:00:00+00:00,10.339,94.0,0.2,1002.27075,38.0,19.14816,283.78162,23.4,Aalborg
2026-06-12 12:00:00+00:00,10.339,94.0,0.2,1002.27075,38.0,19.14816,283.78162,23.4,Aalborg
2026-06-12 13:00:00+00:00,10.339,94.0,0.2,1002.27075,38.0,19.14816,283.78162,23.4,Aalborg
2026-06-12 14:00:00+00:00,10.339,94.0,0.2,1002.27075,38.0,19.14816,283.78162,23.4,Aalborg
2026-06-12 15:00:00+00:00,10.339,94.0,0.2,1002.27075,38.0,19.14816,283.78162,23.4,Aalborg
2026-06-12 16:00:00+00:00,10.339,94.0,0.2,1002.27075,38.0,19.14816,283.78162,23.4,Aalborg
2026-06-12 17:00:00+00:00,10.339,94.0,0.2,1002.27075,38.0,19.14816,283.78162,23.4,Aalborg
2026-06-12 18:00:00+00:00,10.339,94.0,0.2,1002.27075,38.0,19.14816,283.78162,23.4,Aalborg
2026-06-12 19:00:00+00:00,10.339,94.0,0.2,1002.27075,38.0,19.14816,283.78162,23.4,Aalborg
2026-06-12 20:00:00+00:00,10.339,94.0,0.2,1002.27075,38.0,19.14816,283.78162,23.4,Aalborg
2026-06-12 21:00:00+00:00,10.339,94.0,0.2,1002.27075,38.0,19.14816,283.78162,23.4,Aalborg
2026-06-12 22:00:00+00:00,10.339,94.0,0.2,1002.27075,38.0,19.14816,283.78162,23.4,Aalborg
2026-06-12 23:00:00+00:00,10.339,94.0,0.2,1002.27075,38.0,19.14816,283.78162,23.4,Aalborg
2026-06-13 00:00:00+00:00,10.339,94.0,0.2,1002.27075,38.0,19.14816,283.78162,23.4,Aalborg
2026-06-13 01:00:00+00:00,10.339,94.0,0.2,1002.27075,38.0,19.14816,283.78162,23.4,Aalborg
2026-06-13 02:00:00+00:00,10.339,94.0,0.2,1002.27075,38.0,19.14816,283.78162,23.4,Aalborg
2026-06-13 03:00:00+00:00,10.339,94.0,0.2,1002.27075,38.0,19.14816,283.78162,23.4,Aalborg
2026-06-13 04:00:00+00:00,10.339,94.0,0.2,1002.27075,38.0,19.14816,283.78162,23.4,Aalborg
2026-06-13 05:00:00+00:00,10.339,94.0,0.2,1002.27075,38.0,19.14816,283.78162,23.4,Aalborg
2026-06-13 06:00:00+00:00,10.339,94.0,0.2,1002.27075,38.0,19.14816,283.78162,23.4,Aalborg
2026-06-13 07:00:00+00:00,10.339,94.0,0.2,1002.27075,38.0,19.14816,283.78162,23.4,Aalborg
2026-06-13 08:00:00+00:00,10.339,94.0,0.2,1002.27075,38.0,19.14816,283.78162,23.4,Aalborg
2026-06-13 09:00:00+00:00,10.339,94.0,0.2,1002.27075,38.0,19.14816,283.78162,23.4,Aalborg
2026-06-13 10:00:00+00:00,10.339,94.0,0.2,1002.27075,38.0,19.14816,283.78162,23.4,Aalborg
2026-06-13 11:00:00+00:00,10.339,94.0,0.2,1002.27075,38.0,19.14816,283.78162,23.4,Aalborg
2026-06-13 12:00:00+00:00,10.339,94.0,0.2,1002.27075,38.0,19.14816,283.78162,23.4,Aalborg
2026-06-13 13:00:00+00:00,10.339,94.0,0.2,1002.27075,38.0,19.14816,283.78162,23.4,Aalborg
2026-06-13 14:00:00+00:00,10.339,94.0,0.2,1002.27075,38.0,19.14816,283.78162,23.4,Aalborg
2026-06-13 15:00:00+00:00,10.339,94.0,0.2,1002.27075,38.0,19.14816,283.78162,23.4,Aalborg
2026-06-13 16:00:00+00:00,10.339,94.0,0.2,1002.27075,38.0,19.14816,283.78162,23.4,Aalborg
2026-06-13 17:00:00+00:00,10.339,94.0,0.2,1002.27075,38.0,19.14816,283.78162,23.4,Aalborg
2026-06-13 18:00:00+00:00,10.339,94.0,0.2,1002.27075,38.0,19.14816,283.78162,23.4,Aalborg
2026-06-13 19:00:00+00:00,10.339,94.0,0.2,1002.27075,38.0,19.14816,283.78162,23.4,Aalborg
2026-06-13 20:00:00+00:00,10.339,94.0,0.2,1002.27075,38.0,19.14816,283.78162,23.4,Aalborg
2026-06-13 21:00:00+00:00,10.339,94.0,0.2,1002.27075,38.0,19.14816,283.78162,23.4,Aalborg
2026-06-13 22:00:00+00:00,10.339,94.0,0.2,1002.27075,38.0,19.14816,283.78162,23.4,Aalborg
2026-06-13 23:00:00+00:00,10.339,94.0,0.2,1002.27075,38.0,19.14816,283.78162,23.4,Aalborg
2026-06-14 00:00:00+00:00,10.339,94.0,0.2,1002.27075,38.0,19.14816,283.78162,23.4,Aalborg
2026-06-14 01:00:00+00:00,10.039,95.0,0.0,1002.1694,25.0,16.73982,303.02386,20.16,Aalborg
2026-06-14 02:00:00+00:00,9.639,97.0,0.0,1002.0676,9.0,17.107214,334.48618,15.84,Aalborg
2026-06-14 03:00:00+00:00,9.688999,97.0,0.0,1002.068,6.0,19.960388,349.8754,14.04,Aalborg
2026-06-14 04:00:00+00:00,10.438999,95.0,0.0,1002.37103,32.0,19.489124,346.4641,16.56,Aalborg
2026-06-14 05:00:00+00:00,11.589,92.0,0.0,1002.7758,71.0,18.045858,333.43503,21.599998,Aalborg
2026-06-14 06:00:00+00:00,12.688999,89.0,0.0,1003.18036,97.0,18.110556,324.46225,26.64,Aalborg
2026-06-14 07:00:00+00:00,13.589,87.0,0.1,1003.4844,94.0,20.15986,328.5232,31.68,Aalborg
2026-06-14 08:00:00+00:00,14.438999,84.0,0.1,1003.6878,77.0,22.915232,334.61212,37.079998,Aalborg
2026-06-14 09:00:00+00:00,14.988999,83.0,0.1,1003.8901,67.0,25.29537,336.27957,40.68,Aalborg
2026-06-14 10:00:00+00:00,14.938999,84.0,0.4,1004.0896,74.0,25.765566,330.64233,42.12,Aalborg
2026-06-14 11:00:00+00:00,14.589,86.0,0.4,1004.2876,88.0,25.758394,322.19342,42.12,Aalborg
2026-06-14 12:00:00+00:00,14.488999,85.0,0.4,1004.4871,98.0,26.30467,316.08084,41.760002,Aalborg
2026-06-14 13:00:00+00:00,15.089,80.0,0.2,1004.58954,100.0,27.045467,315.52557,41.399998,Aalborg
2026-06-14 14:00:00+00:00,15.938999,72.0,0.2,1004.4937,100.0,27.828514,318.06656,40.32,Aalborg
2026-06-14 15:00:00+00:00,16.489,67.0,0.2,1004.49585,99.0,27.806385,317.0454,39.239998,Aalborg
2026-06-14 16:00:00+00:00,16.588999,67.0,0.0,1004.4966,99.0,27.947714,308.8845,38.519997,Aalborg
2026-06-14 17:00:00+00:00,16.389,70.0,0.0,1004.39575,99.0,29.040895,298.11313,37.44,Aalborg
2026-06-14 18:00:00+00:00,15.839,75.0,0.0,1004.29333,99.0,27.888178,291.39987,35.28,Aalborg
2026-06-14 19:00:00+00:00,14.738999,82.0,0.9,1004.1885,100.0,20.785305,291.80148,30.960001,Aalborg
2026-06-14 20:00:00+00:00,13.289,89.0,0.9,1004.0819,100.0,11.493825,301.26367,25.56,Aalborg
2026-06-14 21:00:00+00:00,12.238999,95.0,0.9,1003.7776,99.0,6.4699984,310.60123,21.96,Aalborg
2026-06-14 22:00:00+00:00,12.039,96.0,0.3,1003.27734,93.0,10.619704,277.59454,22.319998,Aalborg
2026-06-14 23:00:00+00:00,12.238999,95.0,0.3,1002.5792,83.0,21.12607,265.23645,24.48,Aalborg
2026-06-15 00:00:00+00:00,12.339,94.0,0.3,1002.08026,72.0,26.750229,265.48608,25.56,Aalborg
2026-06-15 01:00:00+00:00,11.988999,95.0,0.0,1001.87885,57.0,21.893082,276.4415,23.759998,Aalborg
2026-06-15 02:00:00+00:00,11.539,96.0,0.0,1001.7768,41.0,15.01853,307.40543,20.519999,Aalborg
2026-06-15 03:00:00+00:00,11.438999,94.0,0.0,1001.87634,27.0,15.867605,341.9656,19.44,Aalborg
2026-06-15 04:00:00+00:00,12.039,88.0,0.0,1001.97906,17.0,18.306644,347.82855,21.24,Aalborg
2026-06-15 05:00:00+00:00,13.039,80.0,0.0,1002.1836,9.0,20.254297,345.9637,25.199999,Aalborg
2026-06-15 06:00:00+00:00,13.889,73.0,0.0,1002.5868,9.0,22.316391,343.55954,29.16,Aalborg
2026-06-15 07:00:00+00:00,14.339,70.0,0.0,1003.18787,21.0,24.681955,345.17346,33.839996,Aalborg
2026-06-15 08:00:00+00:00,14.639,69.0,0.0,1003.8885,41.0,27.063671,346.50424,38.88,Aalborg
2026-06-15 09:00:00+00:00,14.889,68.0,0.0,1004.48865,53.0,28.510344,346.47684,42.12,Aalborg
2026-06-15 10:00:00+00:00,15.188999,68.0,0.1,1004.98956,52.0,28.774706,344.43842,42.839996,Aalborg
2026-06-15 11:00:00+00:00,15.438999,68.0,0.1,1005.2901,44.0,27.852837,340.8802,41.760002,Aalborg
2026-06-15 12:00:00+00:00,15.688999,68.0,0.1,1005.6909,35.0,26.586334,337.49643,40.32,Aalborg
2026-06-15 13:00:00+00:00,16.039,67.0,0.1,1006.092,24.0,24.63702,333.79996,38.16,Aalborg
2026-06-15 14:00:00+00:00,16.389,66.0,0.1,1006.493,11.0,22.15304,330.5929,35.28,Aalborg
2026-06-15 15:00:00+00:00,16.489,66.0,0.1,1006.79285,2.0,20.35435,324.11777,33.12,Aalborg
2026-06-15 16:00:00+00:00,16.189,66.0,0.0,1006.9914,0.0,20.11094,317.1211,31.68,Aalborg
2026-06-15 17:00:00+00:00,15.688999,68.0,0.0,1007.0892,1.0,20.935806,309.55963,30.960001,Aalborg
2026-06-15 18:00:00+00:00,14.938999,70.0,0.0,1007.28534,2.0,21.723717,301.1224,29.88,Aalborg
2026-06-15 19:00:00+00:00,13.889,75.0,0.0,1007.5802,2.0,22.546917,290.97357,28.08,Aalborg
2026-06-15 20:00:00+00:00,12.639,82.0,0.0,1007.974,2.0,23.538074,280.30478,25.919998,Aalborg
2026-06-15 21:00:00+00:00,11.639,86.0,0.0,1008.2688,2.0,25.302671,273.17978,24.84,Aalborg
2026-06-15 22:00:00+00:00,11.039,86.0,0.0,1008.4658,2.0,27.02725,271.48782,25.919998,Aalborg
2026-06-15 23:00:00+00:00,10.639,85.0,0.0,1008.46387,2.0,28.430344,271.4144,28.08,Aalborg
2026-06-16 00:00:00+00:00,10.339,83.0,0.0,1008.4626,4.0,29.142467,272.06998,29.519999,Aalborg
2026-06-16 01:00:00+00:00,10.089,83.0,0.0,1008.3615,8.0,29.142467,272.06998,29.16,Aalborg
2026-06-16 02:00:00+00:00,9.938999,82.0,0.0,1008.0612,14.0,28.806776,272.79263,28.08,Aalborg
2026-06-16 03:00:00+00:00,10.039,81.0,0.0,1007.9617,20.0,28.475775,273.53223,28.8,Aalborg
2026-06-16 04:00:00+00:00,10.589,78.0,0.0,1007.9642,27.0,28.49955,274.23633,33.48,Aalborg
2026-06-16 05:00:00+00:00,11.389,75.0,0.0,1008.1678,34.0,28.909168,275.5721,39.96,Aalborg
2026-06-16 06:00:00+00:00,12.139,72.0,0.0,1008.371,43.0,28.559965,275.64044,44.28,Aalborg
2026-06-16 07:00:00+00:00,12.839,69.0,0.0,1008.6741,55.0,27.479017,275.12808,43.92,Aalborg
2026-06-16 08:00:00+00:00,13.488999,67.0,0.0,1008.97644,70.0,26.353771,273.05283,41.760002,Aalborg
2026-06-16 09:00:00+00:00,14.039,65.0,0.0,1009.3785,81.0,25.62421,271.5693,39.96,Aalborg
2026-06-16 10:00:00+00:00,14.389,64.0,0.0,1009.7796,89.0,25.6146,270.0,40.32,Aalborg
2026-06-16 11:00:00+00:00,14.639,64.0,0.0,1010.08044,94.0,26.318708,269.2361,41.760002,Aalborg
2026-06-16 12:00:00+00:00,14.789,64.0,0.0,1010.3806,94.0,27.038637,267.76886,42.839996,Aalborg
2026-06-16 13:00:00+00:00,14.839,64.0,0.0,1010.58075,85.0,27.775373,266.37857,43.199997,Aalborg
2026-06-16 14:00:00+00:00,14.789,64.0,0.0,1010.68024,70.0,28.877209,265.12082,43.56,Aalborg
2026-06-16 15:00:00+00:00,14.589,65.0,0.0,1010.7791,55.0,29.258413,264.4946,43.56,Aalborg
2026-06-16 16:00:00+00:00,14.139,66.0,0.0,1011.07697,40.0,29.22684,265.17932,43.92,Aalborg
2026-06-16 17:00:00+00:00,13.589,67.0,0.0,1011.374,25.0,28.475775,266.46777,43.92,Aalborg
2026-06-16 18:00:00+00:00,12.889,69.0,0.0,1011.67017,13.0,27.755419,267.10147,42.12,Aalborg
2026-06-16 19:00:00+00:00,12.039,72.0,0.0,1011.9659,5.0,27.038637,267.76886,37.079998,Aalborg
2026-06-16 20:00:00+00:00,11.139,76.0,0.0,1012.26135,0.0,25.974966,268.45187,30.239998,Aalborg
2026-06-16 21:00:00+00:00,10.389,80.0,0.0,1012.4573,2.0,25.285635,267.6141,25.199999,Aalborg
2026-06-16 22:00:00+00:00,9.889,83.0,0.0,1012.65485,16.0,25.001627,265.16968,23.039999,Aalborg
2026-06-16 23:00:00+00:00,9.539,85.0,0.0,1012.9529,36.0,24.86336,261.0695,22.68,Aalborg
2026-06-17 00:00:00+00:00,9.339,86.0,0.0,1013.0518,52.0,25.048367,258.6901,22.319998,Aalborg
2026-06-17 01:00:00+00:00,9.139,87.0,0.0,1012.9509,58.0,25.048367,258.6901,21.599998,Aalborg
2026-06-17 02:00:00+00:00,9.089,88.0,0.0,1012.75085,59.0,24.981922,259.47928,20.880001,Aalborg
2026-06-17 03:00:00+00:00,9.289,87.0,0.0,1012.7518,63.0,24.86336,261.0695,21.96,Aalborg
2026-06-17 04:00:00+00:00,9.988999,84.0,0.0,1012.95465,73.0,25.158718,261.983,25.919998,Aalborg
2026-06-17 05:00:00+00:00,10.988999,79.0,0.0,1013.359,85.0,25.070477,263.57135,31.319998,Aalborg
2026-06-17 06:00:00+00:00,11.988999,75.0,0.0,1013.66327,94.0,24.72183,263.4803,35.28,Aalborg
2026-06-17 07:00:00+00:00,12.889,72.0,0.0,1013.86725,97.0,23.372728,262.23492,36.0,Aalborg
2026-06-17 08:00:00+00:00,13.738999,69.0,0.0,1014.17096,98.0,21.749205,259.7779,35.28,Aalborg
2026-06-17 09:00:00+00:00,14.488999,68.0,0.0,1014.2743,98.0,19.914072,255.71887,34.2,Aalborg
2026-06-17 10:00:00+00:00,15.039,68.0,0.0,1014.3768,99.0,18.198719,250.86626,33.48,Aalborg
2026-06-17 11:00:00+00:00,15.488999,69.0,0.0,1014.37866,99.0,16.476652,243.43501,32.399998,Aalborg
2026-06-17 12:00:00+00:00,15.789,70.0,0.0,1014.27997,99.0,15.47478,237.0306,31.319998,Aalborg
2026-06-17 13:00:00+00:00,16.039,71.0,0.1,1014.18146,99.0,15.01853,232.59457,29.88,Aalborg
2026-06-17 14:00:00+00:00,16.189,72.0,0.1,1013.9823,100.0,15.153193,227.81563,28.08,Aalborg
2026-06-17 15:00:00+00:00,16.139,75.0,0.1,1013.6824,100.0,15.680278,220.46214,26.64,Aalborg
2026-06-17 16:00:00+00:00,15.688999,80.0,0.3,1013.3809,100.0,17.891691,205.55992,25.199999,Aalborg
2026-06-17 17:00:00+00:00,14.988999,86.0,0.3,1012.9782,99.0,21.61861,193.13403,24.119999,Aalborg
2026-06-17 18:00:00+00:00,14.488999,91.0,0.3,1012.5766,99.0,24.01704,191.80241,23.759998,Aalborg
2026-06-17 19:00:00+00:00,14.488999,94.0,1.0,1012.17706,99.0,23.699673,205.42683,24.48,Aalborg
2026-06-17 20:00:00+00:00,14.688999,96.0,1.0,1011.8784,100.0,24.33533,227.33734,25.919998,Aalborg
2026-06-17 21:00:00+00:00,14.789,97.0,1.0,1011.67896,100.0,26.676487,243.43501,27.0,Aalborg
2026-06-17 22:00:00+00:00,14.589,97.0,0.0,1011.87775,100.0,27.08868,253.44284,27.72,Aalborg
2026-06-17 23:00:00+00:00,14.289,97.0,0.0,1012.1761,100.0,26.201496,262.30405,28.08,Aalborg
2026-06-18 00:00:00+00:00,14.0,95.551186,0.0,1012.47437,100.0,25.499582,266.0549,29.16,Aalborg
2026-06-18 01:00:00+00:00,13.75,95.54272,0.0,1012.6729,100.0,24.394073,262.9773,28.44,Aalborg
2026-06-18 02:00:00+00:00,13.75,95.23113,0.0,1012.6729,95.0,24.511768,256.75946,27.0,Aalborg
2026-06-18 03:00:00+00:00,13.75,94.92045,0.0,1012.77277,80.0,26.837536,258.6901,29.519999,Aalborg
2026-06-18 04:00:00+00:00,14.0,93.69853,0.0,1013.0736,100.0,26.17858,262.68457,30.960001,Aalborg
2026-06-18 05:00:00+00:00,14.35,92.19934,0.0,1013.0753,46.0,23.796234,261.09332,30.239998,Aalborg
2026-06-18 06:00:00+00:00,15.35,85.60517,0.0,1013.57904,44.0,26.299988,256.89078,36.719997,Aalborg
2026-06-18 07:00:00+00:00,16.15,79.75377,0.1,1013.7826,74.0,27.987333,262.07315,41.399998,Aalborg
2026-06-18 08:00:00+00:00,16.7,78.28159,0.2,1013.9845,63.0,28.311544,262.52277,41.399998,Aalborg
2026-06-18 09:00:00+00:00,17.35,74.14748,0.3,1014.38727,39.0,30.400183,260.70084,45.719997,Aalborg
2026-06-18 10:00:00+00:00,18.35,67.156166,0.0,1014.4916,22.0,28.151821,259.9507,46.44,Aalborg
2026-06-18 11:00:00+00:00,18.95,63.000187,0.0,1014.594,64.0,29.142992,258.89304,46.44,Aalborg
2026-06-18 12:00:00+00:00,19.7,61.328083,0.0,1014.99695,30.0,26.659174,263.57663,46.8,Aalborg
2026-06-18 13:00:00+00:00,19.95,58.23317,0.0,1014.79803,48.0,27.202068,263.33344,43.56,Aalborg
2026-06-18 14:00:00+00:00,19.85,57.8248,0.0,1014.8977,34.0,27.987333,262.07315,43.56,Aalborg
2026-06-18 15:00:00+00:00,19.55,60.690002,0.0,1014.8964,2.0,25.730299,261.3727,43.199997,Aalborg
2026-06-18 16:00:00+00:00,19.15,61.20039,0.0,1014.7947,0.0,21.891678,260.31128,39.6,Aalborg
2026-06-18 17:00:00+00:00,18.8,61.729313,0.0,1014.8929,0.0,21.058943,259.43903,33.48,Aalborg
2026-06-18 18:00:00+00:00,18.4,65.85309,0.0,1015.09106,0.0,20.219316,254.39598,30.239998,Aalborg
2026-06-18 19:00:00+00:00,17.4,72.236336,0.0,1015.08636,13.0,17.37589,253.57774,23.759998,Aalborg
2026-06-18 20:00:00+00:00,16.25,78.47154,0.0,1014.9814,92.0,16.887192,246.09795,17.28,Aalborg
2026-06-18 21:00:00+00:00,15.5,80.983444,0.0,1015.27747,100.0,16.97808,246.87912,15.4800005,Aalborg
2026-06-18 22:00:00+00:00,14.9,83.0655,0.0,1015.1751,45.0,12.719276,245.55606,14.759999,Aalborg
2026-06-18 23:00:00+00:00,14.65,83.035416,0.0,1015.17377,6.0,13.648476,223.95847,11.159999,Aalborg
2026-06-19 00:00:00+00:00,14.1,83.797005,0.0,1014.87164,9.0,15.787871,194.80843,12.959999,Aalborg
2026-06-19 01:00:00+00:00,14.15,82.7007,0.0,1014.3726,0.0,21.580137,180.4658,18.72,Aalborg
2026-06-19 02:00:00+00:00,14.05,86.32007,0.0,1014.0723,7.0,21.579422,180.0,19.8,Aalborg
2026-06-19 03:00:00+00:00,14.2,89.807655,0.0,1014.1729,22.0,21.76123,187.41139,19.08,Aalborg
2026-06-19 04:00:00+00:00,15.05,91.345406,0.0,1014.3768,18.0,19.4203,202.8588,19.44,Aalborg
2026-06-19 05:00:00+00:00,16.05,92.000656,0.0,1014.581,4.0,19.562424,214.40273,18.359999,Aalborg
2026-06-19 06:00:00+00:00,17.7,88.356514,0.0,1014.6884,0.0,12.46012,212.34741,16.199999,Aalborg
2026-06-19 07:00:00+00:00,19.1,83.29371,0.0,1014.5946,0.0,9.888793,205.2011,18.72,Aalborg
2026-06-19 08:00:00+00:00,20.5,78.08861,0.0,1014.40125,2.0,10.127149,194.03627,20.16,Aalborg
2026-06-19 09:00:00+00:00,21.9,73.03968,0.0,1014.4073,100.0,16.038359,210.21124,28.8,Aalborg
2026-06-19 10:00:00+00:00,22.65,70.44769,0.0,1014.4107,82.0,13.513625,209.56026,27.72,Aalborg
2026-06-19 11:00:00+00:00,23.5,66.70551,0.0,1014.11456,54.0,16.203516,199.61218,26.28,Aalborg
2026-06-19 12:00:00+00:00,24.6,60.490646,0.0,1014.21924,2.0,15.510542,217.64769,28.08,Aalborg
2026-06-19 13:00:00+00:00,25.05,57.772736,0.0,1013.9216,50.0,15.896674,227.68384,27.359999,Aalborg
2026-06-19 14:00:00+00:00,25.3,58.201897,0.0,1013.723,30.0,16.555857,229.72806,27.359999,Aalborg
2026-06-19 15:00:00+00:00,25.4,60.292175,0.0,1013.32385,17.0,15.531364,228.2053,28.8,Aalborg
2026-06-19 16:00:00+00:00,25.5,59.74561,0.0,1013.22424,21.0,15.167403,221.24817,24.48,Aalborg
2026-06-19 17:00:00+00:00,24.9,65.94836,0.0,1012.8222,21.0,15.618321,194.97292,24.119999,Aalborg
2026-06-19 18:00:00+00:00,23.85,79.0637,0.0,1012.8179,21.0,19.238768,170.02235,21.24,Aalborg
2026-06-19 19:00:00+00:00,22.9,81.67813,0.0,1012.7138,13.0,24.1353,162.22351,25.199999,Aalborg
2026-06-19 20:00:00+00:00,21.85,83.349976,0.0,1012.90924,9.0,27.222994,172.96667,26.64,Aalborg
2026-06-19 21:00:00+00:00,21.3,85.398224,0.0,1013.1063,14.0,26.506332,181.89647,27.359999,Aalborg
2026-06-19 22:00:00+00:00,21.0,86.17292,0.0,1013.20496,92.0,28.441166,182.12105,27.0,Aalborg
2026-06-19 23:00:00+00:00,20.65,85.33138,0.0,1013.20337,97.0,28.368565,174.67734,28.8,Aalborg
2026-06-20 00:00:00+00:00,20.05,85.80887,0.0,1012.4019,34.0,29.478512,171.09836,29.519999,Aalborg
2026-06-20 01:00:00+00:00,20.05,85.80887,0.0,1012.0024,53.0,29.493124,177.95464,29.88,Aalborg
2026-06-20 02:00:00+00:00,19.95,88.26585,0.1,1011.9018,39.0,33.962505,197.12457,37.44,Aalborg
2026-06-20 03:00:00+00:00,18.8,92.45265,0.1,1012.69574,98.0,38.085564,194.67644,43.56,Aalborg
2026-06-20 04:00:00+00:00,19.25,90.177734,0.5,1012.19867,100.0,40.717777,222.90474,48.239998,Aalborg
2026-06-20 05:00:00+00:00,18.8,95.10998,2.3,1012.19635,99.0,35.85256,225.19827,44.28,Aalborg
2026-06-20 06:00:00+00:00,19.9,94.55836,0.3,1013.3,100.0,23.950949,223.51605,36.0,Aalborg
2026-06-20 07:00:00+00:00,19.3,96.02542,1.2,1013.09753,100.0,19.930294,233.23088,23.039999,Aalborg
2026-06-20 08:00:00+00:00,19.8,95.44342,0.5,1013.3993,96.0,21.424103,238.39255,20.880001,Aalborg
2026-06-20 09:00:00+00:00,22.3,83.401764,0.0,1014.20935,95.0,18.915268,229.51407,28.8,Aalborg
2026-06-20 10:00:00+00:00,23.4,76.10356,0.0,1014.5138,59.0,24.112331,218.2041,37.44,Aalborg
2026-06-20 11:00:00+00:00,24.15,71.17165,0.0,1014.5169,18.0,25.162388,212.47118,45.36,Aalborg
2026-06-20 12:00:00+00:00,23.9,70.018684,0.3,1014.91547,65.0,23.882093,248.90198,44.28,Aalborg
2026-06-20 13:00:00+00:00,21.7,84.38016,0.6,1014.90594,21.0,17.046835,261.11942,39.239998,Aalborg
2026-06-20 14:00:00+00:00,23.25,77.03583,0.1,1015.21234,3.0,21.953453,259.4085,35.28,Aalborg
2026-06-20 15:00:00+00:00,23.35,70.13525,0.0,1015.61206,7.0,19.477274,268.96777,36.36,Aalborg
2026-06-20 16:00:00+00:00,23.15,68.78041,0.0,1016.01056,1.0,16.567009,275.469,32.039997,Aalborg
2026-06-20 17:00:00+00:00,22.75,68.92042,0.0,1016.3086,9.0,14.492865,276.95285,28.08,Aalborg
2026-06-20 18:00:00+00:00,21.2,72.6847,0.0,1017.30066,11.0,20.221598,278.4815,23.759998,Aalborg
2026-06-20 19:00:00+00:00,20.15,76.55713,0.0,1017.79517,2.0,17.575796,266.56644,26.28,Aalborg
2026-06-20 20:00:00+00:00,19.0,80.92138,0.0,1018.4892,7.0,20.038109,266.48633,21.24,Aalborg
2026-06-20 21:00:00+00:00,17.65,87.22801,0.0,1019.0824,5.0,19.651123,277.69595,22.68,Aalborg
2026-06-20 22:00:00+00:00,16.5,91.437836,0.0,1019.77637,27.0,19.238766,276.2824,22.319998,Aalborg
2026-06-20 23:00:00+00:00,15.65,93.77627,0.0,1020.37146,80.0,21.413326,277.5325,25.199999,Aalborg
2026-06-21 00:00:00+00:00,14.9,94.04568,0.0,1020.6679,92.0,24.34102,283.3351,26.64,Aalborg
2026-06-21 01:00:00+00:00,14.65,87.80739,0.0,1021.0661,98.0,25.45065,285.18588,28.08,Aalborg
2026-06-21 02:00:00+00:00,14.15,85.762665,0.0,1021.2636,98.0,25.196615,289.9491,27.359999,Aalborg
2026-06-21 03:00:00+00:00,13.85,88.31605,0.0,1021.86115,45.0,24.913446,289.32822,26.28,Aalborg
2026-06-21 04:00:00+00:00,14.15,87.76279,0.0,1022.76166,3.0,24.690058,287.7913,27.72,Aalborg
2026-06-21 05:00:00+00:00,14.9,82.79249,0.0,1022.96497,2.0,21.030422,289.49316,29.16,Aalborg
2026-06-21 06:00:00+00:00,15.8,76.36413,0.0,1023.5683,5.0,20.756407,292.88068,32.399998,Aalborg
2026-06-21 07:00:00+00:00,16.5,68.11882,0.0,1023.971,0.0,22.283262,296.1615,35.28,Aalborg
2026-06-21 08:00:00+00:00,17.15,61.55206,0.0,1024.5731,0.0,22.697945,299.14053,36.719997,Aalborg
2026-06-21 09:00:00+00:00,17.7,54.833473,0.0,1025.3745,0.0,23.005049,298.71497,38.16,Aalborg
2026-06-21 10:00:00+00:00,18.15,51.700974,0.0,1025.6761,0.0,23.943235,298.4428,40.32,Aalborg
2026-06-21 11:00:00+00:00,18.55,49.570515,0.0,1025.5781,0.0,24.25234,298.048,41.039997,Aalborg
2026-06-21 12:00:00+00:00,19.05,47.719772,0.0,1025.88,0.0,24.198343,299.5387,42.12,Aalborg
2026-06-21 13:00:00+00:00,19.05,48.20967,0.0,1025.7802,0.0,28.102573,301.20908,44.639996,Aalborg
2026-06-21 14:00:00+00:00,18.8,50.316948,0.0,1025.679,0.0,30.902285,300.35,47.88,Aalborg
2026-06-21 15:00:00+00:00,18.6,50.434017,0.0,1025.8777,0.0,31.031502,293.66647,47.88,Aalborg
2026-06-21 16:00:00+00:00,18.3,51.04286,0.0,1025.9764,0.0,28.849485,288.43503,46.44,Aalborg
2026-06-21 17:00:00+00:00,17.8,54.305035,0.0,1025.7744,0.0,27.57518,284.74362,42.839996,Aalborg
2026-06-21 18:00:00+00:00,17.35,57.20659,0.0,1026.0721,0.0,27.181694,281.16483,40.32,Aalborg
2026-06-21 19:00:00+00:00,16.35,66.07249,0.0,1026.0673,2.0,27.007885,276.3401,37.8,Aalborg
2026-06-21 20:00:00+00:00,15.25,76.27568,0.0,1026.1624,51.0,25.62421,271.5693,33.48,Aalborg
2026-06-21 21:00:00+00:00,14.4,83.83171,0.0,1026.4579,59.0,24.9153,269.19308,29.88,Aalborg
2026-06-21 22:00:00+00:00,13.9,87.16381,0.0,1026.6553,23.0,27.038637,267.76886,29.519999,Aalborg
2026-06-21 23:00:00+00:00,13.65,84.58256,0.0,1026.7538,0.0,29.131903,271.3803,32.039997,Aalborg
2026-06-22 00:00:00+00:00,13.0,85.07524,0.0,1026.5513,5.0,28.937372,280.833,32.039997,Aalborg
2026-06-22 01:00:00+00:00,12.85,87.93735,0.0,1026.251,1.0,28.220617,285.5051,31.68,Aalborg
2026-06-22 02:00:00+00:00,12.7,89.69377,0.0,1025.8507,0.0,27.545027,285.89532,30.599998,Aalborg
2026-06-22 03:00:00+00:00,12.6,89.984314,0.0,1025.6504,1.0,26.389368,291.4478,29.519999,Aalborg
2026-06-22 04:00:00+00:00,13.2,85.664406,0.0,1025.6533,0.0,24.165888,296.751,28.08,Aalborg
2026-06-22 05:00:00+00:00,14.05,77.88245,0.0,1025.757,0.0,20.723015,298.30066,29.88,Aalborg
2026-06-22 06:00:00+00:00,15.05,70.848465,0.0,1026.1614,55.0,19.890099,300.1836,32.760002,Aalborg
2026-06-22 07:00:00+00:00,15.75,66.16587,0.0,1026.3643,19.0,17.723164,301.64462,32.039997,Aalborg
2026-06-22 08:00:00+00:00,16.55,61.61913,0.0,1026.1681,100.0,15.304779,295.09622,30.599998,Aalborg
2026-06-22 09:00:00+00:00,17.25,58.351574,0.0,1025.9716,100.0,14.361655,295.31284,29.16,Aalborg
2026-06-22 10:00:00+00:00,17.7,55.957184,0.0,1026.1736,100.0,17.439547,293.7284,33.12,Aalborg
2026-06-22 11:00:00+00:00,17.8,55.60586,0.0,1025.9742,100.0,16.887192,299.22797,33.12,Aalborg
2026-06-22 12:00:00+00:00,18.05,54.003307,0.0,1026.0753,100.0,15.918926,301.93842,32.760002,Aalborg
2026-06-22 13:00:00+00:00,18.05,53.09681,0.0,1025.8755,2.0,14.830856,297.47433,31.68,Aalborg
2026-06-22 14:00:00+00:00,18.4,52.473797,0.0,1025.3777,36.0,15.483728,289.87225,30.960001,Aalborg
2026-06-22 15:00:00+00:00,18.1,54.01628,0.0,1025.3761,13.0,18.834547,295.37152,34.56,Aalborg
2026-06-22 16:00:00+00:00,20.1045,49.0,0.0,1024.3865,35.0,19.028835,292.78244,30.599998,Aalborg
2026-06-22 17:00:00+00:00,19.8545,51.0,0.0,1023.9861,37.0,18.79938,292.49652,30.239998,Aalborg
2026-06-22 18:00:00+00:00,19.3545,56.0,0.0,1023.98376,51.0,16.756363,287.6762,28.44,Aalborg
2026-06-22 19:00:00+00:00,18.2045,65.0,0.0,1023.679,42.0,15.724382,280.93378,26.64,Aalborg
2026-06-22 20:00:00+00:00,16.9545,72.0,0.0,1023.4736,70.0,15.789822,270.0,21.599998,Aalborg
2026-06-22 21:00:00+00:00,15.7045,79.0,0.0,1023.1682,66.0,19.318596,256.34235,18.359999,Aalborg
2026-06-22 22:00:00+00:00,14.7545,82.0,0.0,1022.964,90.0,19.53172,250.58841,18.72,Aalborg
2026-06-22 23:00:00+00:00,13.9045,85.0,0.0,1022.8601,97.0,18.773165,254.27519,17.28,Aalborg
2026-06-23 00:00:00+00:00,13.6545,88.0,0.0,1022.75934,73.0,17.594177,253.19122,18.359999,Aalborg
2026-06-23 01:00:00+00:00,13.054501,89.0,0.0,1022.35706,43.0,16.97808,256.25092,16.919998,Aalborg
2026-06-23 02:00:00+00:00,12.7545,90.0,0.0,1021.9559,24.0,16.413954,259.53088,15.119999,Aalborg
2026-06-23 03:00:00+00:00,12.6045,90.0,0.0,1021.3561,39.0,14.864026,258.42484,14.4,Aalborg
2026-06-23 04:00:00+00:00,12.9045,89.0,0.0,1021.55743,51.0,15.833621,254.57777,15.4800005,Aalborg
2026-06-23 05:00:00+00:00,13.5045,87.0,0.0,1021.3602,49.0,13.100748,249.62347,19.08,Aalborg
2026-06-23 06:00:00+00:00,14.7045,80.0,0.0,1021.1663,37.0,9.924524,261.87,19.08,Aalborg
2026-06-23 07:00:00+00:00,16.5045,71.0,0.0,1020.9748,60.0,7.9434953,263.6599,19.8,Aalborg
2026-06-23 08:00:00+00:00,17.7545,65.0,0.0,1020.9803,28.0,7.0526996,264.2895,21.599998,Aalborg
2026-06-23 09:00:00+00:00,19.3045,57.0,0.0,1020.8875,16.0,8.835057,263.15732,21.96,Aalborg
2026-06-23 10:00:00+00:00,20.9545,50.0,0.0,1020.59515,20.0,11.738923,279.46225,23.759998,Aalborg
2026-06-23 11:00:00+00:00,22.654501,47.0,0.0,1020.5029,16.0,15.803462,292.86453,29.88,Aalborg
2026-06-23 12:00:00+00:00,23.3545,41.0,0.0,1020.50586,15.0,21.91416,299.23273,32.760002,Aalborg
2026-06-23 13:00:00+00:00,23.0545,47.0,0.0,1020.205,16.0,20.941687,301.29297,35.28,Aalborg
2026-06-23 14:00:00+00:00,23.2545,50.0,0.0,1020.30585,21.0,22.680307,304.91946,40.32,Aalborg
2026-06-23 15:00:00+00:00,23.2045,52.0,0.0,1020.1058,12.0,22.874897,302.47116,40.32,Aalborg
2026-06-23 16:00:00+00:00,22.8545,53.0,0.0,1019.70465,51.0,18.367912,294.85156,35.64,Aalborg
2026-06-23 17:00:00+00:00,22.1045,54.0,0.0,1019.4018,56.0,16.399881,297.38733,31.68,Aalborg
2026-06-23 18:00:00+00:00,20.9545,55.0,0.0,1019.4965,76.0,14.202173,297.19803,31.319998,Aalborg
2026-06-23 19:00:00+00:00,20.2545,56.0,0.0,1019.294,50.0,10.822113,289.90384,26.64,Aalborg
2026-06-23 20:00:00+00:00,19.7045,61.0,0.0,1018.9918,34.0,9.339737,264.61078,19.8,Aalborg
2026-06-23 21:00:00+00:00,18.7045,67.0,0.0,1018.5879,63.0,11.849836,244.57317,12.24,Aalborg
2026-06-23 22:00:00+00:00,18.0545,72.0,0.0,1018.4851,91.0,14.747607,237.63338,9.36,Aalborg
2026-06-23 23:00:00+00:00,17.8045,73.0,0.0,1018.68365,99.0,16.458897,238.51259,8.64,Aalborg
2026-06-24 00:00:00+00:00,17.4545,71.0,0.0,1018.5821,99.0,15.934388,241.74207,9.0,Aalborg
2026-06-24 01:00:00+00:00,17.3045,70.0,0.0,1017.8824,91.0,16.45235,248.08507,9.36,Aalborg
2026-06-24 02:00:00+00:00,17.0545,71.0,0.0,1017.78125,91.0,16.476652,243.43501,10.08,Aalborg
2026-06-24 03:00:00+00:00,16.7545,71.0,0.0,1017.0809,83.0,17.789902,233.017,10.440001,Aalborg
2026-06-24 04:00:00+00:00,17.0545,69.0,0.0,1016.88245,73.0,18.82474,230.67303,11.879999,Aalborg
2026-06-24 05:00:00+00:00,17.7545,68.0,0.0,1016.8856,77.0,20.960785,231.1155,12.599999,Aalborg
2026-06-24 06:00:00+00:00,18.6045,69.0,0.0,1016.48987,88.0,16.793062,237.80429,16.199999,Aalborg
2026-06-24 07:00:00+00:00,19.7545,64.0,0.0,1016.29553,95.0,16.26324,249.80557,22.68,Aalborg
2026-06-24 08:00:00+00:00,20.8045,50.0,0.0,1016.3999,93.0,18.098658,253.67307,24.119999,Aalborg
2026-06-24 09:00:00+00:00,21.7545,46.0,0.0,1016.10443,83.0,17.865866,252.27667,28.8,Aalborg
2026-06-24 10:00:00+00:00,23.3045,42.0,0.0,1016.01154,62.0,19.980425,249.97382,29.519999,Aalborg
2026-06-24 11:00:00+00:00,24.3545,46.0,0.0,1015.8162,31.0,22.990326,254.05453,30.599998,Aalborg
2026-06-24 12:00:00+00:00,25.3545,52.0,0.0,1015.62067,13.0,22.341892,256.83676,36.36,Aalborg
2026-06-24 13:00:00+00:00,25.7545,57.0,0.0,1015.6226,43.0,21.718756,260.2334,38.88,Aalborg
2026-06-24 14:00:00+00:00,26.3045,59.0,0.0,1015.52484,32.0,21.625017,266.27875,38.16,Aalborg
2026-06-24 15:00:00+00:00,26.654501,62.0,0.0,1015.4267,27.0,21.099829,273.814,38.519997,Aalborg
2026-06-24 16:00:00+00:00,26.3545,65.0,0.0,1015.2256,27.0,20.527517,269.5103,36.0,Aalborg
2026-06-24 17:00:00+00:00,26.154501,67.0,0.0,1015.0249,25.0,20.019669,272.51132,33.839996,Aalborg
2026-06-24 18:00:00+00:00,25.2045,70.0,0.0,1015.02075,38.0,20.622513,260.69803,31.68,Aalborg
2026-06-24 19:00:00+00:00,23.904501,75.0,0.0,1015.11523,59.0,21.280672,254.7034,29.16,Aalborg
2026-06-24 20:00:00+00:00,22.5545,79.0,0.0,1015.3089,36.0,23.51976,268.29022,25.919998,Aalborg
2026-06-24 21:00:00+00:00,20.8045,83.0,0.0,1015.3013,0.0,22.112015,268.6361,26.28,Aalborg
2026-06-24 22:00:00+00:00,19.154501,87.0,0.0,1015.4938,0.0,24.624521,265.91446,28.8,Aalborg
2026-06-24 23:00:00+00:00,18.1045,90.0,0.0,1015.58887,0.0,26.847858,271.1233,29.519999,Aalborg
2026-06-25 00:00:00+00:00,17.5045,89.0,0.0,1015.4864,0.0,27.962027,273.95746,30.599998,Aalborg
2026-06-25 01:00:00+00:00,16.6045,90.0,0.0,1015.4823,0.0,28.290335,273.19946,27.359999,Aalborg
2026-06-25 02:00:00+00:00,15.8545,91.0,0.0,1015.7784,0.0,29.799408,275.74405,29.16,Aalborg
2026-06-25 03:00:00+00:00,15.6545,89.0,0.0,1015.2781,22.0,27.746546,279.46225,30.599998,Aalborg
2026-06-25 04:00:00+00:00,15.8545,87.0,0.0,1015.57874,39.0,25.672215,280.23474,29.88,Aalborg
2026-06-25 05:00:00+00:00,16.2545,83.0,0.0,1015.9801,18.0,21.661993,278.85193,27.72,Aalborg
2026-06-25 06:00:00+00:00,17.3545,74.0,0.0,1016.2848,28.0,19.618986,285.0305,30.239998,Aalborg
2026-06-25 07:00:00+00:00,18.4545,67.0,0.0,1016.5892,24.0,18.113956,291.59537,29.519999,Aalborg
2026-06-25 08:00:00+00:00,19.6045,62.0,0.0,1016.99365,29.0,15.756648,288.83853,27.0,Aalborg
2026-06-25 09:00:00+00:00,20.904501,57.0,0.0,1016.8999,33.0,14.2972145,284.2068,26.64,Aalborg
2026-06-25 10:00:00+00:00,22.3045,52.0,0.0,1017.3054,15.0,14.76742,283.04562,26.64,Aalborg
2026-06-25 11:00:00+00:00,23.404501,49.0,0.0,1017.6099,18.0,15.279618,285.31287,29.88,Aalborg
2026-06-25 12:00:00+00:00,24.4545,48.0,0.0,1017.6144,14.0,16.898123,282.59332,31.68,Aalborg
2026-06-25 13:00:00+00:00,24.7045,47.0,0.0,1017.71545,13.0,18.484844,286.54306,32.399998,Aalborg
2026-06-25 14:00:00+00:00,25.1045,46.0,0.0,1017.9168,18.0,19.86455,287.47485,32.039997,Aalborg
2026-06-25 15:00:00+00:00,25.2545,47.0,0.0,1018.11725,18.0,20.773453,285.6796,32.760002,Aalborg
2026-06-25 16:00:00+00:00,24.9545,51.0,0.0,1017.8163,9.0,21.039202,286.4705,31.68,Aalborg
2026-06-25 17:00:00+00:00,24.4545,54.0,0.0,1017.71423,25.0,20.765303,283.68402,27.72,Aalborg
2026-06-25 18:00:00+00:00,23.6045,61.0,0.0,1017.91046,25.0,18.235891,281.0937,28.08,Aalborg
2026-06-25 19:00:00+00:00,22.7545,65.0,0.0,1018.0065,27.0,19.013464,274.76355,23.759998,Aalborg
2026-06-25 20:00:00+00:00,21.154501,71.0,0.0,1018.19916,30.0,18.139427,265.00635,23.4,Aalborg
2026-06-25 21:00:00+00:00,19.8545,76.0,0.0,1018.39325,0.0,20.19723,258.98294,23.039999,Aalborg
2026-06-25 22:00:00+00:00,18.404501,80.0,0.0,1018.48663,0.0,20.587406,265.60138,21.599998,Aalborg
2026-06-25 23:00:00+00:00,17.7545,85.0,0.0,1018.28375,0.0,19.34964,265.84042,21.599998,Aalborg
2026-06-26 00:00:00+00:00,17.0545,89.0,0.0,1017.88116,0.0,17.715345,262.0305,19.8,Aalborg
2026-06-26 01:00:00+00:00,16.4545,90.0,0.0,1017.77856,0.0,18.113955,261.08514,18.359999,Aalborg
2026-06-26 02:00:00+00:00,16.1045,90.0,0.0,1017.6772,0.0,15.664565,254.40712,15.84,Aalborg
2026-06-26 03:00:00+00:00,15.7545,91.0,0.0,1017.27606,38.0,16.45235,248.08507,15.84,Aalborg
2026-06-26 04:00:00+00:00,15.8545,88.0,0.0,1017.2764,16.0,18.5422,249.50732,15.84,Aalborg
2026-06-26 05:00:00+00:00,16.5045,82.0,0.0,1017.6791,23.0,17.49945,244.4626,16.199999,Aalborg
2026-06-26 06:00:00+00:00,17.904501,75.0,0.0,1018.1849,13.0,13.026528,225.5456,18.72,Aalborg
2026-06-26 07:00:00+00:00,19.7545,66.0,0.0,1017.99335,9.0,8.5751705,210.76265,17.64,Aalborg
2026-06-26 08:00:00+00:00,21.8545,54.0,0.0,1017.70306,3.0,9.180184,206.0753,19.08,Aalborg
2026-06-26 09:00:00+00:00,24.4545,46.0,0.0,1017.4146,4.0,11.849836,205.42683,19.08,Aalborg
2026-06-26 10:00:00+00:00,26.5045,41.0,0.0,1016.9241,29.0,12.141074,217.36674,24.119999,Aalborg
2026-06-26 11:00:00+00:00,27.7045,39.0,0.0,1016.4298,63.0,11.441485,215.6399,26.28,Aalborg
2026-06-26 12:00:00+00:00,28.7045,37.0,0.0,1016.3341,67.0,6.922756,261.2539,28.44,Aalborg
2026-06-26 13:00:00+00:00,29.404501,36.0,0.0,1016.1372,52.0,9.431562,226.50737,28.8,Aalborg
2026-06-26 14:00:00+00:00,30.404501,36.0,0.0,1015.74194,82.0,15.507564,201.92183,28.44,Aalborg
2026-06-26 15:00:00+00:00,31.404501,39.0,0.0,1016.04565,85.0,18.673706,206.80571,27.72,Aalborg
2026-06-26 16:00:00+00:00,31.0045,40.0,0.0,1014.8455,94.0,16.868956,206.56499,24.119999,Aalborg
2026-06-26 17:00:00+00:00,30.0545,50.0,0.0,1014.3423,87.0,12.367139,238.3393,19.44,Aalborg
2026-06-26 18:00:00+00:00,29.154501,59.0,0.0,1014.8378,88.0,7.73739,302.96942,17.64,Aalborg
2026-06-26 19:00:00+00:00,27.5045,61.0,0.0,1014.83093,82.0,1.6174996,12.528798,17.28,Aalborg
2026-06-26 20:00:00+00:00,25.5045,65.0,0.0,1014.6225,47.0,8.466804,145.9806,15.119999,Aalborg
2026-06-26 21:00:00+00:00,24.1045,67.0,0.0,1015.0159,98.0,9.496608,205.14474,11.879999,Aalborg
2026-06-26 22:00:00+00:00,23.0545,68.0,0.0,1015.3112,83.0,9.807531,222.82524,17.28,Aalborg
2026-06-26 23:00:00+00:00,22.4545,62.0,0.0,1015.2088,19.0,15.895707,217.37589,12.24,Aalborg
2026-06-27 00:00:00+00:00,21.904501,62.0,0.0,1014.80676,0.0,8.034039,148.39255,14.04,Aalborg
2026-06-27 01:00:00+00:00,21.5545,65.0,0.0,1014.8054,0.0,11.2952795,173.75818,15.84,Aalborg
2026-06-27 02:00:00+00:00,21.2545,70.0,0.0,1014.4044,4.0,13.001695,176.906,15.84,Aalborg
2026-06-27 03:00:00+00:00,20.8045,75.0,0.0,1013.8032,71.0,14.970289,169.8754,13.679999,Aalborg
2026-06-27 04:00:00+00:00,21.0545,76.0,0.0,1013.60486,63.0,19.788479,165.10126,14.04,Aalborg
2026-06-27 05:00:00+00:00,21.8545,73.0,0.0,1013.5084,57.0,14.058405,150.87604,15.4800005,Aalborg
2026-06-27 06:00:00+00:00,23.154501,67.0,0.0,1013.614,55.0,28.894262,155.61363,16.199999,Aalborg
2026-06-27 07:00:00+00:00,24.9545,60.0,0.0,1013.5217,40.0,27.871063,165.78877,16.919998,Aalborg
2026-06-27 08:00:00+00:00,27.0545,56.0,0.0,1013.53064,39.0,12.46012,170.27249,21.96,Aalborg
2026-06-27 09:00:00+00:00,29.404501,56.0,0.0,1013.5404,42.0,7.89686,91.273,27.0,Aalborg
2026-06-27 10:00:00+00:00,30.5545,51.0,0.0,1013.64514,10.0,6.833253,150.80261,28.8,Aalborg
2026-06-27 11:00:00+00:00,31.3045,49.0,0.0,1013.7481,66.0,11.509881,232.43134,28.44,Aalborg
2026-06-27 12:00:00+00:00,31.7545,51.0,0.0,1013.9498,43.0,14.084654,283.69006,29.16,Aalborg
2026-06-27 13:00:00+00:00,31.8045,51.0,0.0,1014.0497,32.0,12.282226,291.80145,28.8,Aalborg
2026-06-27 14:00:00+00:00,32.6045,50.0,0.0,1014.1531,63.0,9.403782,261.41647,26.28,Aalborg
2026-06-27 15:00:00+00:00,31.4545,52.0,0.0,1014.04834,87.0,12.911421,222.79738,22.319998,Aalborg
2026-06-27 16:00:00+00:00,30.7545,54.0,0.0,1013.34644,84.0,16.669802,239.65683,18.72,Aalborg
2026-06-27 17:00:00+00:00,30.2045,59.0,0.0,1013.1444,88.0,17.531084,283.8972,15.119999,Aalborg
2026-06-27 18:00:00+00:00,29.1045,63.0,0.0,1013.6391,85.0,9.712922,339.92838,19.08,Aalborg
2026-06-27 19:00:00+00:00,27.9545,65.0,0.0,1014.13367,84.0,8.1783285,337.28555,21.96,Aalborg
2026-06-27 20:00:00+00:00,26.8045,71.0,0.0,1014.3287,81.0,9.540263,327.77127,20.519999,Aalborg
2026-06-27 21:00:00+00:00,25.5045,77.0,0.0,1014.9221,91.0,9.117946,300.01828,16.919998,Aalborg
2026-06-27 22:00:00+00:00,24.3545,82.0,0.0,1014.8175,0.0,12.554867,303.02386,12.959999,Aalborg
2026-06-27 23:00:00+00:00,22.904501,86.0,0.0,1015.01086,78.0,14.176142,306.44452,14.4,Aalborg
2026-06-28 00:00:00+00:00,21.8045,88.0,0.0,1014.4069,0.0,11.569895,310.69543,13.679999,Aalborg
2026-06-28 01:00:00+00:00,21.154501,89.0,0.0,1014.6038,95.0,14.018939,314.49304,13.679999,Aalborg
2026-06-28 02:00:00+00:00,20.7545,90.0,0.0,1014.4021,99.0,14.842266,327.0613,12.599999,Aalborg
2026-06-28 03:00:00+00:00,20.3045,88.0,0.0,1013.90094,99.0,9.442977,305.1665,10.799999,Aalborg
2026-06-28 04:00:00+00:00,20.404501,88.0,0.0,1014.301,97.0,13.694631,177.79745,10.08,Aalborg
2026-06-28 05:00:00+00:00,19.404501,91.0,6.4,1014.5962,100.0,4.3331094,158.62932,28.44,Aalborg
2026-06-28 06:00:00+00:00,20.8045,87.0,2.0,1013.90314,90.0,11.289827,45.629517,18.0,Aalborg
2026-06-28 07:00:00+00:00,21.8045,86.0,0.0,1013.608,85.0,6.3281,133.87679,22.319998,Aalborg
2026-06-28 08:00:00+00:00,22.5045,84.0,0.0,1013.9107,96.0,8.632411,127.568665,25.199999,Aalborg
2026-06-28 09:00:00+00:00,23.8045,71.0,0.0,1013.4168,87.0,7.2972245,170.31128,27.0,Aalborg
2026-06-28 10:00:00+00:00,24.3045,66.0,0.0,1013.0194,90.0,7.9124355,176.186,18.359999,Aalborg
2026-06-28 11:00:00+00:00,24.9545,64.0,0.0,1013.2221,87.0,10.038621,185.01303,15.4800005,Aalborg
2026-06-28 12:00:00+00:00,26.404501,63.0,0.0,1013.5277,87.0,11.621656,208.88649,19.08,Aalborg
2026-06-28 13:00:00+00:00,27.0045,80.0,0.2,1013.73004,63.0,11.991849,249.44386,24.119999,Aalborg
2026-06-28 14:00:00+00:00,27.9545,82.0,0.0,1013.9339,68.0,15.590705,250.95328,24.48,Aalborg
2026-06-28 15:00:00+00:00,28.8545,61.0,0.0,1013.93774,34.0,15.943077,245.9735,24.119999,Aalborg
2026-06-28 16:00:00+00:00,28.3045,65.0,0.0,1014.3349,37.0,15.623248,245.44955,27.0,Aalborg
2026-06-28 17:00:00+00:00,28.654501,64.0,0.0,1014.0366,41.0,13.78089,238.5359,23.4,Aalborg
2026-06-28 18:00:00+00:00,27.9545,64.0,0.0,1014.4333,72.0,20.419273,252.49904,20.16,Aalborg
2026-06-28 19:00:00+00:00,27.0545,69.0,0.0,1014.4295,66.0,18.219004,254.3577,18.359999,Aalborg
2026-06-28 20:00:00+00:00,24.9545,73.0,0.0,1014.7202,70.0,22.237635,260.46344,27.0,Aalborg
2026-06-28 21:00:00+00:00,23.4545,78.0,0.0,1014.81366,2.0,24.219957,254.45361,21.96,Aalborg
2026-06-28 22:00:00+00:00,22.6045,80.0,0.0,1015.30927,1.0,24.511768,246.3706,20.519999,Aalborg
2026-06-28 23:00:00+00:00,21.8045,85.0,0.0,1015.5055,1.0,25.687197,251.6887,23.759998,Aalborg
2026-06-29 00:00:00+00:00,20.7045,87.0,0.0,1015.4008,2.0,24.18944,251.82777,28.08,Aalborg
2026-06-29 01:00:00+00:00,19.904501,90.0,0.0,1015.79675,79.0,23.30811,252.9289,28.08,Aalborg
2026-06-29 02:00:00+00:00,19.5545,92.0,0.0,1016.1947,98.0,22.267374,253.99252,29.88,Aalborg
2026-06-29 03:00:00+00:00,19.2045,90.0,0.0,1016.3929,57.0,22.902466,261.18716,31.319998,Aalborg
2026-06-29 04:00:00+00:00,18.9545,88.0,0.0,1016.9909,50.0,20.285427,264.04297,29.88,Aalborg
2026-06-29 05:00:00+00:00,19.1045,84.0,0.0,1017.1913,41.0,17.691874,262.59317,26.64,Aalborg
2026-06-29 06:00:00+00:00,20.0045,80.0,0.0,1017.2952,41.0,16.586506,259.641,23.759998,Aalborg
2026-06-29 07:00:00+00:00,20.904501,76.0,0.0,1018.29803,80.0,17.215725,267.07935,23.039999,Aalborg
2026-06-29 08:00:00+00:00,22.0045,72.0,0.0,1018.20306,81.0,20.049627,265.9859,28.44,Aalborg
2026-06-29 09:00:00+00:00,22.154501,68.0,0.0,1018.703,87.0,19.130468,268.4235,34.2,Aalborg
2026-06-29 10:00:00+00:00,22.7045,60.0,0.0,1019.10474,66.0,21.350708,276.1321,40.32,Aalborg
2026-06-29 11:00:00+00:00,23.0545,56.0,0.0,1019.6058,60.0,23.001703,277.45016,40.32,Aalborg
2026-06-29 12:00:00+00:00,23.404501,50.0,0.0,1019.7072,49.0,23.676283,276.80896,39.239998,Aalborg
2026-06-29 13:00:00+00:00,23.404501,47.0,0.0,1019.907,53.0,25.634418,277.07626,38.519997,Aalborg
2026-06-29 14:00:00+00:00,23.3045,50.0,0.0,1020.0065,50.0,28.238062,278.93552,39.96,Aalborg
2026-06-29 15:00:00+00:00,23.154501,51.0,0.0,1020.4054,24.0,29.384386,281.71243,41.039997,Aalborg
2026-06-29 16:00:00+00:00,22.6045,53.0,0.0,1020.5027,29.0,28.037878,278.63705,38.519997,Aalborg
2026-06-29 17:00:00+00:00,21.904501,59.0,0.0,1020.4995,50.0,28.19388,275.35574,38.519997,Aalborg
2026-06-29 18:00:00+00:00,21.2045,64.0,0.0,1021.0959,61.0,28.991037,273.12207,36.719997,Aalborg
2026-06-29 19:00:00+00:00,20.7045,65.0,0.0,1021.3932,29.0,30.71045,268.69064,34.2,Aalborg
2026-06-29 20:00:00+00:00,19.4545,66.0,0.0,1021.4873,32.0,25.819265,272.72626,34.56,Aalborg
2026-06-29 21:00:00+00:00,18.154501,68.0,0.0,1021.98096,34.0,25.273458,271.5911,32.039997,Aalborg
2026-06-29 22:00:00+00:00,17.2545,70.0,0.0,1022.2763,15.0,25.313007,273.57626,32.039997,Aalborg
2026-06-29 23:00:00+00:00,16.654501,71.0,0.0,1022.27374,36.0,22.130798,272.72626,31.68,Aalborg
2026-06-30 00:00:00+00:00,16.7545,75.0,0.0,1022.374,82.0,21.936623,268.62518,34.92,Aalborg
2026-06-30 01:00:00+00:00,16.6045,73.0,0.0,1022.2735,59.0,19.824999,270.0,34.92,Aalborg
2026-06-30 02:00:00+00:00,16.2545,71.0,0.0,1022.2719,52.0,19.677732,266.93356,30.960001,Aalborg
2026-06-30 03:00:00+00:00,16.0545,70.0,0.0,1022.57056,76.0,19.34964,265.84042,26.28,Aalborg
2026-06-30 04:00:00+00:00,16.0045,74.0,0.0,1022.7699,84.0,16.155954,267.5105,23.4,Aalborg
2026-06-30 05:00:00+00:00,16.6045,68.0,0.0,1022.7728,85.0,13.664254,254.3577,24.48,Aalborg
2026-06-30 06:00:00+00:00,17.1045,67.0,0.0,1022.4754,74.0,15.814168,266.82022,26.64,Aalborg
2026-06-30 07:00:00+00:00,18.154501,64.0,0.0,1022.97974,67.0,14.995969,263.956,27.359999,Aalborg
2026-06-30 08:00:00+00:00,18.904501,61.0,0.0,1023.2828,75.0,17.833965,254.59651,27.72,Aalborg
2026-06-30 09:00:00+00:00,19.9545,59.0,0.0,1023.2872,86.0,18.213936,249.1209,28.08,Aalborg
2026-06-30 10:00:00+00:00,20.5045,59.0,0.0,1023.28986,91.0,20.417765,250.9422,29.519999,Aalborg
2026-06-30 11:00:00+00:00,21.0045,62.0,0.0,1022.9925,95.0,16.963572,259.27118,26.64,Aalborg
2026-06-30 12:00:00+00:00,21.9545,56.0,0.0,1022.0978,86.0,11.769037,259.69522,27.72,Aalborg
2026-06-30 13:00:00+00:00,22.654501,55.0,0.0,1021.9012,78.0,12.083898,244.17906,27.72,Aalborg
2026-06-30 14:00:00+00:00,22.9545,55.0,0.0,1021.503,88.0,11.707417,240.36171,24.84,Aalborg
2026-06-30 15:00:00+00:00,22.5045,57.0,0.0,1021.3013,88.0,11.4844475,251.28816,23.039999,Aalborg
2026-06-30 16:00:00+00:00,22.2545,56.0,0.0,1021.2002,88.0,13.743988,284.03625,27.0,Aalborg
2026-06-30 17:00:00+00:00,21.3045,63.0,0.0,1020.89636,88.0,13.784241,312.4208,24.84,Aalborg
2026-06-30 18:00:00+00:00,21.404501,64.0,0.0,1020.69696,88.0,13.427939,331.0909,20.519999,Aalborg
2026-06-30 19:00:00+00:00,20.7045,67.0,0.0,1020.29456,79.0,12.461356,324.74356,18.72,Aalborg
2026-06-30 20:00:00+00:00,19.3045,68.0,0.0,1020.2882,86.0,11.383498,331.4601,16.919998,Aalborg
2026-06-30 21:00:00+00:00,18.3045,71.0,0.0,1019.8843,100.0,6.984726,348.40787,16.56,Aalborg
2026-06-30 22:00:00+00:00,17.8545,74.0,0.0,1020.0821,100.0,7.846025,333.43503,13.679999,Aalborg
2026-06-30 23:00:00+00:00,17.5545,77.0,0.0,1019.8811,99.0,8.935517,316.5911,10.799999,Aalborg
2026-07-01 00:00:00+00:00,17.3045,80.0,0.0,1019.4803,97.0,7.072312,277.1249,9.72,Aalborg
2026-07-01 01:00:00+00:00,16.904501,82.0,0.0,1019.27856,79.0,9.881009,276.11542,11.159999,Aalborg
2026-07-01 02:00:00+00:00,16.404501,87.0,0.0,1018.9768,22.0,11.75988,271.70978,12.959999,Aalborg
2026-07-01 03:00:00+00:00,16.154501,88.0,0.0,1018.876,61.0,13.510208,269.25595,14.04,Aalborg
2026-07-01 04:00:00+00:00,16.154501,87.0,0.0,1018.57635,45.0,15.064573,284.8455,12.24,Aalborg
2026-07-01 05:00:00+00:00,16.7545,81.0,0.0,1018.37915,37.0,14.813204,288.64963,14.4,Aalborg
2026-07-01 06:00:00+00:00,17.4545,70.0,0.0,1018.4822,14.0,10.04322,289.3846,21.599998,Aalborg
2026-07-01 07:00:00+00:00,18.404501,63.0,0.0,1018.6864,10.0,8.0187,280.08054,24.119999,Aalborg
2026-07-01 08:00:00+00:00,19.3545,56.0,0.0,1018.69055,33.0,8.772122,270.0,23.759998,Aalborg
2026-07-01 09:00:00+00:00,20.3045,52.0,0.0,1017.99567,25.0,9.744562,256.46414,24.84,Aalborg
2026-07-01 10:00:00+00:00,21.904501,51.0,0.0,1017.90283,25.0,12.127122,255.76268,28.8,Aalborg
2026-07-01 11:00:00+00:00,22.8045,48.0,0.0,1017.60736,33.0,13.581784,264.06857,32.399998,Aalborg
2026-07-01 12:00:00+00:00,23.4545,45.0,0.0,1017.51025,46.0,18.755117,287.41806,34.2,Aalborg
2026-07-01 13:00:00+00:00,23.8045,48.0,0.0,1017.5116,61.0,19.701181,298.16245,35.28,Aalborg
2026-07-01 14:00:00+00:00,24.0045,51.0,0.0,1017.21295,19.0,20.29453,304.7892,37.079998,Aalborg
2026-07-01 15:00:00+00:00,23.654501,53.0,0.0,1017.0116,23.0,19.537233,296.1048,35.28,Aalborg
2026-07-01 16:00:00+00:00,23.5045,56.0,0.0,1016.8111,22.0,19.277925,283.15094,34.92,Aalborg
2026-07-01 17:00:00+00:00,22.7045,59.0,0.0,1016.70776,27.0,23.574663,284.6568,36.36,Aalborg
2026-07-01 18:00:00+00:00,21.5045,62.0,0.0,1016.9024,27.0,24.356192,288.04352,37.44,Aalborg
2026-07-01 19:00:00+00:00,20.3045,65.0,0.0,1016.5975,27.0,21.530872,284.1495,33.839996,Aalborg
2026-07-01 20:00:00+00:00,19.0545,69.0,0.0,1016.6919,16.0,22.241789,276.3401,30.960001,Aalborg
2026-07-01 21:00:00+00:00,18.0045,75.0,0.0,1016.98663,4.0,20.7089,268.54367,26.28,Aalborg
2026-07-01 22:00:00+00:00,17.2045,80.0,0.0,1016.48376,3.0,20.19723,258.98294,22.68,Aalborg
2026-07-01 23:00:00+00:00,16.6045,84.0,0.0,1016.08154,13.0,20.084906,252.19803,19.8,Aalborg
2026-07-02 00:00:00+00:00,15.9045,89.0,0.0,1015.47906,73.0,21.216936,240.2552,23.4,Aalborg
2026-07-02 01:00:00+00:00,15.5045,87.0,0.0,1015.07776,89.0,21.650623,232.57288,23.4,Aalborg
2026-07-02 02:00:00+00:00,15.1545,85.0,0.0,1014.17725,100.0,21.752743,221.40318,21.599998,Aalborg
2026-07-02 03:00:00+00:00,15.0045,87.0,0.0,1013.47754,83.0,23.794294,213.57292,21.599998,Aalborg
2026-07-02 04:00:00+00:00,15.1045,84.0,0.0,1012.87897,100.0,24.422447,204.17143,22.319998,Aalborg
2026-07-02 05:00:00+00:00,15.3545,81.0,0.0,1012.1808,100.0,24.170341,193.43105,23.039999,Aalborg
2026-07-02 06:00:00+00:00,15.8545,81.0,0.0,1011.1844,100.0,26.477865,189.15018,28.08,Aalborg
2026-07-02 07:00:00+00:00,16.0045,86.0,0.3,1010.28613,100.0,30.19446,178.00217,28.44,Aalborg
2026-07-02 08:00:00+00:00,16.1045,91.0,0.5,1008.8886,100.0,37.642937,168.16638,38.16,Aalborg
2026-07-02 09:00:00+00:00,16.1045,90.0,0.5,1007.5903,100.0,38.82356,164.26793,44.28,Aalborg
2026-07-02 10:00:00+00:00,16.154501,91.0,0.2,1006.3922,100.0,37.373775,167.52954,47.88,Aalborg
2026-07-02 11:00:00+00:00,16.4545,92.0,1.0,1005.2948,100.0,39.36524,183.32141,47.88,Aalborg
2026-07-02 12:00:00+00:00,17.0545,93.0,0.4,1004.3986,100.0,26.852442,198.6718,50.039997,Aalborg
2026-07-02 13:00:00+00:00,18.0545,95.0,0.7,1004.0038,100.0,34.671974,234.0578,43.56,Aalborg
2026-07-02 14:00:00+00:00,18.654501,92.0,0.1,1003.8065,98.0,32.16009,247.21179,37.079998,Aalborg
2026-07-02 15:00:00+00:00,18.4545,86.0,0.1,1004.0053,100.0,40.46488,253.37206,46.8,Aalborg
2026-07-02 16:00:00+00:00,18.1045,86.0,0.0,1003.804,100.0,37.061985,256.0295,51.12,Aalborg
2026-07-02 17:00:00+00:00,17.904501,84.0,0.0,1003.9033,100.0,39.94544,251.56496,54.36,Aalborg
2026-07-02 18:00:00+00:00,17.0545,89.0,0.1,1003.6995,100.0,44.854637,255.03966,53.28,Aalborg
2026-07-02 19:00:00+00:00,16.2545,86.0,0.2,1004.495,100.0,50.462208,273.7875,61.199997,Aalborg
2026-07-02 20:00:00+00:00,15.5045,86.0,0.2,1004.89105,100.0,47.900932,270.83942,64.439995,Aalborg
2026-07-02 21:00:00+00:00,14.6045,88.0,0.2,1005.2863,100.0,48.074116,269.3727,66.24,Aalborg
2026-07-02 22:00:00+00:00,14.6545,85.0,0.2,1005.38654,100.0,46.3198,269.34894,63.72,Aalborg
2026-07-02 23:00:00+00:00,14.554501,86.0,0.3,1005.18646,100.0,50.4866,274.18484,65.520004,Aalborg
2026-07-03 00:00:00+00:00,14.1045,90.0,0.4,1005.0845,100.0,47.021523,270.64133,65.159996,Aalborg
2026-07-03 01:00:00+00:00,14.0045,88.0,0.8,1005.0841,100.0,49.554344,266.75272,66.96,Aalborg
2026-07-03 02:00:00+00:00,14.5045,88.0,0.0,1004.98645,93.0,49.40037,277.75592,65.159996,Aalborg
2026-07-03 03:00:00+00:00,15.0045,88.0,0.0,1004.7889,100.0,52.931892,289.1557,67.67999,Aalborg
2026-07-03 04:00:00+00:00,15.1545,87.0,0.0,1005.4886,100.0,54.37018,288.43503,70.2,Aalborg
2026-07-03 05:00:00+00:00,15.4045,86.0,0.0,1006.2888,100.0,55.591183,288.20633,71.28,Aalborg
2026-07-03 06:00:00+00:00,15.6045,86.0,0.0,1007.18866,100.0,48.969505,286.22745,72.72,Aalborg
2026-07-03 07:00:00+00:00,16.154501,84.0,0.0,1007.9901,100.0,54.48668,287.61826,72.36,Aalborg
2026-07-03 08:00:00+00:00,16.6045,79.0,0.0,1008.9907,98.0,59.07645,290.69553,70.56,Aalborg
2026-07-03 09:00:00+00:00,17.5045,77.0,0.0,1009.1946,76.0,58.702744,289.19318,70.2,Aalborg
2026-07-03 10:00:00+00:00,17.3545,75.0,0.0,1010.09283,72.0,58.256413,288.98068,71.28,Aalborg
2026-07-03 11:00:00+00:00,18.0545,73.0,0.0,1010.8949,65.0,56.867447,288.15555,70.92,Aalborg
2026-07-03 12:00:00+00:00,18.404501,72.0,0.0,1011.1961,64.0,52.782524,286.80878,70.92,Aalborg
2026-07-03 13:00:00+00:00,18.8545,68.0,0.0,1011.8971,39.0,52.42296,283.94327,68.76,Aalborg
2026-07-03 14:00:00+00:00,19.0545,66.0,0.0,1012.29755,36.0,53.30247,282.16058,67.67999,Aalborg
2026-07-03 15:00:00+00:00,18.654501,66.0,0.0,1012.795,52.0,52.75103,282.09473,67.67999,Aalborg
2026-07-03 16:00:00+00:00,17.904501,67.0,0.0,1013.19135,71.0,49.91762,283.20593,67.67999,Aalborg
2026-07-03 17:00:00+00:00,17.7045,70.0,0.0,1013.6897,43.0,51.19344,283.27426,67.32,Aalborg
2026-07-03 18:00:00+00:00,16.904501,70.0,0.0,1014.1852,30.0,47.788025,283.37302,65.159996,Aalborg
2026-07-03 19:00:00+00:00,15.8545,73.0,0.0,1014.7797,5.0,44.553406,283.43433,62.279995,Aalborg
2026-07-03 20:00:00+00:00,14.8545,74.0,0.0,1015.37445,2.0,45.841873,282.60016,60.120003,Aalborg
2026-07-03 21:00:00+00:00,14.304501,76.0,0.0,1016.07104,4.0,44.685165,285.0184,55.8,Aalborg
2026-07-03 22:00:00+00:00,14.054501,77.0,0.0,1016.16956,13.0,39.658146,284.34366,54.0,Aalborg
2026-07-03 23:00:00+00:00,13.7545,78.0,0.0,1016.16833,53.0,38.194916,280.58728,45.36,Aalborg
2026-07-04 00:00:00+00:00,13.554501,79.0,0.0,1016.0675,72.0,37.1495,279.2398,43.199997,Aalborg
2026-07-04 01:00:00+00:00,13.5045,80.0,0.0,1015.86743,100.0,36.471783,281.0937,39.239998,Aalborg
2026-07-04 02:00:00+00:00,13.554501,80.0,0.0,1015.668,100.0,35.2373,285.00497,35.64,Aalborg
2026-07-04 03:00:00+00:00,13.1045,80.0,0.0,1015.66583,62.0,33.91535,284.68326,34.92,Aalborg
2026-07-04 04:00:00+00:00,13.5045,81.0,0.0,1015.5678,37.0,33.657986,284.18115,37.44,Aalborg
2026-07-04 05:00:00+00:00,14.2045,78.0,0.0,1015.771,63.0,35.961853,287.0206,42.48,Aalborg
2026-07-04 06:00:00+00:00,15.1045,75.0,0.0,1015.97485,84.0,34.250843,290.38437,45.719997,Aalborg
2026-07-04 07:00:00+00:00,15.554501,73.0,0.0,1015.9768,63.0,35.285313,288.25485,45.36,Aalborg
2026-07-04 08:00:00+00:00,16.2545,68.0,0.0,1015.88025,19.0,33.59391,286.06876,44.28,Aalborg
2026-07-04 09:00:00+00:00,17.1045,63.0,0.0,1015.6842,5.0,29.871107,284.28113,45.0,Aalborg
2026-07-04 10:00:00+00:00,18.5045,59.0,0.0,1015.5908,4.0,26.594439,284.12796,43.56,Aalborg
2026-07-04 11:00:00+00:00,19.654501,57.0,0.0,1015.3961,3.0,24.776552,282.26477,42.839996,Aalborg
2026-07-04 12:00:00+00:00,20.2045,54.0,0.0,1014.7994,5.0,21.941534,268.1672,39.6,Aalborg
2026-07-04 13:00:00+00:00,20.6045,51.0,0.0,1014.9009,25.0,23.087187,258.6047,37.44,Aalborg
2026-07-04 14:00:00+00:00,21.0045,51.0,0.0,1014.6032,65.0,24.682579,256.85275,37.079998,Aalborg
2026-07-04 15:00:00+00:00,21.2045,51.0,0.0,1014.0049,79.0,24.704391,258.5305,41.039997,Aalborg
2026-07-04 16:00:00+00:00,20.8545,51.0,0.0,1013.4041,84.0,25.191118,255.47981,41.399998,Aalborg
2026-07-04 17:00:00+00:00,20.154501,54.0,0.0,1012.9015,70.0,28.211342,261.41647,40.32,Aalborg
2026-07-04 18:00:00+00:00,19.2545,62.0,0.0,1012.698,71.0,27.288494,257.7509,39.239998,Aalborg
2026-07-04 19:00:00+00:00,18.3045,70.0,0.0,1012.5937,84.0,25.237505,260.79968,39.239998,Aalborg
2026-07-04 20:00:00+00:00,17.404501,74.0,0.0,1012.2899,64.0,22.436066,263.26407,36.36,Aalborg
2026-07-04 21:00:00+00:00,16.8045,76.0,0.0,1011.68823,99.0,21.231436,259.52582,33.12,Aalborg
2026-07-04 22:00:00+00:00,16.2045,80.0,0.0,1011.2858,91.0,22.087643,263.15732,34.2,Aalborg
2026-07-04 23:00:00+00:00,15.5045,82.0,0.0,1011.083,86.0,25.966078,270.38712,33.12,Aalborg
2026-07-05 00:00:00+00:00,15.0045,83.0,0.0,1010.9808,95.0,27.838467,278.3343,35.28,Aalborg
2026-07-05 01:00:00+00:00,14.6045,85.0,0.0,1010.67926,99.0,29.275248,283.86972,36.0,Aalborg
2026-07-05 02:00:00+00:00,14.554501,80.0,0.0,1010.4795,91.0,31.915104,284.6474,42.48,Aalborg
2026-07-05 03:00:00+00:00,14.4545,81.0,0.0,1009.97955,90.0,33.56641,287.96152,43.199997,Aalborg
2026-07-05 04:00:00+00:00,14.554501,80.0,0.0,1009.8803,84.0,37.17145,288.43503,47.88,Aalborg
2026-07-05 05:00:00+00:00,15.054501,76.0,0.0,1009.8826,39.0,35.29142,287.3541,51.12,Aalborg
2026-07-05 06:00:00+00:00,15.7545,73.0,0.0,1009.686,29.0,38.232365,287.3541,54.0,Aalborg
2026-07-05 07:00:00+00:00,16.2045,67.0,0.0,1009.6879,24.0,39.02323,284.84848,55.079998,Aalborg
2026-07-05 08:00:00+00:00,16.654501,63.0,0.0,1009.88983,22.0,40.33384,288.51385,54.36,Aalborg
2026-07-05 09:00:00+00:00,17.2045,59.0,0.0,1009.9922,19.0,42.115326,287.45377,56.88,Aalborg
2026-07-05 10:00:00+00:00,17.8045,57.0,0.0,1010.29443,8.0,43.069244,291.75812,58.679996,Aalborg
2026-07-05 11:00:00+00:00,18.6045,54.0,0.0,1010.49756,1.0,43.658394,292.4428,59.039997,Aalborg
2026-07-05 12:00:00+00:00,19.0045,52.0,0.0,1010.29974,8.0,40.760838,290.93134,58.32,Aalborg
2026-07-05 13:00:00+00:00,19.2045,50.0,0.0,1010.60034,3.0,40.12573,289.9404,57.239998,Aalborg
2026-07-05 14:00:00+00:00,19.2545,47.0,0.0,1010.9003,2.0,40.01204,287.08435,56.16,Aalborg
2026-07-05 15:00:00+00:00,18.8545,48.0,0.0,1010.79846,28.0,40.053555,285.4973,57.239998,Aalborg
2026-07-05 16:00:00+00:00,18.404501,51.0,0.0,1010.59686,30.0,41.19313,284.8057,56.16,Aalborg
2026-07-05 17:00:00+00:00,17.9545,55.0,0.0,1010.4948,0.0,40.80687,281.40652,55.079998,Aalborg
2026-07-05 18:00:00+00:00,17.154501,56.0,0.0,1010.7909,1.0,36.647324,277.7033,54.0,Aalborg
2026-07-05 19:00:00+00:00,15.7045,59.0,0.0,1010.8842,28.0,35.754555,275.06708,53.28,Aalborg
2026-07-05 20:00:00+00:00,14.3545,63.0,0.0,1010.8782,78.0,34.976467,273.45078,51.48,Aalborg
2026-07-05 21:00:00+00:00,13.6545,64.0,0.0,1010.6752,79.0,35.307552,272.8481,47.16,Aalborg
2026-07-05 22:00:00+00:00,13.304501,65.0,0.0,1010.5734,86.0,35.929314,275.04236,46.8,Aalborg
2026-07-05 23:00:00+00:00,13.1045,65.0,0.0,1010.6724,98.0,35.281387,275.994,45.719997,Aalborg
2026-07-06 00:00:00+00:00,12.8545,61.0,0.0,1010.1721,100.0,35.854275,278.72476,47.519997,Aalborg
2026-07-06 01:00:00+00:00,12.7545,57.0,0.0,1009.9716,99.0,34.041264,278.29706,47.88,Aalborg
2026-07-06 02:00:00+00:00,12.554501,57.0,0.0,1009.4713,83.0,34.58754,278.45883,46.8,Aalborg
2026-07-06 03:00:00+00:00,12.4045,63.0,0.0,1008.9714,94.0,32.29714,276.237,45.36,Aalborg
2026-07-06 04:00:00+00:00,12.6045,68.0,0.0,1008.473,73.0,27.479017,275.12808,41.039997,Aalborg
2026-07-06 05:00:00+00:00,13.0045,72.0,0.0,1008.2752,87.0,23.113838,276.09998,37.079998,Aalborg
2026-07-06 06:00:00+00:00,13.7045,68.0,0.0,1008.0786,100.0,26.48484,286.154,37.8,Aalborg
2026-07-06 07:00:00+00:00,14.3545,65.0,0.0,1007.98193,100.0,22.050682,285.69498,34.92,Aalborg
2026-07-06 08:00:00+00:00,15.304501,63.0,0.0,1007.5866,100.0,20.164438,280.52774,32.399998,Aalborg
2026-07-06 09:00:00+00:00,16.1045,67.0,0.0,1006.8912,100.0,19.336912,281.5138,29.16,Aalborg
2026-07-06 10:00:00+00:00,17.4545,64.0,0.0,1006.69745,100.0,15.207937,286.76263,27.359999,Aalborg
2026-07-06 11:00:00+00:00,18.0045,63.0,0.0,1006.4003,100.0,12.772405,290.92456,27.0,Aalborg
2026-07-06 12:00:00+00:00,18.7545,63.0,0.0,1005.80457,100.0,10.229966,264.09396,21.599998,Aalborg
2026-07-06 13:00:00+00:00,17.5045,72.0,0.2,1005.79895,100.0,8.787898,273.43356,20.16,Aalborg
2026-07-06 14:00:00+00:00,16.7045,84.0,0.6,1005.4955,100.0,5.8845186,243.43501,16.919998,Aalborg
2026-07-06 15:00:00+00:00,16.404501,88.0,0.5,1004.39575,100.0,7.158826,233.97253,11.5199995,Aalborg
2026-07-06 16:00:00+00:00,16.404501,91.0,0.3,1003.9963,100.0,9.687539,215.41714,11.879999,Aalborg
2026-07-06 17:00:00+00:00,16.154501,93.0,0.2,1003.5958,100.0,8.40111,241.29414,15.4800005,Aalborg
2026-07-06 18:00:00+00:00,15.7045,94.0,0.1,1003.1942,100.0,10.099758,197.176,17.64,Aalborg
2026-07-06 19:00:00+00:00,15.304501,94.0,0.2,1002.99255,100.0,10.759359,204.05734,17.64,Aalborg
2026-07-06 20:00:00+00:00,14.9545,93.0,0.1,1003.0909,100.0,12.714436,242.02061,17.64,Aalborg
2026-07-06 21:00:00+00:00,14.9045,95.0,0.1,1002.79126,100.0,18.617579,272.70056,20.519999,Aalborg
2026-07-06 22:00:00+00:00,14.554501,93.0,0.0,1002.58984,100.0,22.74671,288.43503,29.519999,Aalborg
2026-07-06 23:00:00+00:00,14.304501,92.0,0.0,1002.08936,100.0,23.007057,272.62234,30.239998,Aalborg
2026-07-07 00:00:00+00:00,14.1545,93.0,0.1,1001.78906,100.0,25.183786,261.58774,30.960001,Aalborg
2026-07-07 01:00:00+00:00,14.304501,95.0,0.0,1001.09064,100.0,25.332458,262.03833,30.960001,Aalborg
2026-07-07 02:00:00+00:00,14.4545,94.0,0.1,1000.59186,100.0,22.950798,258.0888,36.719997,Aalborg
2026-07-07 03:00:00+00:00,14.304501,95.0,0.2,999.3928,100.0,22.613028,260.17233,33.12,Aalborg
2026-07-07 04:00:00+00:00,14.3545,94.0,0.3,999.3932,100.0,24.590124,262.62155,36.719997,Aalborg
2026-07-07 05:00:00+00:00,14.304501,94.0,0.2,998.8935,100.0,29.136658,271.72522,33.839996,Aalborg
2026-07-07 06:00:00+00:00,14.4545,94.0,0.7,998.7942,100.0,26.400446,274.57382,39.239998,Aalborg
2026-07-07 07:00:00+00:00,14.9545,92.0,0.4,998.79645,100.0,30.794525,281.50195,39.96,Aalborg
2026-07-07 08:00:00+00:00,15.4045,88.0,0.0,998.7986,98.0,29.744614,287.1525,38.88,Aalborg
2026-07-07 09:00:00+00:00,15.7045,78.0,0.0,998.30054,96.0,37.897602,287.51233,44.28,Aalborg
2026-07-07 10:00:00+00:00,17.3045,71.0,0.0,998.60736,54.0,46.83558,287.21326,55.079998,Aalborg
2026-07-07 11:00:00+00:00,17.9545,68.0,0.0,998.8099,25.0,48.682358,286.5411,62.279995,Aalborg
2026-07-07 12:00:00+00:00,18.0045,56.0,0.0,998.8101,0.0,51.862465,296.73834,66.6,Aalborg
2026-07-07 13:00:00+00:00,18.0545,61.0,0.0,998.8105,20.0,50.465557,297.99036,66.6,Aalborg
2026-07-07 14:00:00+00:00,18.1045,57.0,0.0,999.6095,4.0,48.071552,299.27792,68.76,Aalborg
2026-07-07 15:00:00+00:00,18.5545,55.0,0.0,999.7115,0.0,46.01311,294.31738,65.88,Aalborg
2026-07-07 16:00:00+00:00,18.2545,60.0,0.0,1000.2093,0.0,45.50695,287.03784,60.120003,Aalborg
2026-07-07 17:00:00+00:00,18.154501,63.0,0.0,1000.90814,0.0,43.955254,292.77823,63.36,Aalborg
2026-07-07 18:00:00+00:00,17.3545,66.0,0.0,1002.7024,0.0,37.18139,293.0566,61.920002,Aalborg
2026-07-07 19:00:00+00:00,16.904501,72.0,0.0,1003.39923,0.0,33.491135,300.19153,50.399998,Aalborg
2026-07-07 20:00:00+00:00,15.804501,77.0,0.0,1004.593,0.0,28.4828,295.93365,43.199997,Aalborg
2026-07-07 21:00:00+00:00,15.054501,85.0,0.0,1004.78925,0.0,26.702435,294.03894,29.88,Aalborg
2026-07-07 22:00:00+00:00,14.6045,88.0,0.0,1005.58594,0.0,27.351587,288.31882,24.119999,Aalborg
2026-07-07 23:00:00+00:00,14.0045,90.0,0.0,1005.78314,0.0,29.935444,281.83676,24.48,Aalborg
2026-07-08 00:00:00+00:00,13.6545,92.0,0.0,1006.28094,1.0,26.713959,273.3885,23.759998,Aalborg
2026-07-08 01:00:00+00:00,13.3545,93.0,0.0,1006.4791,0.0,29.662748,271.6946,21.599998,Aalborg
2026-07-08 02:00:00+00:00,13.2045,93.0,0.0,1006.37866,0.0,28.87348,280.14908,21.599998,Aalborg
2026-07-08 03:00:00+00:00,13.0045,94.0,0.0,1006.3777,0.0,27.643185,286.59482,22.68,Aalborg
2026-07-08 04:00:00+00:00,13.3545,92.0,0.0,1006.8786,0.0,27.475096,286.6993,23.759998,Aalborg
2026-07-08 05:00:00+00:00,14.054501,85.0,0.0,1007.2812,0.0,27.969732,289.79898,25.919998,Aalborg
2026-07-08 06:00:00+00:00,15.3545,73.0,0.0,1007.68665,0.0,18.173332,282.82877,30.599998,Aalborg
2026-07-08 07:00:00+00:00,16.654501,64.0,0.0,1008.192,0.0,17.574043,284.45245,31.68,Aalborg
2026-07-08 08:00:00+00:00,17.7545,58.0,0.0,1008.5963,0.0,19.425846,286.79846,33.12,Aalborg
2026-07-08 09:00:00+00:00,18.9545,55.0,0.0,1008.7016,2.0,20.795668,295.48407,34.2,Aalborg
2026-07-08 10:00:00+00:00,20.1045,50.0,0.0,1009.206,10.0,20.642653,301.79886,32.760002,Aalborg
2026-07-08 11:00:00+00:00,20.9545,46.0,0.0,1009.70905,15.0,21.964668,301.27765,33.48,Aalborg
2026-07-08 12:00:00+00:00,21.6045,45.0,0.0,1009.8118,3.0,20.682873,304.63373,35.28,Aalborg
2026-07-08 13:00:00+00:00,22.2045,45.0,0.0,1009.71484,0.0,21.784555,300.48886,36.0,Aalborg
2026-07-08 14:00:00+00:00,22.5545,44.0,0.0,1009.9158,0.0,23.853079,297.13037,36.36,Aalborg
2026-07-08 15:00:00+00:00,22.6045,49.0,0.0,1010.1159,0.0,25.366455,294.0832,37.8,Aalborg
2026-07-08 16:00:00+00:00,22.0045,56.0,0.0,1010.3131,1.0,24.972063,287.162,37.079998,Aalborg
2026-07-08 17:00:00+00:00,21.1045,60.0,0.0,1010.20917,0.0,25.499582,282.315,36.0,Aalborg
2026-07-08 18:00:00+00:00,20.2045,65.0,0.0,1010.10547,3.0,24.051619,267.90988,36.0,Aalborg
2026-07-08 19:00:00+00:00,18.5545,71.0,0.0,1010.2978,7.0,25.017014,264.7693,36.36,Aalborg
2026-07-08 20:00:00+00:00,17.1045,76.0,0.0,1010.3911,5.0,26.59791,261.6562,39.239998,Aalborg
2026-07-08 21:00:00+00:00,16.154501,80.0,0.0,1010.88635,2.0,28.877209,265.12082,38.88,Aalborg
2026-07-08 22:00:00+00:00,15.5045,84.0,0.0,1010.88324,7.0,29.128206,268.96466,36.36,Aalborg
2026-07-08 23:00:00+00:00,15.1045,87.0,0.0,1010.88153,2.0,28.616486,272.10803,34.2,Aalborg
2026-07-09 00:00:00+00:00,14.9045,90.0,0.0,1010.9805,0.0,28.368565,275.32266,30.239998,Aalborg
2026-07-09 01:00:00+00:00,14.554501,92.0,0.0,1011.0788,1.0,26.872494,281.6767,28.08,Aalborg
2026-07-09 02:00:00+00:00,14.4545,93.0,0.0,1010.9783,8.0,24.469664,287.52567,24.48,Aalborg
2026-07-09 03:00:00+00:00,14.3545,94.0,0.0,1011.1778,10.0,21.518719,294.05734,22.319998,Aalborg
2026-07-09 04:00:00+00:00,14.9545,93.0,0.0,1011.57983,20.0,18.360369,296.0753,15.84,Aalborg
2026-07-09 05:00:00+00:00,16.2045,90.0,0.0,1012.1847,21.0,15.463837,294.82053,11.5199995,Aalborg
2026-07-09 06:00:00+00:00,17.8045,82.0,0.0,1012.69135,15.0,3.6884665,267.27374,9.36,Aalborg
2026-07-09 07:00:00+00:00,18.8045,71.0,0.0,1013.0952,15.0,2.112607,175.23645,14.04,Aalborg
2026-07-09 08:00:00+00:00,19.654501,63.0,0.0,1013.49854,14.0,3.3883567,158.74942,16.56,Aalborg
2026-07-09 09:00:00+00:00,21.2545,56.0,0.0,1013.50555,16.0,2.982522,180.0,18.0,Aalborg
2026-07-09 10:00:00+00:00,22.8045,51.0,0.0,1013.5125,7.0,2.9199445,212.73521,21.96,Aalborg
2026-07-09 11:00:00+00:00,24.154501,49.0,0.0,1013.41833,2.0,3.2254703,247.61981,24.48,Aalborg
2026-07-09 12:00:00+00:00,25.404501,44.0,0.0,1013.32385,0.0,3.750531,259.21576,23.759998,Aalborg
2026-07-09 13:00:00+00:00,26.154501,42.0,0.0,1013.327,0.0,8.223369,281.07016,24.119999,Aalborg
2026-07-09 14:00:00+00:00,26.3545,44.0,0.0,1013.42786,1.0,15.304779,295.09622,33.48,Aalborg
2026-07-09 15:00:00+00:00,26.0045,51.0,0.0,1013.6261,0.0,21.96677,306.2293,33.839996,Aalborg
2026-07-09 16:00:00+00:00,25.3045,53.0,0.0,1013.52325,0.0,22.778484,310.31403,29.16,Aalborg
2026-07-09 17:00:00+00:00,24.5045,54.0,0.0,1013.5198,0.0,17.032383,311.24133,28.08,Aalborg
2026-07-09 18:00:00+00:00,24.0045,62.0,0.0,1013.71735,0.0,12.116966,304.3804,25.919998,Aalborg
2026-07-09 19:00:00+00:00,22.154501,70.0,0.0,1013.9091,0.0,12.989852,286.47696,25.919998,Aalborg
2026-07-09 20:00:00+00:00,20.654501,74.0,0.0,1014.1023,0.0,15.794693,282.18365,23.039999,Aalborg
2026-07-09 21:00:00+00:00,19.404501,82.0,0.0,1014.4963,0.0,13.550019,274.4555,20.519999,Aalborg
2026-07-09 22:00:00+00:00,18.3545,85.0,0.0,1014.69135,0.0,11.600449,266.53183,14.4,Aalborg
2026-07-09 23:00:00+00:00,17.654501,88.0,0.0,1014.8878,0.0,13.448554,262.50424,13.679999,Aalborg
2026-07-10 00:00:00+00:00,17.0045,90.0,0.0,1014.6853,1.0,16.74166,264.58823,14.04,Aalborg
2026-07-10 01:00:00+00:00,16.654501,91.0,0.0,1014.88336,3.0,15.4429245,268.6981,14.759999,Aalborg
2026-07-10 02:00:00+00:00,16.2545,92.0,0.0,1015.0813,6.0,14.738211,269.31796,13.32,Aalborg
2026-07-10 03:00:00+00:00,15.8545,93.0,0.0,1015.1792,22.0,14.211924,269.2927,10.08,Aalborg
2026-07-10 04:00:00+00:00,16.2545,92.0,0.0,1015.5806,35.0,12.292246,267.54602,10.08,Aalborg
2026-07-10 05:00:00+00:00,16.5045,88.0,0.0,1015.8815,19.0,7.420614,263.21112,9.36,Aalborg
2026-07-10 06:00:00+00:00,18.2045,80.0,0.0,1016.0888,0.0,4.2179227,253.0724,9.36,Aalborg
2026-07-10 07:00:00+00:00,20.5545,64.0,0.0,1016.2991,0.0,2.740499,230.19447,11.5199995,Aalborg
2026-07-10 08:00:00+00:00,22.5545,51.0,0.0,1016.5074,0.0,2.8289247,172.87508,14.4,Aalborg
2026-07-10 09:00:00+00:00,24.2545,46.0,0.0,1016.81464,0.0,4.000704,164.74483,14.759999,Aalborg
2026-07-10 10:00:00+00:00,24.654501,43.0,0.0,1016.81635,0.0,4.0504036,162.3498,18.359999,Aalborg
2026-07-10 11:00:00+00:00,26.3045,39.0,0.0,1016.92316,0.0,3.717559,160.70985,20.16,Aalborg
2026-07-10 12:00:00+00:00,27.7545,36.0,0.0,1017.02905,0.0,5.4415455,159.22766,19.8,Aalborg
2026-07-10 13:00:00+00:00,27.7545,34.0,0.0,1017.12897,0.0,6.041949,154.17906,19.44,Aalborg
2026-07-10 14:00:00+00:00,28.1045,34.0,0.0,1017.3303,0.0,0.94478655,201.80147,20.519999,Aalborg
2026-07-10 15:00:00+00:00,28.1045,33.0,0.0,1017.3303,0.0,11.299365,323.8417,21.599998,Aalborg
2026-07-10 16:00:00+00:00,27.654501,42.0,0.0,1017.42834,0.0,19.998901,326.4493,25.56,Aalborg
2026-07-10 17:00:00+00:00,27.0045,40.0,0.0,1017.72504,0.0,19.477274,324.16226,31.68,Aalborg
2026-07-10 18:00:00+00:00,27.2045,60.0,0.0,1017.4264,0.0,18.2873,319.27954,24.84,Aalborg
2026-07-10 19:00:00+00:00,25.404501,68.0,0.0,1017.81824,0.0,17.412167,319.0857,21.24,Aalborg
2026-07-10 20:00:00+00:00,23.5045,74.0,0.0,1018.3092,0.0,15.756648,322.23685,15.119999,Aalborg
2026-07-10 21:00:00+00:00,21.7545,81.0,0.0,1018.80096,0.0,15.6183195,321.8427,14.04,Aalborg
2026-07-10 22:00:00+00:00,20.5045,88.0,0.0,1019.295,27.0,18.46735,321.17017,15.84,Aalborg
2026-07-10 23:00:00+00:00,19.0545,95.0,0.0,1019.08887,51.0,13.646221,315.0001,15.119999,Aalborg
2026-07-11 00:00:00+00:00,18.4545,96.0,0.0,1018.88617,72.0,9.820077,311.37842,15.119999,Aalborg
2026-07-11 01:00:00+00:00,18.2045,96.0,0.0,1018.98505,90.0,7.6433334,301.86594,12.599999,Aalborg
2026-07-11 02:00:00+00:00,17.904501,96.0,0.0,1019.08374,98.0,6.606521,280.71307,12.24,Aalborg
2026-07-11 03:00:00+00:00,17.3545,96.0,0.0,1019.2809,99.0,6.3862023,254.05453,7.5599995,Aalborg
2026-07-11 04:00:00+00:00,17.3045,95.0,0.0,1019.5802,98.0,5.810828,241.11351,6.8399997,Aalborg
2026-07-11 05:00:00+00:00,17.654501,91.0,0.0,1019.6816,72.0,6.4557104,227.20262,12.24,Aalborg
2026-07-11 06:00:00+00:00,18.8045,84.0,0.0,1019.78656,68.0,8.087498,266.26868,14.759999,Aalborg
2026-07-11 07:00:00+00:00,20.3545,76.0,0.0,1019.8935,78.0,9.165084,264.50778,16.199999,Aalborg
2026-07-11 08:00:00+00:00,22.7545,66.0,0.0,1020.1038,61.0,7.6433344,260.75397,15.84,Aalborg
2026-07-11 09:00:00+00:00,22.8545,56.0,0.0,1019.6048,26.0,7.301442,234.78232,15.4800005,Aalborg
2026-07-11 10:00:00+00:00,24.904501,50.0,0.0,1019.6137,63.0,6.2028275,224.9999,18.72,Aalborg
2026-07-11 11:00:00+00:00,26.154501,47.0,0.0,1019.61914,96.0,7.885157,249.14546,21.599998,Aalborg
2026-07-11 12:00:00+00:00,26.4545,46.0,0.0,1019.6205,99.0,10.946541,263.5585,23.039999,Aalborg
2026-07-11 13:00:00+00:00,26.6045,46.0,0.0,1019.5212,80.0,11.775574,266.58347,24.48,Aalborg
2026-07-11 14:00:00+00:00,27.654501,45.0,0.0,1019.5257,83.0,15.137951,265.34674,25.199999,Aalborg
2026-07-11 15:00:00+00:00,28.0045,43.0,0.0,1019.4274,80.0,18.42146,270.0,26.28,Aalborg
2026-07-11 16:00:00+00:00,28.1045,43.0,0.0,1019.3279,62.0,20.493752,291.07278,26.64,Aalborg
2026-07-11 17:00:00+00:00,27.4545,48.0,0.0,1019.0253,87.0,13.382017,304.31516,27.72,Aalborg
2026-07-11 18:00:00+00:00,25.654501,66.0,0.0,1018.6182,91.0,7.611049,295.97433,25.919998,Aalborg
2026-07-11 19:00:00+00:00,24.4545,68.0,0.0,1018.3135,84.0,9.415231,296.56497,23.4,Aalborg
2026-07-11 20:00:00+00:00,23.7545,69.0,0.0,1018.7101,92.0,11.686364,305.83774,20.16,Aalborg
2026-07-11 21:00:00+00:00,22.3545,75.0,0.0,1018.90375,91.0,8.7158,310.10083,18.72,Aalborg
2026-07-11 22:00:00+00:00,21.6045,78.0,0.0,1019.0001,87.0,7.9898586,289.23077,13.679999,Aalborg
2026-07-11 23:00:00+00:00,20.7545,82.0,0.0,1019.29584,91.0,12.680497,284.4208,13.32,Aalborg
2026-07-12 00:00:00+00:00,20.154501,83.0,0.0,1019.3932,95.0,11.250226,266.42374,11.879999,Aalborg
2026-07-12 01:00:00+00:00,19.4545,85.0,0.0,1019.48987,100.0,11.251595,259.21576,12.24,Aalborg
2026-07-12 02:00:00+00:00,18.7045,88.0,0.0,1019.5866,99.0,11.095956,251.56496,11.879999,Aalborg
2026-07-12 03:00:00+00:00,18.3545,92.0,0.0,1019.3853,74.0,10.292956,330.37634,15.119999,Aalborg
2026-07-12 04:00:00+00:00,18.2045,89.0,0.0,1019.5843,77.0,5.728136,117.34979,13.32,Aalborg
2026-07-12 05:00:00+00:00,19.5045,84.0,0.0,1019.78986,84.0,14.25841,34.472282,13.679999,Aalborg
2026-07-12 06:00:00+00:00,19.3545,79.0,0.0,1019.98883,51.0,13.121876,60.350227,18.72,Aalborg
2026-07-12 07:00:00+00:00,20.654501,70.0,0.0,1020.3942,63.0,21.735756,62.607716,31.319998,Aalborg
2026-07-12 08:00:00+00:00,22.154501,66.0,0.0,1020.60065,48.0,16.52236,48.01287,31.68,Aalborg
2026-07-12 09:00:00+00:00,23.6045,63.0,0.0,1020.9067,53.0,19.562424,55.59728,34.56,Aalborg
2026-07-12 10:00:00+00:00,25.3545,57.0,0.0,1021.2136,50.0,16.792143,62.63188,38.16,Aalborg
2026-07-12 11:00:00+00:00,26.154501,55.0,0.0,1021.2171,52.0,14.91261,61.92762,38.16,Aalborg
2026-07-12 12:00:00+00:00,26.7545,51.0,0.0,1021.3195,39.0,14.467356,67.16631,33.839996,Aalborg
2026-07-12 13:00:00+00:00,27.2545,50.0,0.0,1021.5216,17.0,11.383499,65.409904,32.760002,Aalborg
2026-07-12 14:00:00+00:00,26.6045,53.0,0.0,1021.6186,47.0,15.015455,43.579807,34.92,Aalborg
2026-07-12 15:00:00+00:00,26.654501,55.0,0.0,1021.81866,49.0,18.438158,26.564985,34.2,Aalborg
2026-07-12 16:00:00+00:00,26.654501,56.0,0.0,1022.11835,56.0,14.91261,28.072395,34.2,Aalborg
2026-07-12 17:00:00+00:00,25.6045,58.0,0.0,1022.31354,42.0,17.126095,37.926525,33.12,Aalborg
2026-07-12 18:00:00+00:00,24.6045,59.0,0.0,1022.20917,63.0,18.71569,30.41101,29.88,Aalborg
2026-07-12 19:00:00+00:00,24.0045,60.0,0.0,1022.4064,70.0,19.080526,32.22873,27.0,Aalborg
2026-07-12 20:00:00+00:00,22.7045,62.0,0.0,1022.8,73.0,19.154589,28.442837,24.48,Aalborg
2026-07-12 21:00:00+00:00,21.8545,58.0,0.0,1023.1961,68.0,18.919336,18.939108,20.519999,Aalborg
2026-07-12 22:00:00+00:00,20.7045,58.0,0.0,1023.19086,92.0,20.031963,17.324177,20.880001,Aalborg
2026-07-12 23:00:00+00:00,19.5045,69.0,0.0,1023.28534,100.0,19.582083,22.659388,20.880001,Aalborg
2026-07-13 00:00:00+00:00,18.6045,77.0,0.0,1023.58075,92.0,18.20041,17.387056,17.64,Aalborg
2026-07-13 01:00:00+00:00,18.1045,79.0,0.0,1023.4787,53.0,18.994839,21.11358,17.28,Aalborg
2026-07-13 02:00:00+00:00,17.904501,82.0,0.0,1023.27826,51.0,21.439184,36.68245,16.919998,Aalborg
2026-07-13 03:00:00+00:00,18.154501,80.0,0.0,1022.97974,77.0,22.481977,42.15332,18.72,Aalborg
2026-07-13 04:00:00+00:00,18.904501,87.0,0.5,1023.1829,77.0,20.369469,42.207226,30.239998,Aalborg
2026-07-13 05:00:00+00:00,19.404501,91.0,3.2,1023.3848,66.0,22.98899,38.18184,30.239998,Aalborg
2026-07-13 06:00:00+00:00,19.9545,87.0,0.0,1023.58685,44.0,19.126448,37.921146,26.64,Aalborg
2026-07-13 07:00:00+00:00,20.904501,86.0,0.0,1023.99084,55.0,18.504812,58.5705,27.72,Aalborg
2026-07-13 08:00:00+00:00,22.0545,82.0,0.0,1024.3951,48.0,15.094171,70.30129,30.960001,Aalborg
2026-07-13 09:00:00+00:00,22.8545,72.0,0.0,1024.5985,87.0,17.126995,83.53027,32.399998,Aalborg
2026-07-13 10:00:00+00:00,23.7045,65.0,0.0,1024.6023,35.0,19.311428,92.08252,32.760002,Aalborg
2026-07-13 11:00:00+00:00,24.654501,58.0,0.0,1024.5067,27.0,18.773163,90.535446,29.519999,Aalborg
2026-07-13 12:00:00+00:00,25.5045,47.0,0.0,1024.1106,25.0,21.059673,88.56794,33.12,Aalborg
2026-07-13 13:00:00+00:00,25.8045,46.0,0.0,1024.0121,18.0,18.330168,84.507774,30.599998,Aalborg
2026-07-13 14:00:00+00:00,26.3545,45.0,0.0,1023.71497,22.0,15.79372,88.727,28.44,Aalborg
2026-07-13 15:00:00+00:00,26.7545,43.0,0.0,1023.1173,28.0,14.074817,85.71093,27.359999,Aalborg
2026-07-13 16:00:00+00:00,26.8545,42.0,0.0,1022.818,18.0,11.405109,90.881386,23.759998,Aalborg
2026-07-13 17:00:00+00:00,26.7045,44.0,0.0,1022.41797,11.0,9.649336,90.0,21.599998,Aalborg
2026-07-13 18:00:00+00:00,25.904501,45.0,0.0,1022.01514,14.0,9.938472,110.67451,18.0,Aalborg
2026-07-13 19:00:00+00:00,24.8545,52.0,0.0,1022.2104,8.0,7.974434,129.64413,12.599999,Aalborg
2026-07-13 20:00:00+00:00,23.0045,61.0,0.0,1022.6016,33.0,8.321967,145.30478,11.159999,Aalborg
2026-07-13 21:00:00+00:00,21.654501,61.0,0.0,1022.89545,0.0,8.04935,159.59003,9.0,Aalborg
2026-07-13 22:00:00+00:00,20.404501,71.0,0.0,1022.88995,0.0,4.4418483,170.9098,5.04,Aalborg
2026-07-13 23:00:00+00:00,19.5045,80.0,0.0,1022.786,0.0,1.1095955,251.56496,6.12,Aalborg
2026-07-14 00:00:00+00:00,18.8545,79.0,0.0,1022.98285,18.0,5.4922175,296.56497,9.0,Aalborg
2026-07-14 01:00:00+00:00,18.2045,67.0,0.0,1022.88,20.0,6.7402797,321.34018,7.2,Aalborg
2026-07-14 02:00:00+00:00,17.5545,69.0,0.0,1022.6775,2.0,8.072259,358.75467,4.32,Aalborg
2026-07-14 03:00:00+00:00,17.154501,70.0,0.0,1022.47577,84.0,9.514418,22.78244,3.2399998,Aalborg
2026-07-14 04:00:00+00:00,17.0045,73.0,0.0,1022.6749,65.0,9.344679,39.6678,4.32,Aalborg
2026-07-14 05:00:00+00:00,17.8545,70.0,0.0,1022.57886,19.0,6.7402797,38.65983,7.5599995,Aalborg
2026-07-14 06:00:00+00:00,18.8545,63.0,0.0,1022.5834,59.0,7.501062,10.784258,9.36,Aalborg
2026-07-14 07:00:00+00:00,20.3545,52.0,0.0,1023.0894,11.0,5.274957,3.8140097,9.36,Aalborg
2026-07-14 08:00:00+00:00,22.0545,43.0,0.0,1023.09686,61.0,4.0351763,360.0,14.04,Aalborg
2026-07-14 09:00:00+00:00,23.9545,36.0,0.0,1023.3048,93.0,5.1955857,348.31067,14.759999,Aalborg
2026-07-14 10:00:00+00:00,25.7545,33.0,0.0,1023.31287,96.0,5.506211,337.5205,16.56,Aalborg
2026-07-14 11:00:00+00:00,26.2545,33.0,0.0,1023.1151,93.0,7.5338187,332.24155,18.359999,Aalborg
2026-07-14 12:00:00+00:00,26.2545,34.0,0.0,1022.6157,93.0,9.344679,320.33218,21.599998,Aalborg
2026-07-14 13:00:00+00:00,26.154501,38.0,0.0,1022.7152,85.0,14.062783,319.55383,31.319998,Aalborg
2026-07-14 14:00:00+00:00,26.8045,36.0,0.0,1022.71814,75.0,16.061373,319.87396,31.68,Aalborg
2026-07-14 15:00:00+00:00,27.3045,36.0,0.0,1022.1209,13.0,17.478333,324.3954,28.8,Aalborg
2026-07-14 16:00:00+00:00,27.3545,36.0,0.0,1021.62177,10.0,18.805109,329.128,29.88,Aalborg
2026-07-14 17:00:00+00:00,26.4545,36.0,0.0,1021.4182,9.0,18.987543,333.67175,28.44,Aalborg
2026-07-14 18:00:00+00:00,25.3045,38.0,0.0,1021.6131,13.0,17.810652,333.6874,25.199999,Aalborg
2026-07-14 19:00:00+00:00,24.654501,44.0,0.0,1021.71014,16.0,17.279078,330.8325,23.4,Aalborg
2026-07-14 20:00:00+00:00,23.0045,52.0,0.0,1022.2021,70.0,17.421001,341.2,17.28,Aalborg
2026-07-14 21:00:00+00:00,21.3545,58.0,0.0,1022.6944,0.0,21.83466,344.6237,22.68,Aalborg
2026-07-14 22:00:00+00:00,20.2045,66.0,0.0,1022.889,0.0,19.83431,344.61148,19.08,Aalborg
2026-07-14 23:00:00+00:00,19.404501,76.0,0.0,1022.9854,0.0,15.259461,351.40417,11.159999,Aalborg
2026-07-15 00:00:00+00:00,18.5545,83.0,0.0,1022.8816,0.0,12.675641,355.23645,8.64,Aalborg
2026-07-15 01:00:00+00:00,18.0045,85.0,0.0,1022.879,0.0,9.263629,335.37646,8.64,Aalborg
2026-07-15 02:00:00+00:00,17.5545,87.0,0.0,1022.57764,0.0,10.177175,324.11777,9.0,Aalborg
2026-07-15 03:00:00+00:00,17.0545,90.0,0.0,1022.6749,85.0,13.2711525,335.8068,11.159999,Aalborg
2026-07-15 04:00:00+00:00,16.8045,88.0,0.0,1023.0735,29.0,14.813204,341.35037,10.799999,Aalborg
2026-07-15 05:00:00+00:00,17.7545,80.0,0.0,1023.07764,24.0,14.098851,343.36896,11.5199995,Aalborg
2026-07-15 06:00:00+00:00,18.654501,73.0,0.0,1023.0817,32.0,9.313335,356.76038,11.5199995,Aalborg
2026-07-15 07:00:00+00:00,20.5045,65.0,0.0,1023.4897,24.0,4.243387,7.12493,10.440001,Aalborg
2026-07-15 08:00:00+00:00,22.5045,55.0,0.0,1023.7981,6.0,3.9775558,41.42357,14.759999,Aalborg
2026-07-15 09:00:00+00:00,24.8545,43.0,0.0,1023.7085,19.0,4.4832325,59.420856,21.24,Aalborg
2026-07-15 10:00:00+00:00,26.3545,38.0,0.0,1023.71497,3.0,6.550374,69.62349,23.039999,Aalborg
2026-07-15 11:00:00+00:00,27.7045,36.0,0.0,1023.7207,12.0,8.428545,92.385895,24.48,Aalborg
2026-07-15 12:00:00+00:00,28.5045,36.0,0.0,1023.32446,12.0,10.432559,109.653915,26.64,Aalborg
2026-07-15 13:00:00+00:00,29.3045,35.0,0.0,1023.328,6.0,9.932275,107.47486,26.64,Aalborg
2026-07-15 14:00:00+00:00,29.2045,32.0,0.0,1023.2278,11.0,9.0993595,109.133736,24.84,Aalborg
2026-07-15 15:00:00+00:00,30.2545,33.0,0.0,1022.8324,18.0,9.668456,101.5138,20.519999,Aalborg
2026-07-15 16:00:00+00:00,29.9545,36.0,0.0,1022.4317,43.0,4.962262,81.86999,20.880001,Aalborg
2026-07-15 17:00:00+00:00,29.3545,42.0,0.0,1022.1295,23.0,9.056977,315.78473,28.44,Aalborg
2026-07-15 18:00:00+00:00,28.3545,46.0,0.0,1021.82556,19.0,20.87102,333.00424,26.28,Aalborg
2026-07-15 19:00:00+00:00,27.0545,47.0,0.0,1021.92017,48.0,21.54159,347.77487,23.759998,Aalborg
2026-07-15 20:00:00+00:00,25.1045,49.0,0.0,1022.3112,75.0,20.545504,357.553,21.96,Aalborg
2026-07-15 21:00:00+00:00,23.6045,53.0,0.0,1022.50464,99.0,17.14765,7.0522156,15.4800005,Aalborg
2026-07-15 22:00:00+00:00,22.654501,56.0,0.0,1022.3006,100.0,16.061373,6.2709923,13.679999,Aalborg
2026-07-15 23:00:00+00:00,21.5045,59.0,0.0,1022.49524,100.0,16.84339,359.4032,11.879999,Aalborg
2026-07-16 00:00:00+00:00,20.654501,62.0,0.0,1022.39166,100.0,17.964657,354.95764,10.440001,Aalborg
2026-07-16 01:00:00+00:00,20.2545,67.0,0.0,1022.09045,81.0,17.265713,354.75296,12.599999,Aalborg
2026-07-16 02:00:00+00:00,19.8045,71.0,0.0,1021.7885,85.0,16.712217,4.2141085,10.799999,Aalborg
2026-07-16 03:00:00+00:00,19.3545,75.0,0.0,1021.3871,94.0,17.957802,14.715114,10.08,Aalborg
2026-07-16 04:00:00+00:00,19.3045,77.0,0.0,1021.2869,69.0,17.664886,15.55464,10.440001,Aalborg
2026-07-16 05:00:00+00:00,20.1045,68.0,0.0,1021.09076,88.0,16.289717,22.145239,10.799999,Aalborg
2026-07-16 06:00:00+00:00,21.654501,55.0,0.0,1021.09784,87.0,15.523436,34.408527,11.879999,Aalborg
2026-07-16 07:00:00+00:00,23.5045,44.0,0.0,1021.1057,75.0,10.321326,31.798878,18.72,Aalborg
2026-07-16 08:00:00+00:00,25.2045,45.0,0.0,1020.8135,87.0,10.05547,42.878906,21.599998,Aalborg
2026-07-16 09:00:00+00:00,27.1045,44.0,0.0,1020.72186,87.0,12.171459,74.962135,24.48,Aalborg
2026-07-16 10:00:00+00:00,28.7545,47.0,0.0,1020.4293,81.0,13.930839,95.7823,26.64,Aalborg
2026-07-16 11:00:00+00:00,29.5545,43.0,0.0,1020.0331,74.0,14.081375,120.718834,25.199999,Aalborg
2026-07-16 12:00:00+00:00,30.2545,37.0,0.0,1019.73627,48.0,17.865866,134.20436,31.319998,Aalborg
2026-07-16 13:00:00+00:00,29.9545,35.0,0.0,1019.4354,37.0,18.004877,123.07069,32.039997,Aalborg
2026-07-16 14:00:00+00:00,30.2545,34.0,0.0,1019.137,28.0,17.574045,121.94472,32.399998,Aalborg
2026-07-16 15:00:00+00:00,30.154501,35.0,0.0,1018.6374,30.0,16.644857,122.5175,32.039997,Aalborg
2026-07-16 16:00:00+00:00,29.7545,37.0,0.0,1018.0364,24.0,16.518635,120.65059,28.44,Aalborg
2026-07-16 17:00:00+00:00,28.8545,39.0,0.0,1017.3335,20.0,17.276407,124.65842,26.64,Aalborg
2026-07-16 18:00:00+00:00,27.8545,43.0,0.0,1017.0298,25.0,17.194258,126.28536,23.4,Aalborg
2026-07-16 19:00:00+00:00,26.5045,49.0,0.0,1016.6245,30.0,17.826197,143.8067,23.039999,Aalborg
2026-07-16 20:00:00+00:00,24.8045,57.0,0.0,1016.61725,32.0,17.194258,171.78731,19.08,Aalborg
2026-07-16 21:00:00+00:00,23.8545,61.0,0.0,1016.5132,3.0,17.950087,184.48453,15.4800005,Aalborg
2026-07-16 22:00:00+00:00,22.9545,62.0,0.0,1016.3096,15.0,16.127352,171.86998,14.04,Aalborg
2026-07-16 23:00:00+00:00,22.1045,67.0,0.0,1015.7065,55.0,14.91261,151.92761,18.0,Aalborg
2026-07-17 00:00:00+00:00,21.2045,69.0,0.0,1015.503,87.0,13.590847,140.76265,15.4800005,Aalborg
2026-07-17 01:00:00+00:00,20.654501,70.0,0.0,1015.2008,81.0,12.554867,146.97612,15.84,Aalborg
2026-07-17 02:00:00+00:00,20.2545,75.0,0.0,1014.4003,53.0,13.265352,159.88733,16.56,Aalborg
2026-07-17 03:00:00+00:00,20.2045,78.0,0.0,1013.80066,87.0,12.426727,149.4525,15.4800005,Aalborg
2026-07-17 04:00:00+00:00,19.904501,77.0,0.0,1013.3,84.0,15.020581,157.32861,16.56,Aalborg
2026-07-17 05:00:00+00:00,20.5045,73.0,0.0,1012.9032,65.0,15.09723,181.99783,13.32,Aalborg
2026-07-17 06:00:00+00:00,21.2045,68.0,0.0,1012.8064,64.0,8.2177515,163.8865,15.84,Aalborg
2026-07-17 07:00:00+00:00,22.6045,61.0,0.0,1012.7126,59.0,6.594863,151.38963,18.0,Aalborg
2026-07-17 08:00:00+00:00,23.904501,54.0,0.0,1012.119,37.0,10.219428,168.11136,21.599998,Aalborg
2026-07-17 09:00:00+00:00,25.5545,54.0,0.0,1011.62665,54.0,7.72744,182.60251,22.319998,Aalborg
2026-07-17 10:00:00+00:00,26.7545,50.0,0.0,1011.2322,58.0,7.600931,161.14674,20.519999,Aalborg
2026-07-17 11:00:00+00:00,27.7545,46.0,0.0,1010.3374,86.0,10.075347,144.92616,21.599998,Aalborg
2026-07-17 12:00:00+00:00,27.7045,47.0,0.0,1009.838,84.0,20.261137,150.99368,20.519999,Aalborg
2026-07-17 13:00:00+00:00,27.5045,48.0,0.0,1009.4377,84.0,10.621154,247.6713,28.08,Aalborg
2026-07-17 14:00:00+00:00,26.2545,46.0,0.0,1008.6333,81.0,6.325668,236.3099,27.359999,Aalborg
2026-07-17 15:00:00+00:00,21.5545,89.0,6.9,1009.2126,100.0,8.0187,169.91946,29.16,Aalborg
2026-07-17 16:00:00+00:00,19.8545,80.0,19.8,1009.00525,100.0,8.321966,198.43504,39.6,Aalborg
2026-07-17 17:00:00+00:00,20.0045,79.0,3.4,1008.10706,86.0,9.663679,273.12207,11.5199995,Aalborg
2026-07-17 18:00:00+00:00,21.0045,84.0,1.6,1007.5122,73.0,12.058398,278.36578,16.199999,Aalborg
2026-07-17 19:00:00+00:00,20.4545,84.0,0.0,1007.40985,73.0,14.599724,249.60504,18.359999,Aalborg
2026-07-17 20:00:00+00:00,19.7045,82.0,0.0,1007.3068,100.0,16.18736,274.35098,17.28,Aalborg
2026-07-17 21:00:00+00:00,19.2045,86.0,0.0,1007.4045,72.0,10.924024,299.85892,15.84,Aalborg
2026-07-17 22:00:00+00:00,18.8545,87.0,0.0,1006.60394,37.0,2.1701033,75.96373,15.84,Aalborg
2026-07-17 23:00:00+00:00,18.4545,91.0,0.0,1006.2025,45.0,5.450023,273.6913,15.84,Aalborg
2026-07-18 00:00:00+00:00,17.9545,90.0,0.0,1005.80084,77.0,15.6626,265.50293,17.28,Aalborg
2026-07-18 01:00:00+00:00,17.4545,91.0,0.0,1005.2992,81.0,19.280321,262.68106,19.44,Aalborg
2026-07-18 02:00:00+00:00,16.9545,94.0,0.0,1004.7977,77.0,17.341312,258.91748,22.319998,Aalborg
2026-07-18 03:00:00+00:00,16.4545,94.0,0.0,1004.49585,100.0,16.564222,241.53493,21.599998,Aalborg
2026-07-18 04:00:00+00:00,16.3545,93.0,0.0,1003.6963,100.0,21.447794,256.75946,21.599998,Aalborg
2026-07-18 05:00:00+00:00,16.7545,92.0,0.0,1003.099,89.0,20.96886,260.853,21.599998,Aalborg
2026-07-18 06:00:00+00:00,17.3545,85.0,0.0,1002.9021,97.0,21.308859,252.75845,29.16,Aalborg
2026-07-18 07:00:00+00:00,18.0545,78.0,0.0,1002.8053,89.0,25.583937,260.92532,33.48,Aalborg
2026-07-18 08:00:00+00:00,18.7045,74.0,0.0,1002.9081,92.0,27.292442,261.87,36.719997,Aalborg
2026-07-18 09:00:00+00:00,19.0545,73.0,0.0,1003.409,100.0,24.228853,259.9921,39.239998,Aalborg
2026-07-18 10:00:00+00:00,19.2545,74.0,0.0,1003.41,97.0,23.065845,255.01239,40.68,Aalborg
2026-07-18 11:00:00+00:00,20.0545,69.0,0.0,1003.2137,87.0,23.952875,264.95764,35.28,Aalborg
2026-07-18 12:00:00+00:00,20.8545,65.0,0.0,1002.8176,99.0,16.210161,279.972,36.719997,Aalborg
2026-07-18 13:00:00+00:00,19.8045,74.0,0.0,1003.0126,100.0,16.112076,324.75235,37.44,Aalborg
2026-07-18 14:00:00+00:00,18.3545,79.0,0.0,1003.50574,100.0,22.808193,359.55927,33.12,Aalborg
2026-07-18 15:00:00+00:00,18.3545,79.0,0.0,1004.8041,97.0,24.637018,349.33026,38.16,Aalborg
2026-07-18 16:00:00+00:00,18.5545,79.0,0.0,1004.9048,97.0,23.680183,350.1888,36.36,Aalborg
2026-07-18 17:00:00+00:00,17.5045,78.0,0.0,1005.3995,100.0,27.806385,349.82455,39.6,Aalborg
2026-07-18 18:00:00+00:00,16.7545,79.0,0.0,1006.0951,99.0,26.3526,352.73312,39.239998,Aalborg
2026-07-18 19:00:00+00:00,16.6045,79.0,0.0,1006.2942,86.0,26.837536,348.6901,34.92,Aalborg
2026-07-18 20:00:00+00:00,15.554501,80.0,0.0,1006.38934,100.0,25.064335,346.64465,35.64,Aalborg
2026-07-18 21:00:00+00:00,14.9045,80.0,0.0,1007.0857,100.0,26.099092,339.12833,32.399998,Aalborg
2026-07-18 22:00:00+00:00,14.7545,83.0,0.0,1007.1846,100.0,25.186842,333.97046,32.399998,Aalborg
2026-07-18 23:00:00+00:00,14.6045,83.0,0.0,1007.2837,100.0,28.051598,338.73087,31.319998,Aalborg
2026-07-19 00:00:00+00:00,14.2045,88.0,0.0,1006.7828,100.0,29.941093,338.69727,33.48,Aalborg
2026-07-19 01:00:00+00:00,14.0045,88.0,0.0,1006.8817,100.0,32.289993,341.95874,33.839996,Aalborg
2026-07-19 02:00:00+00:00,13.8545,89.0,0.1,1007.0805,100.0,31.73521,341.9656,33.12,Aalborg
2026-07-19 03:00:00+00:00,13.4045,89.0,0.1,1007.1786,100.0,30.299276,342.824,34.92,Aalborg
2026-07-19 04:00:00+00:00,13.1545,90.0,0.0,1007.47687,100.0,33.20825,353.32562,33.12,Aalborg
2026-07-19 05:00:00+00:00,12.9545,92.0,0.2,1007.67566,100.0,34.941246,2.3020654,35.64,Aalborg
2026-07-19 06:00:00+00:00,12.9045,89.0,0.3,1008.57446,100.0,33.925785,6.830918,37.079998,Aalborg
2026-07-19 07:00:00+00:00,13.3545,88.0,0.0,1009.5751,100.0,36.16839,14.036275,37.8,Aalborg
2026-07-19 08:00:00+00:00,13.3545,87.0,0.0,1010.17426,100.0,35.110416,12.99463,37.44,Aalborg
2026-07-19 09:00:00+00:00,13.5045,85.0,0.0,1010.6742,100.0,34.87115,16.064268,38.519997,Aalborg
2026-07-19 10:00:00+00:00,14.6045,83.0,0.0,1011.27844,100.0,33.474586,16.44046,36.36,Aalborg
2026-07-19 11:00:00+00:00,15.1045,79.0,0.0,1011.5806,100.0,33.667587,15.412298,32.399998,Aalborg
2026-07-19 12:00:00+00:00,14.7045,80.0,0.0,1012.0782,100.0,26.02469,3.8653862,33.839996,Aalborg
2026-07-19 13:00:00+00:00,14.6545,80.0,0.1,1012.57715,100.0,29.682455,6.7888846,34.2,Aalborg
2026-07-19 14:00:00+00:00,14.6045,80.0,0.0,1012.8764,100.0,32.239906,11.615643,36.0,Aalborg
2026-07-19 15:00:00+00:00,14.2545,81.0,0.0,1013.3742,100.0,31.61276,8.939492,37.079998,Aalborg
2026-07-19 16:00:00+00:00,14.2545,81.0,0.0,1013.5739,100.0,30.18528,6.3401003,35.64,Aalborg
2026-07-19 17:00:00+00:00,14.554501,80.0,0.0,1013.67535,100.0,29.971918,10.454783,28.44,Aalborg
2026-07-19 18:00:00+00:00,14.6045,77.0,0.0,1014.1747,96.0,31.55673,10.247815,27.359999,Aalborg
2026-07-19 19:00:00+00:00,14.6045,76.0,0.0,1014.5742,94.0,28.807844,14.459433,25.199999,Aalborg
2026-07-19 20:00:00+00:00,14.5045,78.0,0.0,1014.9734,78.0,28.991037,15.802589,21.96,Aalborg
2026-07-19 21:00:00+00:00,14.554501,77.0,0.0,1015.5729,90.0,30.561253,12.60016,19.08,Aalborg
2026-07-19 22:00:00+00:00,14.3545,77.0,0.0,1015.7717,86.0,28.406511,17.98743,20.519999,Aalborg
2026-07-19 23:00:00+00:00,14.2045,77.0,0.0,1015.6712,67.0,25.419186,6.3401003,20.519999,Aalborg
2026-07-20 00:00:00+00:00,14.4545,75.0,0.0,1016.07166,90.0,21.597246,357.6722,21.96,Aalborg
2026-07-20 01:00:00+00:00,14.2545,75.0,0.0,1016.0707,81.0,24.842304,354.7324,22.319998,Aalborg
2026-07-20 02:00:00+00:00,13.7545,76.0,0.0,1016.16833,90.0,27.114233,4.825137,22.319998,Aalborg
2026-07-20 03:00:00+00:00,13.4045,76.0,0.0,1016.3665,78.0,28.334908,7.8289857,22.68,Aalborg
2026-07-20 04:00:00+00:00,13.6045,78.0,0.0,1016.6671,66.0,26.746778,7.9174232,21.96,Aalborg
2026-07-20 05:00:00+00:00,14.4045,77.0,0.0,1016.9702,37.0,23.796234,8.906667,24.119999,Aalborg
2026-07-20 06:00:00+00:00,15.7045,70.0,0.0,1017.2758,13.0,22.902466,8.8128195,28.44,Aalborg
2026-07-20 07:00:00+00:00,16.904501,59.0,0.0,1017.7805,29.0,21.982878,8.2593565,34.92,Aalborg
2026-07-20 08:00:00+00:00,17.9545,51.0,0.0,1018.085,45.0,21.447794,13.240531,36.719997,Aalborg
2026-07-20 09:00:00+00:00,18.9545,46.0,0.0,1018.2892,26.0,21.449951,15.172969,38.88,Aalborg
2026-07-20 10:00:00+00:00,20.0545,41.0,0.0,1018.6938,19.0,23.111837,15.4077635,39.239998,Aalborg
2026-07-20 11:00:00+00:00,20.5045,36.0,0.0,1018.8955,15.0,24.681955,14.826528,39.239998,Aalborg
2026-07-20 12:00:00+00:00,21.8545,32.0,0.0,1018.602,17.0,22.607582,12.094739,41.399998,Aalborg
2026-07-20 13:00:00+00:00,21.9545,29.0,0.0,1018.80194,12.0,22.572157,5.799122,41.399998,Aalborg
2026-07-20 14:00:00+00:00,21.9545,32.0,0.0,1018.80194,9.0,23.164383,358.69806,41.039997,Aalborg
2026-07-20 15:00:00+00:00,22.5045,35.0,0.0,1018.80444,5.0,22.503872,351.93314,42.12,Aalborg
2026-07-20 16:00:00+00:00,22.3045,35.0,0.0,1018.9034,3.0,21.744251,345.51523,37.079998,Aalborg
2026-07-20 17:00:00+00:00,21.404501,49.0,0.0,1019.2987,4.0,21.947845,325.42065,41.039997,Aalborg
2026-07-20 18:00:00+00:00,20.404501,46.0,0.0,1019.2946,28.0,23.81886,315.0001,38.519997,Aalborg
2026-07-20 19:00:00+00:00,19.6045,53.0,0.0,1019.5904,10.0,20.594881,315.6902,33.12,Aalborg
2026-07-20 20:00:00+00:00,17.8545,61.0,0.0,1019.8823,25.0,18.882696,311.98712,29.16,Aalborg
2026-07-20 21:00:00+00:00,16.6045,66.0,0.0,1020.27606,0.0,18.504812,301.4295,20.519999,Aalborg
2026-07-20 22:00:00+00:00,16.2545,82.0,0.0,1020.3744,0.0,20.32181,296.12256,15.84,Aalborg
2026-07-20 23:00:00+00:00,15.6545,89.0,0.0,1020.17175,0.0,21.803623,288.28925,16.56,Aalborg
2026-07-21 00:00:00+00:00,15.0045,92.0,0.0,1020.1688,0.0,20.604595,285.81143,14.759999,Aalborg
2026-07-21 01:00:00+00:00,14.6045,93.0,0.0,1019.7674,1.0,21.198793,282.42593,12.959999,Aalborg
2026-07-21 02:00:00+00:00,14.2045,94.0,0.0,1019.5661,7.0,20.886496,280.64917,12.959999,Aalborg
2026-07-21 03:00:00+00:00,14.054501,94.0,0.0,1019.5651,18.0,19.79081,282.80426,11.159999,Aalborg
2026-07-21 04:00:00+00:00,14.1045,94.0,0.0,1019.66534,59.0,17.108112,283.03867,10.440001,Aalborg
2026-07-21 05:00:00+00:00,14.7545,92.0,0.0,1019.5684,38.0,12.058398,278.36578,12.599999,Aalborg
2026-07-21 06:00:00+00:00,15.7545,85.0,0.0,1019.47327,59.0,7.0962086,261.46933,16.56,Aalborg
2026-07-21 07:00:00+00:00,17.154501,74.0,0.0,1019.3798,41.0,7.8793,258.4399,17.28,Aalborg
2026-07-21 08:00:00+00:00,18.3545,60.0,0.0,1019.585,43.0,10.124109,261.02747,16.56,Aalborg
2026-07-21 09:00:00+00:00,19.8545,53.0,0.0,1019.39197,16.0,11.973866,259.01938,23.4,Aalborg
2026-07-21 10:00:00+00:00,21.3545,48.0,0.0,1018.99915,14.0,13.763012,252.95088,27.72,Aalborg
2026-07-21 11:00:00+00:00,22.654501,42.0,0.0,1018.50543,14.0,15.934386,249.37004,31.68,Aalborg
2026-07-21 12:00:00+00:00,23.1045,46.0,0.0,1018.3076,18.0,19.096651,249.56708,37.8,Aalborg
2026-07-21 13:00:00+00:00,23.0045,47.0,0.0,1018.00745,30.0,21.579422,257.3196,42.12,Aalborg
2026-07-21 14:00:00+00:00,22.4545,50.0,0.0,1017.7056,31.0,23.32791,263.08887,45.0,Aalborg
2026-07-21 15:00:00+00:00,21.5545,55.0,0.0,1017.6019,48.0,25.313007,266.42374,46.079998,Aalborg
2026-07-21 16:00:00+00:00,20.8545,59.0,0.0,1017.2991,62.0,26.750229,265.48608,46.8,Aalborg
2026-07-21 17:00:00+00:00,19.8545,64.0,0.0,1016.995,86.0,29.516596,266.93356,47.519997,Aalborg
2026-07-21 18:00:00+00:00,18.2045,69.0,0.0,1016.4883,99.0,31.932451,257.94922,46.44,Aalborg
2026-07-21 19:00:00+00:00,17.3545,72.0,0.0,1015.98517,88.0,32.655396,259.47495,45.36,Aalborg
2026-07-21 20:00:00+00:00,16.6045,76.0,0.0,1015.28253,100.0,35.621735,260.07382,47.519997,Aalborg
2026-07-21 21:00:00+00:00,16.3045,78.0,0.0,1014.682,100.0,35.709763,262.94492,49.68,Aalborg
2026-07-21 22:00:00+00:00,16.1045,74.0,0.0,1013.8821,100.0,36.201138,261.35947,50.399998,Aalborg
2026-07-21 23:00:00+00:00,16.2045,75.0,0.0,1012.98364,100.0,36.775185,260.9422,50.039997,Aalborg
2026-07-22 00:00:00+00:00,16.0545,77.0,0.0,1011.9843,100.0,34.38135,255.8219,51.839996,Aalborg
2026-07-22 01:00:00+00:00,16.0045,77.0,0.0,1011.185,100.0,35.232933,262.27347,51.12,Aalborg
2026-07-22 02:00:00+00:00,16.0045,79.0,0.0,1010.28613,100.0,35.200596,265.42615,50.399998,Aalborg
2026-07-22 03:00:00+00:00,15.804501,80.0,0.0,1009.68634,73.0,35.092438,270.85934,49.68,Aalborg
2026-07-22 04:00:00+00:00,15.5045,83.0,0.0,1008.98566,52.0,32.91312,274.586,45.36,Aalborg
2026-07-22 05:00:00+00:00,15.6045,79.0,0.0,1008.6867,29.0,29.22684,274.82068,39.239998,Aalborg
2026-07-22 06:00:00+00:00,17.0045,69.0,0.0,1008.1937,38.0,28.439001,279.2298,41.039997,Aalborg
2026-07-22 07:00:00+00:00,18.5545,70.0,0.0,1007.90094,71.0,32.13663,313.89413,41.399998,Aalborg
2026-07-22 08:00:00+00:00,19.1045,74.0,0.0,1008.10297,86.0,28.575047,335.32315,42.839996,Aalborg
2026-07-22 09:00:00+00:00,18.904501,73.0,0.0,1008.50183,100.0,28.420595,348.96756,42.839996,Aalborg
2026-07-22 10:00:00+00:00,19.1045,68.0,0.0,1008.9019,100.0,30.20516,353.32913,45.36,Aalborg
2026-07-22 11:00:00+00:00,19.5045,66.0,0.0,1009.60297,100.0,28.31209,356.09152,45.0,Aalborg
2026-07-22 12:00:00+00:00,19.6045,63.0,0.0,1010.10254,98.0,23.778118,354.92047,42.48,Aalborg
2026-07-22 13:00:00+00:00,21.3545,60.0,0.0,1010.3102,82.0,17.937223,356.07416,35.64,Aalborg
2026-07-22 14:00:00+00:00,21.904501,56.0,0.0,1010.51227,49.0,23.803993,340.63013,37.44,Aalborg
2026-07-22 15:00:00+00:00,22.7045,51.0,0.0,1010.61554,25.0,25.021933,341.18384,34.92,Aalborg
2026-07-22 16:00:00+00:00,22.4545,55.0,0.0,1010.9143,19.0,25.852028,330.30344,39.6,Aalborg
2026-07-22 17:00:00+00:00,21.404501,56.0,0.0,1011.10925,17.0,25.431896,314.72052,40.68,Aalborg
2026-07-22 18:00:00+00:00,20.9545,55.0,0.0,1011.0074,17.0,22.527796,307.40543,34.56,Aalborg
2026-07-22 19:00:00+00:00,20.154501,63.0,0.0,1011.2037,21.0,22.783892,299.52588,28.44,Aalborg
2026-07-22 20:00:00+00:00,18.5045,76.0,0.0,1011.6958,13.0,22.714209,293.1986,23.759998,Aalborg
2026-07-22 21:00:00+00:00,17.1045,83.0,0.0,1011.78925,2.0,22.76497,283.82208,18.0,Aalborg
2026-07-22 22:00:00+00:00,16.0045,86.0,0.0,1012.08386,6.0,18.690182,279.7275,16.56,Aalborg
2026-07-22 23:00:00+00:00,15.6545,89.0,0.0,1012.1821,17.0,16.007622,279.46225,13.679999,Aalborg
2026-07-23 00:00:00+00:00,15.1045,92.0,0.0,1012.6792,36.0,15.380011,290.7091,13.32,Aalborg
2026-07-23 01:00:00+00:00,14.804501,93.0,0.0,1012.6776,19.0,15.708714,290.25653,11.5199995,Aalborg
2026-07-23 02:00:00+00:00,14.6545,95.0,0.0,1012.1777,14.0,15.677332,301.73346,11.879999,Aalborg
2026-07-23 03:00:00+00:00,14.4545,95.0,0.0,1012.4763,29.0,14.536337,330.34097,12.599999,Aalborg
2026-07-23 04:00:00+00:00,14.5045,93.0,0.0,1012.6764,31.0,11.95071,356.6336,12.599999,Aalborg
2026-07-23 05:00:00+00:00,14.7045,79.0,0.0,1012.87714,37.0,10.189265,2.9608781,12.599999,Aalborg
2026-07-23 06:00:00+00:00,15.8545,67.0,0.0,1013.5813,35.0,7.480518,39.289394,14.4,Aalborg
2026-07-23 07:00:00+00:00,17.404501,58.0,0.0,1013.6882,36.0,4.0083895,23.198618,18.72,Aalborg
2026-07-23 08:00:00+00:00,19.0545,49.0,0.0,1013.99536,33.0,4.2830963,34.9921,18.72,Aalborg
2026-07-23 09:00:00+00:00,20.5545,44.0,0.0,1013.90216,37.0,2.6374786,3.8140097,19.08,Aalborg
2026-07-23 10:00:00+00:00,22.0045,40.0,0.0,1013.90857,15.0,4.3965755,298.61035,19.8,Aalborg
2026-07-23 11:00:00+00:00,22.8545,39.0,0.0,1013.81213,26.0,8.3791,289.5732,19.8,Aalborg
2026-07-23 12:00:00+00:00,23.9545,40.0,0.0,1013.717,20.0,10.127149,284.03625,22.68,Aalborg
2026-07-23 13:00:00+00:00,24.2545,40.0,0.0,1013.5188,24.0,14.467356,292.83368,25.199999,Aalborg
2026-07-23 14:00:00+00:00,25.3545,40.0,0.0,1013.3235,32.0,14.990837,304.9921,25.919998,Aalborg
2026-07-23 15:00:00+00:00,25.0545,41.0,0.0,1012.92285,28.0,13.8377285,309.34048,25.919998,Aalborg
2026-07-23 16:00:00+00:00,25.3045,44.0,0.0,1012.52454,63.0,14.84745,305.38034,25.56,Aalborg
2026-07-23 17:00:00+00:00,24.904501,44.0,0.0,1012.22296,57.0,17.343975,308.84085,22.319998,Aalborg
2026-07-23 18:00:00+00:00,22.7045,46.0,0.0,1012.51306,74.0,13.775306,316.5481,32.039997,Aalborg
2026-07-23 19:00:00+00:00,21.154501,49.0,0.0,1012.5065,70.0,11.663956,313.7812,25.199999,Aalborg
2026-07-23 20:00:00+00:00,20.0545,55.0,0.0,1012.6016,96.0,16.79123,296.02954,21.24,Aalborg
2026-07-23 21:00:00+00:00,18.6045,80.0,0.0,1013.09424,99.0,20.252018,274.96964,28.08,Aalborg
2026-07-23 22:00:00+00:00,17.404501,75.0,0.0,1012.68945,97.0,22.847973,259.3804,28.08,Aalborg
2026-07-23 23:00:00+00:00,16.6045,67.0,0.0,1012.5861,76.0,26.893105,256.41702,30.239998,Aalborg
2026-07-24 00:00:00+00:00,16.0545,74.0,0.0,1011.88446,49.0,29.324617,257.21094,37.8,Aalborg
2026-07-24 01:00:00+00:00,15.304501,83.0,0.0,1011.3816,49.0,32.511337,263.1819,38.16,Aalborg
2026-07-24 02:00:00+00:00,15.1545,83.0,0.0,1011.3809,73.0,34.928913,271.72696,42.12,Aalborg
2026-07-24 03:00:00+00:00,15.2545,80.0,0.0,1011.3816,52.0,35.862858,273.6462,46.8,Aalborg
2026-07-24 04:00:00+00:00,15.1045,80.0,0.0,1011.0813,77.0,35.141525,273.14804,46.079998,Aalborg
2026-07-24 05:00:00+00:00,15.3545,75.0,0.0,1010.98236,66.0,35.828083,278.44745,46.079998,Aalborg
2026-07-24 06:00:00+00:00,16.3045,73.0,0.0,1010.6872,85.0,43.799164,290.39496,50.399998,Aalborg
2026-07-24 07:00:00+00:00,17.154501,73.0,0.0,1010.7909,88.0,42.45744,292.85666,55.44,Aalborg
2026-07-24 08:00:00+00:00,17.6045,69.0,0.0,1010.9926,99.0,39.761623,293.39777,56.16,Aalborg
2026-07-24 09:00:00+00:00,18.2045,70.0,0.0,1011.1951,98.0,39.631363,290.1999,57.239998,Aalborg
2026-07-24 10:00:00+00:00,18.7545,68.0,0.0,1011.3974,96.0,37.960896,284.9997,55.079998,Aalborg
2026-07-24 11:00:00+00:00,19.7045,65.0,0.0,1011.50146,99.0,33.41016,280.89685,53.28,Aalborg
2026-07-24 12:00:00+00:00,19.2545,64.0,0.0,1011.19995,100.0,32.809616,269.38724,48.239998,Aalborg
2026-07-24 13:00:00+00:00,19.0545,65.0,0.0,1010.9992,100.0,34.789402,252.38733,44.28,Aalborg
2026-07-24 14:00:00+00:00,20.5045,63.0,0.0,1010.4064,88.0,38.34331,250.48717,45.719997,Aalborg
2026-07-24 15:00:00+00:00,20.2545,63.0,0.0,1009.90607,97.0,40.801216,253.51306,46.8,Aalborg
2026-07-24 16:00:00+00:00,19.7545,67.0,0.0,1009.3045,100.0,42.17923,250.05753,46.8,Aalborg
2026-07-24 17:00:00+00:00,19.0545,77.0,0.0,1008.60236,100.0,42.433872,246.61476,47.88,Aalborg
2026-07-24 18:00:00+00:00,18.5545,85.0,0.0,1008.0008,88.0,36.945114,248.5522,48.239998,Aalborg
2026-07-24 19:00:00+00:00,17.7545,86.0,0.1,1007.5976,83.0,36.129646,253.06082,50.76,Aalborg
2026-07-24 20:00:00+00:00,16.8545,84.0,0.0,1007.59375,67.0,33.01163,251.0835,43.92,Aalborg
2026-07-24 21:00:00+00:00,16.4545,81.0,0.0,1007.49194,98.0,29.516077,251.99574,40.32,Aalborg
2026-07-24 22:00:00+00:00,16.3545,80.0,0.0,1007.2916,96.0,27.023264,252.6237,36.719997,Aalborg
2026-07-24 23:00:00+00:00,15.9545,82.0,0.0,1006.69086,100.0,24.630148,247.8196,33.12,Aalborg
2026-07-25 00:00:00+00:00,15.2545,84.0,0.0,1006.08856,99.0,23.243313,241.11351,29.519999,Aalborg
2026-07-25 01:00:00+00:00,15.1045,86.0,0.0,1005.4886,100.0,24.624521,237.21573,29.16,Aalborg
2026-07-25 02:00:00+00:00,14.9045,89.0,0.1,1004.9884,100.0,24.867073,237.09476,25.919998,Aalborg
2026-07-25 03:00:00+00:00,14.804501,90.0,0.1,1004.2886,100.0,25.255184,235.7579,32.399998,Aalborg
2026-07-25 04:00:00+00:00,14.554501,89.0,0.0,1003.6884,100.0,24.678215,234.84105,27.72,Aalborg
2026-07-25 05:00:00+00:00,14.6545,89.0,0.0,1003.1894,100.0,25.024391,229.83447,30.599998,Aalborg
2026-07-25 06:00:00+00:00,14.9545,88.0,0.0,1002.3918,100.0,29.838114,234.8147,27.72,Aalborg
2026-07-25 07:00:00+00:00,15.6545,86.0,0.0,1002.0953,100.0,30.61207,237.40291,30.960001,Aalborg
2026-07-25 08:00:00+00:00,16.404501,82.0,0.0,1001.5994,100.0,30.070856,233.06316,30.599998,Aalborg
2026-07-25 09:00:00+00:00,17.0545,82.0,0.0,1001.3026,100.0,30.176613,232.7969,32.760002,Aalborg
2026-07-25 10:00:00+00:00,17.654501,81.0,0.0,1000.9059,100.0,32.798355,230.86154,33.12,Aalborg
2026-07-25 11:00:00+00:00,18.2545,77.0,0.0,1000.30914,100.0,35.814335,228.9726,35.28,Aalborg
2026-07-25 12:00:00+00:00,18.3545,75.0,0.0,1000.01025,99.0,37.093113,224.80836,36.0,Aalborg
2026-07-25 13:00:00+00:00,18.5045,69.0,0.0,999.2119,100.0,36.850018,225.96439,40.32,Aalborg
2026-07-25 14:00:00+00:00,18.5545,66.0,0.0,998.6129,100.0,34.744698,231.97272,41.760002,Aalborg
2026-07-25 15:00:00+00:00,17.3045,75.0,0.0,997.9082,100.0,40.97549,227.4293,43.92,Aalborg
2026-07-25 16:00:00+00:00,16.6045,85.0,0.7,997.5056,100.0,43.81322,226.7848,42.48,Aalborg
2026-07-25 17:00:00+00:00,16.3545,92.0,1.8,996.6055,100.0,45.1392,228.93987,39.239998,Aalborg
2026-07-25 18:00:00+00:00,15.5045,94.0,2.4,996.20233,100.0,44.84331,232.95068,45.36,Aalborg
2026-07-25 19:00:00+00:00,15.5045,93.0,1.3,996.1025,100.0,37.7658,245.57808,45.0,Aalborg
2026-07-25 20:00:00+00:00,15.4045,95.0,0.3,996.1022,100.0,30.775028,254.45834,45.36,Aalborg
2026-07-25 21:00:00+00:00,15.1545,90.0,0.1,996.79987,69.0,30.07188,258.559,44.28,Aalborg
2026-07-25 22:00:00+00:00,14.4045,90.0,0.0,997.0962,95.0,28.215162,259.24908,35.64,Aalborg
2026-07-25 23:00:00+00:00,14.1545,91.0,0.1,997.295,93.0,27.787006,256.49017,31.68,Aalborg
2026-07-26 00:00:00+00:00,13.9045,86.0,0.0,997.39355,95.0,28.454693,258.62082,36.0,Aalborg
2026-07-26 01:00:00+00:00,13.6045,86.0,0.0,997.1926,97.0,27.317806,255.87448,36.36,Aalborg
2026-07-26 02:00:00+00:00,13.2545,83.0,0.0,997.3907,100.0,26.764608,255.96373,33.12,Aalborg
2026-07-26 03:00:00+00:00,13.054501,89.0,0.0,997.1901,94.0,27.139198,253.08781,26.28,Aalborg
2026-07-26 04:00:00+00:00,13.1545,88.0,0.0,997.39014,99.0,26.85588,252.51192,26.64,Aalborg
2026-07-26 05:00:00+00:00,13.6545,89.0,0.0,997.3926,85.0,25.257013,249.67677,28.44,Aalborg
2026-07-26 06:00:00+00:00,14.304501,87.0,0.0,997.39545,100.0,26.521423,252.28412,31.319998,Aalborg
2026-07-26 07:00:00+00:00,14.5045,79.0,0.0,997.5961,87.0,28.697582,258.0031,35.28,Aalborg
2026-07-26 08:00:00+00:00,15.7545,75.0,0.0,997.9013,71.0,26.594439,255.87204,34.2,Aalborg
2026-07-26 09:00:00+00:00,16.8545,75.0,0.0,997.70654,64.0,27.063671,256.50424,32.399998,Aalborg
2026-07-26 10:00:00+00:00,18.2545,71.0,0.0,997.8124,72.0,25.308754,262.4317,34.56,Aalborg
2026-07-26 11:00:00+00:00,19.4545,66.0,0.0,997.71783,68.0,23.824026,260.67648,34.2,Aalborg
2026-07-26 12:00:00+00:00,20.0545,62.0,0.0,997.2214,78.0,15.80638,278.93948,36.0,Aalborg
2026-07-26 13:00:00+00:00,20.0545,61.0,0.0,997.32117,90.0,17.36969,269.4213,36.0,Aalborg
2026-07-26 14:00:00+00:00,19.7045,62.0,0.0,997.41956,96.0,16.67534,268.19128,31.68,Aalborg
2026-07-26 15:00:00+00:00,19.7545,68.0,0.0,997.61957,87.0,15.385014,277.20596,26.64,Aalborg
2026-07-26 16:00:00+00:00,19.654501,67.0,0.0,997.2194,88.0,13.724938,302.47116,26.64,Aalborg
2026-07-26 17:00:00+00:00,18.654501,64.0,0.0,997.3149,99.0,12.797683,326.74564,22.319998,Aalborg
2026-07-26 18:00:00+00:00,17.8045,68.0,0.0,997.21136,92.0,14.018939,314.49304,20.880001,Aalborg
2026-07-26 19:00:00+00:00,16.7045,70.0,0.0,997.50586,91.0,17.51088,307.67365,22.319998,Aalborg
2026-07-26 20:00:00+00:00,16.2045,75.0,0.0,997.7035,88.0,18.49067,303.38855,21.24,Aalborg
2026-07-26 21:00:00+00:00,15.6545,80.0,0.0,997.80084,100.0,19.651121,290.37653,23.039999,Aalborg
2026-07-26 22:00:00+00:00,15.3545,82.0,0.0,997.7995,100.0,22.80752,292.6199,29.16,Aalborg
2026-07-26 23:00:00+00:00,14.8545,84.0,0.0,998.09705,100.0,25.54782,293.04364,31.68,Aalborg
2026-07-27 00:00:00+00:00,14.804501,82.0,0.0,998.49615,99.0,30.918716,292.34482,34.56,Aalborg
2026-07-27 01:00:00+00:00,14.1045,72.0,0.0,998.8925,45.0,31.603512,291.15176,39.96,Aalborg
2026-07-27 02:00:00+00:00,13.554501,76.0,0.0,999.18964,28.0,33.081024,293.438,37.8,Aalborg
2026-07-27 03:00:00+00:00,13.304501,78.0,0.0,999.6877,45.0,32.92013,293.55945,33.839996,Aalborg
2026-07-27 04:00:00+00:00,13.6045,77.0,0.0,1000.08887,80.0,31.911726,289.92938,41.039997,Aalborg
2026-07-27 05:00:00+00:00,14.2045,73.0,0.0,1000.6908,37.0,35.008133,288.70743,45.0,Aalborg
2026-07-27 06:00:00+00:00,14.7045,73.0,0.0,1001.1924,88.0,37.208694,290.99878,46.079998,Aalborg
2026-07-27 07:00:00+00:00,15.2045,75.0,0.0,1001.7937,58.0,34.25489,284.5345,48.239998,Aalborg
2026-07-27 08:00:00+00:00,16.154501,69.0,0.0,1002.3974,88.0,36.471783,281.0937,49.68,Aalborg
2026-07-27 09:00:00+00:00,16.7545,68.0,0.0,1002.7994,76.0,37.70217,283.45425,48.6,Aalborg
2026-07-27 10:00:00+00:00,17.7045,63.0,0.0,1003.50287,76.0,41.187523,286.58243,54.719997,Aalborg
2026-07-27 11:00:00+00:00,17.8545,59.0,0.0,1004.2026,72.0,43.355595,286.45505,59.399998,Aalborg
2026-07-27 12:00:00+00:00,17.8545,56.0,0.0,1004.6021,64.0,43.559578,287.34033,62.639996,Aalborg
2026-07-27 13:00:00+00:00,18.2045,58.0,0.0,1005.50244,72.0,47.60217,288.70215,65.520004,Aalborg
2026-07-27 14:00:00+00:00,17.9545,60.0,0.0,1006.1005,69.0,46.38222,283.56317,65.88,Aalborg
2026-07-27 15:00:00+00:00,17.7545,65.0,0.0,1006.59894,63.0,46.0422,284.5658,61.920002,Aalborg
2026-07-27 16:00:00+00:00,17.2545,64.0,0.0,1006.9961,83.0,44.39561,282.55334,60.120003,Aalborg
2026-07-27 17:00:00+00:00,16.904501,64.0,0.0,1007.39404,79.0,46.98485,279.67328,61.920002,Aalborg
2026-07-27 18:00:00+00:00,16.404501,66.0,0.0,1007.69147,64.0,50.12867,283.35535,62.639996,Aalborg
2026-07-27 19:00:00+00:00,15.5045,68.0,0.0,1008.4863,66.0,45.02347,279.64578,62.639996,Aalborg
2026-07-27 20:00:00+00:00,14.7545,69.0,0.0,1009.0821,90.0,43.091755,279.84576,61.56,Aalborg
2026-07-27 21:00:00+00:00,14.9045,70.0,0.0,1009.68225,99.0,40.496437,278.97253,57.96,Aalborg
2026-07-27 22:00:00+00:00,14.7045,72.0,0.0,1010.0808,88.0,38.433113,277.8711,58.679996,Aalborg
2026-07-27 23:00:00+00:00,14.4045,69.0,0.0,1010.4787,96.0,37.668278,277.2242,58.32,Aalborg
2026-07-28 00:00:00+00:00,14.054501,70.0,0.0,1011.07623,98.0,37.195457,270.5405,53.28,Aalborg
2026-07-28 01:00:00+00:00,14.1045,70.0,0.0,1011.3762,100.0,37.548374,269.19687,49.32,Aalborg
2026-07-28 02:00:00+00:00,14.1045,71.0,0.0,1011.5759,78.0,33.50951,270.0,48.239998,Aalborg
2026-07-28 03:00:00+00:00,13.804501,75.0,0.0,1011.3749,91.0,31.942577,271.57364,46.8,Aalborg
2026-07-28 04:00:00+00:00,14.054501,75.0,0.0,1011.77527,88.0,30.559237,267.3676,44.639996,Aalborg
2026-07-28 05:00:00+00:00,14.3545,75.0,0.0,1012.2763,77.0,28.777374,268.95206,42.12,Aalborg
2026-07-28 06:00:00+00:00,15.304501,74.0,0.0,1012.48016,70.0,25.264322,269.6021,40.68,Aalborg
2026-07-28 07:00:00+00:00,16.0545,67.0,0.0,1012.78326,74.0,29.177298,281.44504,35.28,Aalborg
2026-07-28 08:00:00+00:00,17.154501,59.0,0.0,1013.1878,63.0,28.012068,278.28226,36.719997,Aalborg
2026-07-28 09:00:00+00:00,18.2045,56.0,0.0,1013.29236,62.0,28.41139,278.88058,37.079998,Aalborg
2026-07-28 10:00:00+00:00,19.4545,60.0,0.0,1013.6973,86.0,24.417406,267.1171,35.64,Aalborg
2026-07-28 11:00:00+00:00,19.5045,54.0,0.0,1014.09717,80.0,29.838114,257.43466,41.399998,Aalborg
2026-07-28 12:00:00+00:00,20.2045,51.0,0.0,1014.2002,82.0,29.662228,263.54764,46.079998,Aalborg
2026-07-28 13:00:00+00:00,20.8045,50.0,0.0,1014.60223,85.0,33.24438,257.504,51.12,Aalborg
2026-07-28 14:00:00+00:00,21.2545,58.0,0.0,1015.0036,87.0,31.795773,252.66475,51.12,Aalborg
2026-07-28 15:00:00+00:00,20.8045,63.0,0.0,1014.60223,95.0,31.679388,251.26393,43.92,Aalborg
2026-07-28 16:00:00+00:00,19.3045,68.0,0.0,1014.2959,100.0,23.889183,246.63564,34.56,Aalborg
2026-07-28 17:00:00+00:00,17.5545,81.0,0.2,1014.0886,100.0,23.318012,219.1984,29.519999,Aalborg
2026-07-28 18:00:00+00:00,16.7045,91.0,0.6,1013.2854,100.0,31.239105,208.1481,27.0,Aalborg
2026-07-28 19:00:00+00:00,16.404501,90.0,0.2,1013.1843,100.0,34.03448,210.00124,34.2,Aalborg
2026-07-28 20:00:00+00:00,16.5545,91.0,0.0,1013.18494,100.0,30.782028,226.8476,39.239998,Aalborg
2026-07-28 21:00:00+00:00,16.904501,94.0,0.0,1013.3862,100.0,29.501472,243.13026,39.6,Aalborg
2026-07-28 22:00:00+00:00,17.3545,95.0,0.0,1013.4884,100.0,30.994282,244.16023,37.8,Aalborg
2026-07-28 23:00:00+00:00,17.5545,95.0,0.0,1013.5893,100.0,29.188902,242.81897,34.56,Aalborg
2026-07-29 00:00:00+00:00,17.5045,95.0,0.0,1013.6888,100.0,29.199974,245.12871,35.28,Aalborg
2026-07-29 01:00:00+00:00,17.404501,95.0,0.0,1013.98773,99.0,28.502245,245.64362,34.56,Aalborg
2026-07-29 02:00:00+00:00,17.2545,95.0,0.0,1014.2866,96.0,28.174225,242.15846,31.319998,Aalborg
2026-07-29 03:00:00+00:00,16.904501,96.0,0.0,1014.38495,78.0,27.947714,241.50446,28.08,Aalborg
2026-07-29 04:00:00+00:00,16.6045,96.0,0.0,1014.4836,77.0,26.091429,237.91296,23.039999,Aalborg
2026-07-29 05:00:00+00:00,16.904501,95.0,0.0,1014.38495,88.0,22.824383,235.33263,20.880001,Aalborg
2026-07-29 06:00:00+00:00,17.154501,94.0,0.0,1014.48615,90.0,24.087425,227.3614,20.880001,Aalborg
2026-07-29 07:00:00+00:00,17.8045,92.0,0.0,1014.78864,88.0,25.555649,224.9999,19.8,Aalborg
2026-07-29 08:00:00+00:00,19.2545,89.0,0.0,1014.8952,90.0,21.60508,214.07724,20.519999,Aalborg
2026-07-29 09:00:00+00:00,21.4545,83.0,0.0,1015.0046,78.0,19.136906,211.50421,22.319998,Aalborg
2026-07-29 10:00:00+00:00,23.3045,76.0,0.0,1015.11273,80.0,20.022741,208.8107,25.199999,Aalborg
2026-07-29 11:00:00+00:00,24.9545,69.0,0.0,1015.21954,69.0,22.80752,216.86998,28.08,Aalborg
2026-07-29 12:00:00+00:00,26.0045,64.0,0.0,1015.0243,44.0,23.447016,224.69687,34.2,Aalborg
2026-07-29 13:00:00+00:00,27.0545,58.0,0.0,1014.52936,36.0,24.441975,224.12762,32.039997,Aalborg
2026-07-29 14:00:00+00:00,27.7545,54.0,0.0,1014.3324,38.0,27.517635,220.08614,32.760002,Aalborg
2026-07-29 15:00:00+00:00,28.2545,48.0,0.0,1013.93524,43.0,26.55274,223.92926,34.2,Aalborg
2026-07-29 16:00:00+00:00,28.1045,48.0,0.0,1013.635,56.0,23.71071,222.9011,33.839996,Aalborg
2026-07-29 17:00:00+00:00,27.8545,47.0,0.0,1013.33435,64.0,22.059055,219.51381,28.8,Aalborg
2026-07-29 18:00:00+00:00,27.3545,52.0,0.0,1013.0325,79.0,20.472715,226.04153,27.0,Aalborg
2026-07-29 19:00:00+00:00,26.4545,59.0,0.0,1013.22845,74.0,16.382984,226.73567,14.759999,Aalborg
2026-07-29 20:00:00+00:00,25.404501,59.0,0.0,1013.32385,63.0,16.0987,196.4601,16.919998,Aalborg
2026-07-29 21:00:00+00:00,24.154501,59.0,0.0,1012.71924,90.0,21.254622,182.83873,21.24,Aalborg
2026-07-29 22:00:00+00:00,23.2045,60.0,0.0,1012.3156,92.0,22.784565,173.36758,18.359999,Aalborg
2026-07-29 23:00:00+00:00,21.904501,66.0,0.0,1012.1102,46.0,25.477846,176.84212,15.119999,Aalborg
2026-07-30 00:00:00+00:00,21.1045,70.0,0.0,1011.7072,89.0,24.690058,188.99371,15.119999,Aalborg
2026-07-30 01:00:00+00:00,20.6045,73.0,0.0,1011.3054,99.0,23.862755,199.76726,15.84,Aalborg
2026-07-30 02:00:00+00:00,20.1045,74.0,0.0,1010.9038,88.0,22.636837,198.99675,16.199999,Aalborg
2026-07-30 03:00:00+00:00,19.7045,77.0,0.0,1010.60266,94.0,20.439611,212.73521,15.4800005,Aalborg
2026-07-30 04:00:00+00:00,19.5045,79.0,0.0,1010.4019,88.0,17.367918,224.9999,15.119999,Aalborg
2026-07-30 05:00:00+00:00,19.8545,75.0,0.0,1010.20374,65.0,13.482842,212.24243,12.959999,Aalborg
2026-07-30 06:00:00+00:00,20.5545,70.0,0.0,1010.5065,38.0,16.77839,201.46771,11.879999,Aalborg
2026-07-30 07:00:00+00:00,21.9545,64.0,0.0,1010.31274,40.0,6.833253,221.87778,11.879999,Aalborg
2026-07-30 08:00:00+00:00,23.5045,58.0,0.0,1010.31934,75.0,4.8174853,236.88864,11.879999,Aalborg
2026-07-30 09:00:00+00:00,25.4545,51.0,0.0,1009.6288,38.0,4.3331094,158.62932,14.4,Aalborg
2026-07-30 10:00:00+00:00,27.904501,45.0,0.0,1008.83997,28.0,9.687539,144.58286,23.4,Aalborg
2026-07-30 11:00:00+00:00,29.7045,46.0,0.0,1007.94867,57.0,17.948374,140.553,34.92,Aalborg
2026-07-30 12:00:00+00:00,29.7045,43.0,0.0,1007.1497,57.0,23.914295,157.5741,39.239998,Aalborg
2026-07-30 13:00:00+00:00,30.5545,40.0,0.0,1006.3541,58.0,31.001732,168.24496,42.839996,Aalborg
2026-07-30 14:00:00+00:00,31.3045,34.0,0.0,1005.35846,74.0,34.652878,192.27708,47.519997,Aalborg
2026-07-30 15:00:00+00:00,31.1045,44.0,0.0,1005.3575,73.0,41.74204,243.00424,48.96,Aalborg
2026-07-30 16:00:00+00:00,29.2045,53.0,0.0,1005.9493,77.0,35.71493,254.32516,46.8,Aalborg
2026-07-30 17:00:00+00:00,27.2545,57.0,0.0,1006.64026,76.0,27.643185,286.59482,48.96,Aalborg
2026-07-30 18:00:00+00:00,24.0045,61.0,0.0,1008.2243,95.0,29.668455,272.03326,43.199997,Aalborg
2026-07-30 19:00:00+00:00,21.3545,68.0,0.0,1009.31146,84.0,28.475775,273.53223,42.839996,Aalborg
2026-07-30 20:00:00+00:00,20.0045,74.0,0.0,1009.8048,99.0,29.482683,268.6361,37.8,Aalborg
2026-07-30 21:00:00+00:00,18.6045,81.0,0.0,1010.2978,100.0,28.441166,272.12103,36.36,Aalborg
2026-07-30 22:00:00+00:00,17.7545,77.0,0.0,1011.0931,100.0,27.369587,270.36725,35.64,Aalborg
2026-07-30 23:00:00+00:00,17.1045,77.0,0.0,1011.78925,100.0,26.325726,268.4725,35.28,Aalborg
2026-07-31 00:00:00+00:00,16.5545,78.0,0.0,1012.1862,43.0,26.528965,266.96735,33.839996,Aalborg
2026-07-31 01:00:00+00:00,16.0045,79.0,0.0,1012.5832,55.0,24.417406,267.1171,36.0,Aalborg
2026-07-31 02:00:00+00:00,15.554501,77.0,0.0,1012.68115,35.0,24.47721,265.06592,36.36,Aalborg
2026-07-31 03:00:00+00:00,15.4045,77.0,0.0,1012.3809,14.0,24.799524,265.94333,35.64,Aalborg
2026-07-31 04:00:00+00:00,15.1545,76.0,0.0,1012.6792,15.0,23.697721,262.76984,29.88,Aalborg
2026-07-31 05:00:00+00:00,15.3545,69.0,0.0,1012.97974,33.0,20.765303,256.31595,32.760002,Aalborg
2026-07-31 06:00:00+00:00,15.7545,67.0,0.0,1013.481,39.0,26.051285,257.5549,33.12,Aalborg
2026-07-31 07:00:00+00:00,17.0545,65.0,0.0,1013.6866,94.0,28.238062,261.06445,33.839996,Aalborg
2026-07-31 08:00:00+00:00,18.0045,62.0,0.0,1013.7908,55.0,28.612188,260.82654,35.28,Aalborg
2026-07-31 09:00:00+00:00,19.0045,55.0,0.0,1013.995,60.0,27.665447,259.4027,41.039997,Aalborg
2026-07-31 10:00:00+00:00,19.654501,56.0,0.0,1013.99786,63.0,27.044329,258.39853,41.760002,Aalborg
2026-07-31 11:00:00+00:00,20.3045,56.0,0.0,1014.4003,60.0,24.643265,257.24997,38.519997,Aalborg
2026-07-31 12:00:00+00:00,20.6045,54.0,0.0,1014.1019,51.0,24.198978,263.3388,41.399998,Aalborg
2026-07-31 13:00:00+00:00,21.154501,52.0,0.0,1014.0045,44.0,23.198908,262.1764,36.0,Aalborg
2026-07-31 14:00:00+00:00,20.654501,54.0,0.0,1013.9025,31.0,23.673683,258.0239,33.839996,Aalborg
2026-07-31 15:00:00+00:00,21.3045,51.0,0.0,1013.5058,30.0,22.536674,258.7776,34.92,Aalborg
2026-07-31 16:00:00+00:00,21.0045,54.0,0.0,1013.4047,36.0,22.555788,261.05063,33.839996,Aalborg
2026-07-31 17:00:00+00:00,19.8545,58.0,0.0,1013.5994,33.0,22.47376,267.76306,33.12,Aalborg
2026-07-31 18:00:00+00:00,18.8545,60.0,0.0,1013.69476,14.0,20.776419,274.8439,29.88,Aalborg
2026-07-31 19:00:00+00:00,17.7545,64.0,0.0,1014.08923,22.0,18.736237,276.99182,29.16,Aalborg
2026-07-31 20:00:00+00:00,16.654501,67.0,0.0,1014.2841,80.0,17.733582,267.7321,28.08,Aalborg
2026-07-31 21:00:00+00:00,15.8545,70.0,0.0,1014.38025,1.0,18.71569,263.5413,20.880001,Aalborg
2026-07-31 22:00:00+00:00,14.9045,72.0,0.0,1014.5759,3.0,19.863,266.4553,23.4,Aalborg
2026-07-31 23:00:00+00:00,14.3545,75.0,0.0,1014.57336,5.0,19.154589,261.57312,23.4,Aalborg
2026-08-01 00:00:00+00:00,13.6545,83.0,0.0,1014.37036,4.0,18.863125,260.36252,16.199999,Aalborg
2026-08-01 01:00:00+00:00,13.0045,84.0,0.0,1014.3672,5.0,18.033062,252.44637,13.679999,Aalborg
2026-08-01 02:00:00+00:00,12.8545,86.0,0.0,1014.3666,7.0,17.74052,241.66096,14.04,Aalborg
2026-08-01 03:00:00+00:00,12.7545,89.0,0.0,1013.9664,38.0,18.762505,241.51791,14.4,Aalborg
2026-08-01 04:00:00+00:00,12.7545,89.0,0.0,1013.76666,29.0,18.442333,244.65387,15.84,Aalborg
2026-08-01 05:00:00+00:00,13.2045,87.0,0.0,1013.86884,22.0,15.459856,242.27184,10.799999,Aalborg
2026-08-01 06:00:00+00:00,14.2045,89.0,0.0,1014.0733,19.0,13.418768,244.44008,16.56,Aalborg
2026-08-01 07:00:00+00:00,15.6045,83.0,0.0,1014.1795,64.0,13.873273,260.53775,16.199999,Aalborg
2026-08-01 08:00:00+00:00,16.8045,73.0,0.0,1014.5845,58.0,15.036964,262.6263,21.599998,Aalborg
2026-08-01 09:00:00+00:00,17.9545,73.0,0.0,1014.88916,60.0,16.766462,256.6908,22.68,Aalborg
2026-08-01 10:00:00+00:00,18.9545,59.0,0.0,1015.0934,73.0,20.361155,251.40883,29.519999,Aalborg
2026-08-01 11:00:00+00:00,20.3045,50.0,0.0,1015.0994,58.0,22.653149,253.81071,35.64,Aalborg
2026-08-01 12:00:00+00:00,20.7545,48.0,0.0,1014.7017,39.0,21.496536,254.3757,34.92,Aalborg
2026-08-01 13:00:00+00:00,21.2045,46.0,0.0,1014.5043,34.0,25.29902,251.81625,35.28,Aalborg
2026-08-01 14:00:00+00:00,21.154501,49.0,0.0,1014.40405,67.0,28.728134,254.77551,38.88,Aalborg
2026-08-01 15:00:00+00:00,21.154501,55.0,0.0,1014.40405,81.0,29.063147,256.38318,41.760002,Aalborg
2026-08-01 16:00:00+00:00,20.654501,64.0,0.0,1014.0024,87.0,29.570772,251.67245,42.12,Aalborg
2026-08-01 17:00:00+00:00,20.3045,64.0,0.0,1014.1007,64.0,29.404282,251.56496,38.16,Aalborg
2026-08-01 18:00:00+00:00,19.4545,68.0,0.0,1014.2965,85.0,28.943752,254.5316,34.56,Aalborg
2026-08-01 19:00:00+00:00,18.1045,79.0,0.0,1014.59015,81.0,27.2343,256.5904,36.0,Aalborg
2026-08-01 20:00:00+00:00,17.3045,75.0,0.0,1014.7863,83.0,24.752935,253.10619,32.039997,Aalborg
2026-08-01 21:00:00+00:00,16.5045,76.0,0.0,1015.0825,70.0,23.30811,250.20103,32.039997,Aalborg
2026-08-01 22:00:00+00:00,15.6045,68.0,0.0,1015.378,78.0,23.9593,246.25049,33.12,Aalborg
2026-08-01 23:00:00+00:00,14.8545,67.0,0.0,1015.37445,88.0,24.351133,246.20515,32.039997,Aalborg
2026-08-02 00:00:00+00:00,14.3545,75.0,0.0,1015.17255,94.0,24.829292,240.35565,25.199999,Aalborg
2026-08-02 01:00:00+00:00,14.0045,77.0,0.0,1015.07104,86.0,25.849648,238.03587,26.64,Aalborg
2026-08-02 02:00:00+00:00,14.0045,77.0,0.0,1015.07104,55.0,25.546013,236.20076,25.919998,Aalborg
2026-08-02 03:00:00+00:00,13.6545,88.0,0.0,1015.06946,89.0,26.330986,235.03918,24.84,Aalborg
2026-08-02 04:00:00+00:00,13.2045,86.0,0.0,1015.26697,17.0,25.42887,230.59937,25.199999,Aalborg
2026-08-02 05:00:00+00:00,13.554501,84.0,0.0,1015.3684,53.0,26.357275,228.77829,25.199999,Aalborg
2026-08-02 06:00:00+00:00,14.7045,77.0,0.0,1015.4737,81.0,25.803762,224.9999,28.8,Aalborg
2026-08-02 07:00:00+00:00,15.6045,72.0,0.0,1015.6776,93.0,28.904911,236.88866,34.2,Aalborg
2026-08-02 08:00:00+00:00,17.154501,69.0,0.0,1015.88434,92.0,30.908262,250.4336,35.64,Aalborg
2026-08-02 09:00:00+00:00,18.154501,61.0,0.0,1015.88885,84.0,29.248945,257.88126,42.12,Aalborg
2026-08-02 10:00:00+00:00,18.0045,59.0,0.0,1016.1877,99.0,28.798761,258.75854,42.12,Aalborg
2026-08-02 11:00:00+00:00,18.404501,63.0,0.1,1016.48926,92.0,28.765076,259.10132,39.96,Aalborg
2026-08-02 12:00:00+00:00,19.2045,63.0,0.0,1016.6925,94.0,24.938145,262.7251,41.039997,Aalborg
2026-08-02 13:00:00+00:00,20.2045,57.0,0.0,1016.7968,86.0,26.459259,258.91364,42.48,Aalborg
2026-08-02 14:00:00+00:00,20.5045,52.0,0.0,1016.9979,78.0,26.874784,262.8751,44.639996,Aalborg
2026-08-02 15:00:00+00:00,20.3545,53.0,0.0,1016.9972,72.0,26.723175,262.45517,43.56,Aalborg
2026-08-02 16:00:00+00:00,20.154501,57.0,0.0,1017.0961,73.0,24.876976,263.92764,41.760002,Aalborg
2026-08-02 17:00:00+00:00,20.5045,57.0,0.0,1017.1977,33.0,22.642954,268.224,32.760002,Aalborg
2026-08-02 18:00:00+00:00,19.5045,66.0,0.0,1017.1932,33.0,18.736237,276.99182,28.8,Aalborg
2026-08-02 19:00:00+00:00,18.3545,69.0,0.0,1017.68744,39.0,17.450132,279.84106,25.919998,Aalborg
2026-08-02 20:00:00+00:00,16.7045,75.0,0.0,1018.0792,57.0,17.480972,280.40765,24.48,Aalborg
2026-08-02 21:00:00+00:00,15.6545,81.0,0.0,1018.2742,56.0,18.752657,280.78424,16.56,Aalborg
2026-08-02 22:00:00+00:00,15.1045,83.0,0.0,1018.57153,25.0,17.844318,276.77557,17.64,Aalborg
2026-08-02 23:00:00+00:00,14.6545,85.0,0.0,1018.4694,41.0,17.600298,274.57382,17.64,Aalborg
2026-08-03 00:00:00+00:00,14.054501,89.0,0.0,1018.2668,78.0,16.495323,268.78116,15.119999,Aalborg
2026-08-03 01:00:00+00:00,13.304501,89.0,0.0,1018.463,97.0,15.124728,266.00916,10.799999,Aalborg
2026-08-03 02:00:00+00:00,12.7045,89.0,0.0,1018.36066,99.0,14.046357,260.6554,8.28,Aalborg
2026-08-03 03:00:00+00:00,12.4045,88.0,0.0,1018.05945,100.0,13.861065,269.27478,9.0,Aalborg
2026-08-03 04:00:00+00:00,12.4545,88.0,0.0,1018.2595,67.0,11.579203,270.0,8.64,Aalborg
2026-08-03 05:00:00+00:00,12.9045,86.0,0.0,1018.56134,82.0,9.730336,244.35904,8.28,Aalborg
2026-08-03 06:00:00+00:00,13.7545,77.0,0.0,1018.56525,85.0,8.907917,237.87503,11.879999,Aalborg
2026-08-03 07:00:00+00:00,14.554501,72.0,0.0,1018.6688,92.0,6.87815,264.14407,13.32,Aalborg
2026-08-03 08:00:00+00:00,16.2545,69.0,0.0,1018.87634,98.0,6.9869285,298.49554,14.04,Aalborg
2026-08-03 09:00:00+00:00,17.7545,69.0,0.0,1018.98285,96.0,4.2433867,299.74478,14.04,Aalborg
2026-08-03 10:00:00+00:00,18.904501,65.0,0.0,1019.18805,83.0,2.280752,270.0,13.679999,Aalborg
2026-08-03 11:00:00+00:00,20.154501,59.0,0.0,1018.99365,88.0,3.063971,246.3706,14.759999,Aalborg
2026-08-03 12:00:00+00:00,21.0045,54.0,0.0,1018.2984,75.0,0.7233678,194.03627,15.119999,Aalborg
2026-08-03 13:00:00+00:00,21.6045,49.0,0.0,1017.80164,63.0,0.7846026,153.43501,14.759999,Aalborg
2026-08-03 14:00:00+00:00,22.0045,46.0,0.0,1017.50397,64.0,1.0229965,210.96368,15.84,Aalborg
2026-08-03 15:00:00+00:00,22.5045,44.0,0.0,1016.9069,48.0,1.6174996,192.5288,21.96,Aalborg
2026-08-03 16:00:00+00:00,23.1045,43.0,0.0,1016.50995,54.0,2.481131,135.0001,21.96,Aalborg
2026-08-03 17:00:00+00:00,22.1045,45.0,0.0,1016.2059,35.0,8.883697,80.909805,19.08,Aalborg
2026-08-03 18:00:00+00:00,21.5045,51.0,0.0,1015.9037,41.0,9.807531,100.30479,17.28,Aalborg
2026-08-03 19:00:00+00:00,20.1045,59.0,0.0,1016.09717,63.0,6.2028275,98.13002,17.64,Aalborg
2026-08-03 20:00:00+00:00,18.5545,65.0,0.0,1016.2901,65.0,6.170489,104.82652,14.4,Aalborg
2026-08-03 21:00:00+00:00,17.904501,60.0,0.0,1016.3872,98.0,5.663287,106.18928,11.879999,Aalborg
2026-08-03 22:00:00+00:00,17.5045,67.0,0.0,1016.28534,86.0,8.40111,118.70586,8.64,Aalborg
2026-08-03 23:00:00+00:00,16.904501,79.0,0.0,1016.08276,9.0,12.275959,120.963684,8.28,Aalborg
2026-08-04 00:00:00+00:00,16.2045,87.0,0.0,1015.58026,10.0,14.990837,124.992096,7.92,Aalborg
2026-08-04 01:00:00+00:00,15.9045,89.0,0.0,1015.7786,94.0,14.91261,118.072395,7.92,Aalborg
2026-08-04 02:00:00+00:00,15.804501,89.0,0.0,1015.4788,94.0,16.97808,113.12087,9.72,Aalborg
2026-08-04 03:00:00+00:00,16.0545,87.0,0.0,1014.88055,90.0,19.196323,108.10386,14.4,Aalborg
2026-08-04 04:00:00+00:00,16.2045,87.0,0.0,1014.981,86.0,20.785305,111.801476,12.959999,Aalborg
2026-08-04 05:00:00+00:00,16.8545,84.0,0.0,1014.6846,59.0,21.970272,108.145676,14.759999,Aalborg
2026-08-04 06:00:00+00:00,17.8545,78.0,0.0,1014.689,70.0,26.426085,100.71308,21.96,Aalborg
2026-08-04 07:00:00+00:00,19.404501,68.0,0.0,1014.3964,79.0,21.921883,102.479065,29.519999,Aalborg
2026-08-04 08:00:00+00:00,20.7045,58.0,0.0,1014.4021,84.0,24.302422,107.650215,29.88,Aalborg
2026-08-04 09:00:00+00:00,22.154501,59.0,0.0,1014.4085,50.0,27.434175,110.98497,32.760002,Aalborg
2026-08-04 10:00:00+00:00,22.8045,56.0,0.0,1014.3115,41.0,31.0766,115.40768,38.88,Aalborg
2026-08-04 11:00:00+00:00,23.7545,49.0,0.0,1013.8162,62.0,31.44534,120.141304,44.28,Aalborg
2026-08-04 12:00:00+00:00,24.154501,50.0,0.0,1013.21857,85.0,36.73834,123.310646,48.239998,Aalborg
2026-08-04 13:00:00+00:00,22.6045,70.0,0.4,1013.3118,90.0,35.29186,129.14911,44.28,Aalborg
2026-08-04 14:00:00+00:00,22.654501,72.0,0.1,1012.01373,82.0,31.73521,144.90411,43.56,Aalborg
2026-08-04 15:00:00+00:00,24.5045,76.0,0.0,1011.1228,75.0,29.501472,153.13026,37.8,Aalborg
2026-08-04 16:00:00+00:00,24.8545,71.0,0.0,1010.52515,74.0,25.617,156.59529,37.079998,Aalborg
2026-08-04 17:00:00+00:00,24.7545,73.0,0.0,1010.2249,43.0,26.305841,160.11475,36.36,Aalborg
2026-08-04 18:00:00+00:00,24.3045,72.0,0.0,1009.6238,58.0,29.063147,166.38318,38.519997,Aalborg
2026-08-04 19:00:00+00:00,23.6045,69.0,0.0,1009.8207,83.0,33.377438,169.3989,40.68,Aalborg
2026-08-04 20:00:00+00:00,22.7045,66.0,0.0,1010.01624,95.0,31.065706,171.22932,40.32,Aalborg
2026-08-04 21:00:00+00:00,22.0545,63.0,0.0,1010.0135,98.0,30.258099,166.93068,34.92,Aalborg
2026-08-04 22:00:00+00:00,21.7545,66.0,0.0,1009.5128,100.0,32.721786,166.03824,36.36,Aalborg
2026-08-04 23:00:00+00:00,21.404501,73.0,0.0,1008.91205,100.0,26.681677,178.116,39.6,Aalborg
2026-08-05 00:00:00+00:00,21.0045,77.0,0.0,1008.3112,100.0,35.874447,176.07417,37.8,Aalborg
2026-08-05 01:00:00+00:00,19.8045,87.0,1.9,1008.1061,100.0,30.025785,177.65591,36.0,Aalborg
2026-08-05 02:00:00+00:00,18.5045,94.0,7.2,1008.2003,100.0,27.397125,186.98839,38.88,Aalborg
2026-08-05 03:00:00+00:00,18.7545,95.0,4.6,1007.4025,100.0,27.114233,175.17487,34.56,Aalborg
2026-08-05 04:00:00+00:00,18.5545,95.0,0.4,1007.0021,100.0,26.10381,171.10753,28.08,Aalborg
2026-08-05 05:00:00+00:00,18.4545,95.0,0.0,1006.8017,97.0,21.064789,178.0909,33.839996,Aalborg
2026-08-05 06:00:00+00:00,18.5545,96.0,2.5,1006.4029,94.0,22.462803,178.65741,24.48,Aalborg
2026-08-05 07:00:00+00:00,19.0045,95.0,0.0,1006.205,100.0,16.93179,169.85452,23.039999,Aalborg
2026-08-05 08:00:00+00:00,20.3545,92.0,0.0,1005.8115,93.0,19.824999,180.0,22.68,Aalborg
2026-08-05 09:00:00+00:00,21.8045,84.0,0.0,1005.61816,83.0,23.249271,188.68033,27.359999,Aalborg
2026-08-05 10:00:00+00:00,22.7545,79.0,0.0,1005.3226,81.0,26.530704,200.11267,29.16,Aalborg
2026-08-05 11:00:00+00:00,23.904501,72.0,0.0,1004.82825,99.0,28.137056,212.00534,34.2,Aalborg
2026-08-05 12:00:00+00:00,24.9545,70.0,0.0,1005.33203,86.0,39.75582,233.43343,46.44,Aalborg
2026-08-05 13:00:00+00:00,25.2545,75.0,0.0,1005.9326,75.0,42.38488,245.02612,46.8,Aalborg
2026-08-05 14:00:00+00:00,25.1045,73.0,0.0,1006.33136,41.0,36.98176,245.62354,43.199997,Aalborg
2026-08-05 15:00:00+00:00,24.7045,75.0,0.0,1006.62946,74.0,36.562817,243.18912,41.039997,Aalborg
2026-08-05 16:00:00+00:00,23.5045,76.0,0.0,1006.6241,67.0,33.188778,243.29956,36.36,Aalborg
2026-08-05 17:00:00+00:00,22.654501,76.0,0.0,1007.0201,87.0,32.011875,243.29459,42.12,Aalborg
2026-08-05 18:00:00+00:00,21.5045,77.0,0.0,1007.7141,44.0,35.972546,240.80978,43.199997,Aalborg
2026-08-05 19:00:00+00:00,20.404501,80.0,0.0,1008.0091,60.0,30.606539,236.21881,43.92,Aalborg
2026-08-05 20:00:00+00:00,19.5045,81.0,0.0,1008.60425,99.0,30.119951,236.40247,39.96,Aalborg
2026-08-05 21:00:00+00:00,18.5545,80.0,0.0,1008.79974,85.0,28.769354,237.95761,38.16,Aalborg
2026-08-05 22:00:00+00:00,17.7045,81.0,0.0,1008.89594,47.0,27.127851,232.09245,34.92,Aalborg
2026-08-05 23:00:00+00:00,17.0545,87.0,0.0,1008.8928,0.0,25.928116,225.27414,29.16,Aalborg
2026-08-06 00:00:00+00:00,16.9545,88.0,0.0,1008.2932,2.0,26.79909,219.42134,29.519999,Aalborg
2026-08-06 01:00:00+00:00,16.3545,91.0,0.0,1008.1904,5.0,29.405853,217.48529,31.319998,Aalborg
2026-08-06 02:00:00+00:00,16.0045,92.0,0.0,1007.8893,3.0,29.299417,217.21306,31.319998,Aalborg
2026-08-06 03:00:00+00:00,15.7545,94.0,0.0,1008.1879,11.0,31.448765,215.46344,29.88,Aalborg
2026-08-06 04:00:00+00:00,15.6045,93.0,0.0,1008.1873,78.0,31.679388,214.39418,29.88,Aalborg
2026-08-06 05:00:00+00:00,16.0045,89.0,0.0,1008.08905,28.0,31.693476,215.53777,30.960001,Aalborg
2026-08-06 06:00:00+00:00,16.7545,81.0,0.0,1007.69305,46.0,33.74019,220.14882,38.88,Aalborg
2026-08-06 07:00:00+00:00,16.5545,76.0,0.0,1007.6921,43.0,36.982174,223.46228,39.239998,Aalborg
2026-08-06 08:00:00+00:00,17.404501,80.0,0.2,1007.8956,80.0,38.572613,229.42706,37.079998,Aalborg
2026-08-06 09:00:00+00:00,18.154501,69.0,0.0,1007.49963,70.0,39.924248,229.09839,49.32,Aalborg
2026-08-06 10:00:00+00:00,18.7045,70.0,0.0,1007.7019,97.0,42.914963,233.64532,49.32,Aalborg
2026-08-06 11:00:00+00:00,18.5045,78.0,0.1,1007.8008,97.0,41.5269,238.12294,49.68,Aalborg
2026-08-06 12:00:00+00:00,18.8545,78.0,0.0,1007.50275,99.0,39.371883,237.37216,49.32,Aalborg
2026-08-06 13:00:00+00:00,19.5045,78.0,0.0,1007.80524,69.0,41.05354,247.3801,49.32,Aalborg
2026-08-06 14:00:00+00:00,18.9545,77.0,0.0,1007.7029,99.0,43.040653,248.97919,47.519997,Aalborg
2026-08-06 15:00:00+00:00,18.4545,75.0,0.0,1008.2998,90.0,41.74572,249.58478,48.6,Aalborg
2026-08-06 16:00:00+00:00,17.404501,81.0,0.0,1008.0954,100.0,40.801216,249.61688,50.76,Aalborg
2026-08-06 17:00:00+00:00,17.1045,83.0,0.0,1008.1939,89.0,36.125813,262.18478,50.76,Aalborg
2026-08-06 18:00:00+00:00,17.5045,79.0,0.0,1008.79504,84.0,35.11655,272.29056,50.039997,Aalborg
2026-08-06 19:00:00+00:00,16.904501,82.0,0.0,1009.1917,85.0,37.721764,269.46704,47.88,Aalborg
2026-08-06 20:00:00+00:00,16.3545,80.0,0.0,1009.7883,100.0,38.40948,262.38815,53.28,Aalborg
2026-08-06 21:00:00+00:00,15.804501,79.0,0.0,1010.5852,77.0,42.318012,267.624,56.16,Aalborg
2026-08-06 22:00:00+00:00,15.1545,81.0,0.0,1010.88153,59.0,44.217068,270.90936,57.239998,Aalborg
2026-08-06 23:00:00+00:00,14.9045,80.0,0.0,1011.4799,59.0,44.350525,274.5377,59.399998,Aalborg
2026-08-07 00:00:00+00:00,14.7045,76.0,0.0,1011.47894,59.0,42.650204,271.65,59.399998,Aalborg
2026-08-07 01:00:00+00:00,14.304501,73.0,0.0,1011.7766,51.0,42.561707,274.01822,58.679996,Aalborg
2026-08-07 02:00:00+00:00,14.0045,72.0,0.0,1012.27466,88.0,42.14163,275.73422,58.32,Aalborg
2026-08-07 03:00:00+00:00,13.9045,70.0,0.0,1012.7734,74.0,41.094376,275.88086,57.239998,Aalborg
2026-08-07 04:00:00+00:00,13.7045,69.0,0.0,1013.2717,24.0,40.738934,280.92276,55.079998,Aalborg
2026-08-07 05:00:00+00:00,14.1545,69.0,0.0,1013.37396,40.0,39.752728,282.74823,51.839996,Aalborg
2026-08-07 06:00:00+00:00,14.7545,66.0,0.0,1014.07556,49.0,44.979355,284.68674,51.839996,Aalborg
2026-08-07 07:00:00+00:00,15.4045,63.0,0.0,1014.57806,60.0,42.148937,285.94547,51.839996,Aalborg
2026-08-07 08:00:00+00:00,16.1045,60.0,0.0,1014.7809,80.0,41.532455,284.682,51.12,Aalborg
2026-08-07 09:00:00+00:00,17.0045,59.0,0.0,1015.2845,66.0,39.615047,284.0978,53.639996,Aalborg
2026-08-07 10:00:00+00:00,17.2545,56.0,0.0,1015.4851,64.0,36.346664,282.82877,53.639996,Aalborg
2026-08-07 11:00:00+00:00,18.1045,53.0,0.0,1015.58887,60.0,36.3691,281.68933,52.56,Aalborg
2026-08-07 12:00:00+00:00,18.0545,51.0,0.0,1015.8885,73.0,37.545097,282.41263,51.839996,Aalborg
2026-08-07 13:00:00+00:00,17.8045,53.0,0.0,1016.1868,87.0,40.124577,280.3272,57.6,Aalborg
2026-08-07 14:00:00+00:00,17.8545,55.0,0.0,1016.38684,87.0,38.43311,281.0534,57.6,Aalborg
2026-08-07 15:00:00+00:00,17.8545,56.0,0.0,1016.38684,88.0,39.256012,278.99918,54.719997,Aalborg
2026-08-07 16:00:00+00:00,18.154501,55.0,0.0,1016.3882,77.0,39.122093,280.85635,52.199997,Aalborg
2026-08-07 17:00:00+00:00,17.9545,58.0,0.0,1016.7867,44.0,36.647324,277.7033,50.399998,Aalborg
2026-08-07 18:00:00+00:00,17.2545,62.0,0.0,1016.8833,60.0,31.339441,274.81683,47.88,Aalborg
2026-08-07 19:00:00+00:00,16.4545,68.0,0.0,1017.27924,27.0,25.97082,268.83878,42.12,Aalborg
2026-08-07 20:00:00+00:00,15.5045,76.0,0.0,1017.4746,19.0,24.394073,262.9773,41.039997,Aalborg
2026-08-07 21:00:00+00:00,15.3545,77.0,0.0,1017.7735,19.0,25.767954,263.74606,33.48,Aalborg
2026-08-07 22:00:00+00:00,14.7545,77.0,0.0,1018.0704,88.0,24.228853,259.9921,33.48,Aalborg
2026-08-07 23:00:00+00:00,14.2545,74.0,0.0,1018.1679,99.0,23.658728,256.2729,37.079998,Aalborg
2026-08-08 00:00:00+00:00,13.804501,75.0,0.0,1018.16595,99.0,24.913446,250.67177,38.519997,Aalborg
2026-08-08 01:00:00+00:00,13.7045,73.0,0.0,1018.2652,97.0,24.653255,253.8865,37.44,Aalborg
2026-08-08 02:00:00+00:00,13.7045,73.0,0.0,1018.3651,92.0,23.920086,257.28888,36.36,Aalborg
2026-08-08 03:00:00+00:00,13.304501,73.0,0.0,1018.36316,96.0,23.58054,252.239,32.399998,Aalborg
2026-08-08 04:00:00+00:00,13.554501,75.0,0.0,1018.5643,82.0,24.143585,247.34807,30.960001,Aalborg
2026-08-08 05:00:00+00:00,13.7545,79.0,0.0,1018.56525,59.0,23.981771,239.68329,25.919998,Aalborg
2026-08-08 06:00:00+00:00,14.4545,80.0,0.0,1018.76807,34.0,26.441221,230.92459,27.0,Aalborg
2026-08-08 07:00:00+00:00,16.2045,75.0,0.0,1018.876,32.0,24.107864,233.88057,33.12,Aalborg
2026-08-08 08:00:00+00:00,17.8045,64.0,0.0,1019.183,63.0,27.89756,240.21053,35.64,Aalborg
2026-08-08 09:00:00+00:00,18.9545,62.0,0.0,1018.7886,68.0,30.051912,244.03337,39.96,Aalborg
2026-08-08 10:00:00+00:00,19.8545,56.0,0.0,1019.09235,46.0,31.14783,247.47939,41.760002,Aalborg
2026-08-08 11:00:00+00:00,20.4545,53.0,0.0,1018.995,64.0,31.522081,250.15303,41.760002,Aalborg
2026-08-08 12:00:00+00:00,20.7545,50.0,0.0,1018.6966,87.0,31.58208,249.85365,43.56,Aalborg
2026-08-08 13:00:00+00:00,21.0045,48.0,0.0,1018.69794,70.0,32.51418,250.7828,43.199997,Aalborg
2026-08-08 14:00:00+00:00,21.6045,44.0,0.0,1018.7005,66.0,31.704643,256.88657,44.28,Aalborg
2026-08-08 15:00:00+00:00,21.2545,49.0,0.0,1018.2994,87.0,32.22129,254.52592,43.56,Aalborg
2026-08-08 16:00:00+00:00,20.9545,55.0,0.0,1018.29803,86.0,31.361534,255.41953,42.48,Aalborg
2026-08-08 17:00:00+00:00,20.7545,58.0,0.0,1018.0974,46.0,29.570772,251.67245,42.12,Aalborg
2026-08-08 18:00:00+00:00,19.904501,62.0,0.0,1018.2936,38.0,28.407598,250.89355,37.8,Aalborg
2026-08-08 19:00:00+00:00,19.154501,68.0,0.0,1018.4899,31.0,23.758043,249.69147,33.48,Aalborg
2026-08-08 20:00:00+00:00,17.9545,72.0,0.0,1018.2847,27.0,22.85134,241.07367,28.44,Aalborg
2026-08-08 21:00:00+00:00,17.0045,76.0,0.0,1018.48035,15.0,23.564869,230.74062,19.44,Aalborg
2026-08-08 22:00:00+00:00,16.2045,81.0,0.0,1018.4765,1.0,24.087425,227.3614,15.84,Aalborg
2026-08-08 23:00:00+00:00,15.3545,85.0,0.0,1018.0732,0.0,22.966887,227.16693,16.56,Aalborg
2026-08-09 00:00:00+00:00,14.7045,86.0,0.0,1017.3713,8.0,21.884644,221.09941,15.84,Aalborg
2026-08-09 01:00:00+00:00,14.304501,88.0,0.0,1017.2694,24.0,23.775528,205.80867,16.56,Aalborg
2026-08-09 02:00:00+00:00,13.8545,89.0,0.0,1016.76776,27.0,23.752214,202.58736,17.64,Aalborg
2026-08-09 03:00:00+00:00,13.4545,89.0,0.0,1015.86743,3.0,23.111837,195.40776,17.64,Aalborg
2026-08-09 04:00:00+00:00,13.054501,87.0,0.0,1015.4661,41.0,22.988987,190.10924,16.919998,Aalborg
2026-08-09 05:00:00+00:00,13.7045,79.0,0.0,1015.26917,74.0,23.04983,184.36517,19.8,Aalborg
2026-08-09 06:00:00+00:00,14.9545,79.0,0.0,1014.97534,75.0,24.584492,177.54602,22.319998,Aalborg
2026-08-09 07:00:00+00:00,16.3045,76.0,0.0,1014.4823,81.0,21.421947,177.65318,23.4,Aalborg
2026-08-09 08:00:00+00:00,18.3545,65.0,0.0,1013.8924,83.0,18.259504,182.20255,24.119999,Aalborg
2026-08-09 09:00:00+00:00,20.2545,55.0,0.0,1013.20184,89.0,19.881586,195.876,28.8,Aalborg
2026-08-09 10:00:00+00:00,22.8045,48.0,0.0,1012.9133,83.0,22.303976,197.86494,33.12,Aalborg
2026-08-09 11:00:00+00:00,24.2045,45.0,0.0,1012.2202,75.0,25.737474,202.01904,33.12,Aalborg
2026-08-09 12:00:00+00:00,25.2045,43.0,0.0,1011.32544,76.0,25.758392,204.12099,37.079998,Aalborg
2026-08-09 13:00:00+00:00,25.7045,40.0,0.0,1010.62854,82.0,25.268589,205.49751,38.16,Aalborg
2026-08-09 14:00:00+00:00,25.8545,38.0,0.0,1009.8302,72.0,24.981922,209.44533,38.88,Aalborg
2026-08-09 15:00:00+00:00,26.2545,37.0,0.0,1008.73315,68.0,24.843544,216.38445,38.519997,Aalborg
2026-08-09 16:00:00+00:00,25.904501,41.0,0.0,1008.33234,47.0,22.824383,230.9275,36.719997,Aalborg
2026-08-09 17:00:00+00:00,25.6045,46.0,0.0,1007.93164,77.0,25.427053,244.67267,37.079998,Aalborg
2026-08-09 18:00:00+00:00,24.3545,51.0,0.0,1007.7265,81.0,28.220617,254.49489,25.199999,Aalborg
2026-08-09 19:00:00+00:00,22.654501,53.0,0.0,1007.91895,83.0,28.03843,246.00111,16.56,Aalborg
2026-08-09 20:00:00+00:00,21.154501,55.0,0.0,1007.7126,85.0,26.225569,241.2061,16.56,Aalborg
2026-08-09 21:00:00+00:00,20.2045,54.0,0.0,1007.4089,98.0,23.697725,236.78052,20.519999,Aalborg
2026-08-09 22:00:00+00:00,19.404501,61.0,0.0,1007.2057,100.0,27.290749,239.4785,24.119999,Aalborg
2026-08-09 23:00:00+00:00,18.7545,85.0,0.0,1007.00305,100.0,26.246685,250.4749,31.319998,Aalborg
2026-08-10 00:00:00+00:00,18.404501,85.0,0.0,1006.60205,100.0,23.327911,254.29129,29.88,Aalborg
2026-08-10 01:00:00+00:00,17.6045,81.0,0.1,1006.39856,100.0,25.935238,248.99023,30.960001,Aalborg
2026-08-10 02:00:00+00:00,16.5045,90.0,0.6,1006.2939,100.0,28.560501,242.96281,32.039997,Aalborg
2026-08-10 03:00:00+00:00,15.9045,91.0,0.6,1005.89154,100.0,28.662165,241.08176,33.839996,Aalborg
2026-08-10 04:00:00+00:00,15.6545,94.0,0.1,1005.9902,100.0,29.85049,267.64215,33.839996,Aalborg
2026-08-10 05:00:00+00:00,15.6545,90.0,0.0,1006.2898,13.0,27.317806,284.12552,39.6,Aalborg
2026-08-10 06:00:00+00:00,15.4045,81.0,0.0,1006.9879,26.0,24.74734,279.79614,38.16,Aalborg
2026-08-10 07:00:00+00:00,16.2545,78.0,0.0,1007.3913,54.0,25.942358,276.21173,36.0,Aalborg
2026-08-10 08:00:00+00:00,17.2045,73.0,0.0,1007.6952,67.0,27.950466,273.5987,36.719997,Aalborg
2026-08-10 09:00:00+00:00,18.154501,70.0,0.0,1008.1987,88.0,32.87522,273.67163,38.88,Aalborg
2026-08-10 10:00:00+00:00,18.404501,64.0,0.0,1008.2998,74.0,36.00163,278.40643,42.48,Aalborg
2026-08-10 11:00:00+00:00,18.904501,71.0,0.0,1008.7016,67.0,35.873585,283.28867,45.36,Aalborg
2026-08-10 12:00:00+00:00,19.4545,57.0,0.0,1008.9035,81.0,35.267426,281.4776,46.8,Aalborg
2026-08-10 13:00:00+00:00,19.3045,57.0,0.0,1009.4022,87.0,37.468365,278.88885,51.12,Aalborg
2026-08-10 14:00:00+00:00,18.9545,57.0,0.0,1009.7003,72.0,39.662804,275.5844,53.28,Aalborg
2026-08-10 15:00:00+00:00,18.7545,59.0,0.0,1009.6996,82.0,40.542774,277.70923,52.56,Aalborg
2026-08-10 16:00:00+00:00,18.1045,60.0,0.0,1009.99603,68.0,41.85176,279.8966,53.28,Aalborg
2026-08-10 17:00:00+00:00,17.7545,65.0,0.0,1010.1942,34.0,42.526615,278.06314,55.44,Aalborg
2026-08-10 18:00:00+00:00,16.7045,66.0,0.0,1010.489,33.0,41.600586,275.56625,56.519997,Aalborg
2026-08-10 19:00:00+00:00,15.6545,70.0,0.0,1010.88385,57.0,41.889988,276.9761,59.399998,Aalborg
2026-08-10 20:00:00+00:00,14.9045,72.0,0.0,1011.4799,55.0,40.454613,276.72424,60.479996,Aalborg
2026-08-10 21:00:00+00:00,14.6545,71.0,0.0,1012.2775,46.0,40.989758,278.61557,59.399998,Aalborg
2026-08-10 22:00:00+00:00,14.6045,72.0,0.0,1012.67664,85.0,41.085762,282.07764,57.96,Aalborg
2026-08-10 23:00:00+00:00,14.5045,73.0,0.0,1012.6764,51.0,41.049408,281.8382,58.32,Aalborg
2026-08-11 00:00:00+00:00,14.3545,71.0,0.0,1012.9754,26.0,38.50872,283.97296,56.16,Aalborg
2026-08-11 01:00:00+00:00,14.2545,72.0,0.0,1013.2743,4.0,36.490765,291.13647,54.0,Aalborg
2026-08-11 02:00:00+00:00,14.054501,70.0,0.0,1013.77264,3.0,34.16626,293.93262,48.6,Aalborg
2026-08-11 03:00:00+00:00,13.7045,70.0,0.0,1014.37036,3.0,33.206863,294.6694,37.44,Aalborg
2026-08-11 04:00:00+00:00,13.4045,70.0,0.0,1015.06824,17.0,32.6455,295.46332,32.039997,Aalborg
2026-08-11 05:00:00+00:00,13.6545,66.0,0.0,1015.8684,23.0,31.786087,297.97937,30.599998,Aalborg
2026-08-11 06:00:00+00:00,14.4545,61.0,0.0,1016.571,11.0,28.680952,299.70132,35.64,Aalborg
2026-08-11 07:00:00+00:00,15.2545,58.0,0.0,1017.2739,15.0,28.882006,295.16403,38.16,Aalborg
2026-08-11 08:00:00+00:00,16.1045,56.0,0.0,1018.1765,9.0,30.230114,294.33386,39.239998,Aalborg
2026-08-11 09:00:00+00:00,16.7545,53.0,0.0,1018.6788,32.0,29.233688,293.33405,41.039997,Aalborg
2026-08-11 10:00:00+00:00,17.3045,50.0,0.0,1019.18066,23.0,28.278908,291.47144,41.399998,Aalborg
2026-08-11 11:00:00+00:00,17.8045,48.0,0.0,1019.6823,27.0,26.966824,289.37808,41.399998,Aalborg
2026-08-11 12:00:00+00:00,18.5045,46.0,0.0,1019.78534,29.0,25.54481,285.94547,42.12,Aalborg
2026-08-11 13:00:00+00:00,18.7045,44.0,0.0,1019.8862,18.0,24.128283,284.74362,40.68,Aalborg
2026-08-11 14:00:00+00:00,19.154501,44.0,0.0,1020.3875,25.0,24.523066,287.91653,39.6,Aalborg
2026-08-11 15:00:00+00:00,19.3045,47.0,0.0,1020.9873,16.0,25.758392,294.12097,39.239998,Aalborg
2026-08-11 16:00:00+00:00,19.2545,50.0,0.0,1021.0872,22.0,25.758392,294.12097,38.88,Aalborg
2026-08-11 17:00:00+00:00,18.5045,54.0,0.0,1021.48315,27.0,26.188572,289.16333,36.0,Aalborg
2026-08-11 18:00:00+00:00,17.5545,62.0,0.0,1021.6788,41.0,23.539385,282.48248,34.56,Aalborg
2026-08-11 19:00:00+00:00,16.5545,71.0,0.0,1021.9735,38.0,24.112967,274.59045,31.68,Aalborg
2026-08-11 20:00:00+00:00,15.1545,78.0,0.0,1022.3666,2.0,24.918388,268.78973,29.16,Aalborg
2026-08-11 21:00:00+00:00,14.4545,81.0,0.0,1022.8627,0.0,24.918388,268.78973,28.8,Aalborg
2026-08-11 22:00:00+00:00,14.1545,83.0,0.0,1023.261,0.0,25.264322,270.39786,27.72,Aalborg
2026-08-11 23:00:00+00:00,13.7045,86.0,0.0,1023.4585,0.0,24.92827,272.01657,25.56,Aalborg
2026-08-12 00:00:00+00:00,13.6545,86.0,0.0,1023.85785,0.0,22.525064,265.53293,25.199999,Aalborg
2026-08-12 01:00:00+00:00,13.0045,86.0,0.0,1023.8547,0.0,22.81629,259.81342,23.759998,Aalborg
2026-08-12 02:00:00+00:00,12.2545,87.0,0.0,1024.1508,0.0,22.553059,256.50424,19.44,Aalborg
2026-08-12 03:00:00+00:00,11.7045,88.0,0.0,1024.4479,0.0,22.58579,252.83174,15.84,Aalborg
2026-08-12 04:00:00+00:00,11.5045,88.0,0.0,1024.8463,23.0,22.968895,251.28816,17.64,Aalborg
2026-08-12 05:00:00+00:00,11.7545,87.0,0.0,1025.3469,30.0,21.75062,250.68805,18.72,Aalborg
2026-08-12 06:00:00+00:00,13.0045,80.0,0.0,1025.7522,40.0,22.250782,252.56503,20.880001,Aalborg
2026-08-12 07:00:00+00:00,14.6045,71.0,0.0,1026.0592,37.0,17.9638,257.5926,25.919998,Aalborg
2026-08-12 08:00:00+00:00,16.0045,62.0,0.0,1026.2654,62.0,16.481323,258.33127,27.72,Aalborg
2026-08-12 09:00:00+00:00,17.404501,58.0,0.0,1026.3717,46.0,15.586757,258.31067,28.44,Aalborg
2026-08-12 10:00:00+00:00,18.9545,52.0,0.0,1026.4788,66.0,15.80638,261.06052,30.960001,Aalborg
2026-08-12 11:00:00+00:00,20.2545,49.0,0.0,1026.6846,51.0,15.502602,264.80566,30.960001,Aalborg
2026-08-12 12:00:00+00:00,21.5045,47.0,0.0,1026.69,64.0,13.601034,263.33344,31.319998,Aalborg
2026-08-12 13:00:00+00:00,21.8045,47.0,0.0,1026.6913,63.0,13.684512,270.0,30.599998,Aalborg
2026-08-12 14:00:00+00:00,22.2045,47.0,0.0,1026.9929,86.0,12.524183,281.3099,29.88,Aalborg
2026-08-12 15:00:00+00:00,22.1045,50.0,0.0,1026.8922,81.0,10.599397,294.44394,30.239998,Aalborg
2026-08-12 16:00:00+00:00,21.654501,56.0,0.0,1026.9904,87.0,11.755955,307.72504,26.28,Aalborg
2026-08-12 17:00:00+00:00,21.2045,56.0,0.0,1026.9884,80.0,10.63274,322.3737,25.919998,Aalborg
2026-08-12 18:00:00+00:00,19.904501,54.0,0.0,1026.7827,79.0,10.953568,328.09195,20.519999,Aalborg
2026-08-12 19:00:00+00:00,18.7545,62.0,0.0,1026.8774,63.0,11.4844475,341.28815,17.28,Aalborg
2026-08-12 20:00:00+00:00,17.654501,68.0,0.0,1027.1719,78.0,11.19125,346.39944,12.24,Aalborg
2026-08-12 21:00:00+00:00,16.7545,76.0,0.0,1027.3674,50.0,6.8242383,342.03076,11.879999,Aalborg
2026-08-12 22:00:00+00:00,16.2045,79.0,0.0,1027.5647,25.0,2.5903769,331.69934,3.96,Aalborg
2026-08-12 23:00:00+00:00,15.6545,83.0,0.0,1027.3623,23.0,1.6174996,167.4712,3.6,Aalborg
2026-08-13 00:00:00+00:00,15.1545,87.0,0.0,1026.8606,56.0,2.7739887,124.69522,5.3999996,Aalborg
2026-08-13 01:00:00+00:00,15.1045,89.0,0.0,1026.7609,32.0,5.450023,146.82147,5.04,Aalborg
2026-08-13 02:00:00+00:00,14.6045,89.0,0.0,1026.5586,15.0,9.022929,153.43501,3.6,Aalborg
2026-08-13 03:00:00+00:00,14.1045,90.0,0.0,1026.2567,27.0,11.848537,152.6762,5.04,Aalborg
2026-08-13 04:00:00+00:00,13.8545,89.0,0.0,1026.4552,83.0,14.2972145,165.7932,7.5599995,Aalborg
2026-08-13 05:00:00+00:00,14.304501,86.0,0.0,1026.5574,87.0,14.821514,196.50444,7.92,Aalborg
2026-08-13 06:00:00+00:00,15.0045,80.0,0.0,1026.6604,81.0,18.283932,205.58148,10.799999,Aalborg
2026-08-13 07:00:00+00:00,16.0045,70.0,0.0,1026.5651,70.0,19.404444,217.28441,13.679999,Aalborg
2026-08-13 08:00:00+00:00,18.0545,58.0,0.0,1026.3749,68.0,12.322258,208.02441,18.72,Aalborg
2026-08-13 09:00:00+00:00,20.3545,43.0,0.0,1026.0856,81.0,11.827738,200.85454,20.519999,Aalborg
2026-08-13 10:00:00+00:00,21.8545,39.0,0.0,1025.7927,88.0,11.891324,201.6445,21.24,Aalborg
2026-08-13 11:00:00+00:00,22.654501,36.0,0.0,1025.6963,83.0,11.931377,199.76726,21.599998,Aalborg
2026-08-13 12:00:00+00:00,24.2545,34.0,0.0,1025.1042,76.0,10.919795,203.6821,22.319998,Aalborg
2026-08-13 13:00:00+00:00,25.8545,32.0,0.0,1024.7115,75.0,12.248347,218.019,22.68,Aalborg
2026-08-13 14:00:00+00:00,25.4545,31.0,0.0,1024.4102,80.0,11.829038,234.6598,20.519999,Aalborg
2026-08-13 15:00:00+00:00,25.654501,32.0,0.0,1023.9115,74.0,10.328779,249.10216,16.199999,Aalborg
2026-08-13 16:00:00+00:00,25.3545,42.0,0.0,1023.41077,84.0,9.57408,256.21838,19.08,Aalborg
2026-08-13 17:00:00+00:00,24.7545,45.0,0.0,1022.9089,44.0,7.8165474,279.0394,20.880001,Aalborg
2026-08-13 18:00:00+00:00,24.3045,49.0,0.0,1022.60736,54.0,9.676411,22.380184,16.56,Aalborg
2026-08-13 19:00:00+00:00,22.5545,58.0,0.0,1022.5997,46.0,11.931377,70.23275,14.759999,Aalborg
2026-08-13 20:00:00+00:00,21.0045,69.0,0.0,1022.39325,77.0,11.755955,127.72506,9.72,Aalborg
2026-08-13 21:00:00+00:00,19.8045,74.0,0.0,1022.08813,51.0,16.255669,173.18188,12.24,Aalborg
2026-08-13 22:00:00+00:00,19.0545,72.0,0.0,1021.6855,40.0,20.96886,189.147,9.36,Aalborg
2026-08-13 23:00:00+00:00,18.3545,77.0,0.0,1021.3827,58.0,23.15907,195.82622,6.12,Aalborg
2026-08-14 00:00:00+00:00,17.8045,77.0,0.0,1020.7809,80.0,23.140455,197.19862,8.28,Aalborg
2026-08-14 01:00:00+00:00,17.404501,76.0,0.0,1020.4794,93.0,23.914295,202.4259,9.36,Aalborg
2026-08-14 02:00:00+00:00,17.1045,73.0,0.0,1020.1784,95.0,22.854706,204.00716,14.4,Aalborg
2026-08-14 03:00:00+00:00,16.8545,73.0,0.0,1019.77795,99.0,21.089615,199.94247,14.04,Aalborg
2026-08-14 04:00:00+00:00,16.3545,75.0,0.0,1019.47577,80.0,19.75267,192.308,12.24,Aalborg
2026-08-14 05:00:00+00:00,16.3545,73.0,0.0,1018.7767,37.0,18.977005,183.17976,12.24,Aalborg
2026-08-14 06:00:00+00:00,17.2045,67.0,0.0,1018.28143,43.0,19.258757,173.19878,14.4,Aalborg
2026-08-14 07:00:00+00:00,19.7545,58.0,0.0,1018.1931,55.0,18.910387,173.07288,17.64,Aalborg
2026-08-14 08:00:00+00:00,21.3045,50.0,0.0,1017.6006,70.0,12.772405,159.07542,17.64,Aalborg
2026-08-14 09:00:00+00:00,23.5545,44.0,0.0,1017.211,59.0,12.486032,162.838,16.919998,Aalborg
2026-08-14 10:00:00+00:00,26.0045,39.0,0.0,1016.72217,35.0,14.386281,167.31963,21.24,Aalborg
2026-08-14 11:00:00+00:00,28.2045,33.0,0.0,1015.9324,63.0,15.80638,171.06052,27.72,Aalborg
2026-08-14 12:00:00+00:00,29.0045,30.0,0.0,1015.037,61.0,19.538021,175.36462,29.88,Aalborg
2026-08-14 13:00:00+00:00,30.0545,27.0,0.0,1014.24243,82.0,18.893288,190.16202,30.960001,Aalborg
2026-08-14 14:00:00+00:00,30.1045,26.0,0.0,1013.6432,76.0,18.58034,190.88548,30.960001,Aalborg
2026-08-14 15:00:00+00:00,30.404501,26.0,0.0,1012.84546,69.0,20.594883,188.8203,28.44,Aalborg
2026-08-14 16:00:00+00:00,30.3045,26.0,0.0,1012.14606,84.0,21.93101,180.45834,29.519999,Aalborg
2026-08-14 17:00:00+00:00,29.7045,33.0,0.0,1011.6441,77.0,22.896418,164.89885,33.48,Aalborg
2026-08-14 18:00:00+00:00,28.0045,36.0,0.0,1011.33746,82.0,27.328508,164.3577,34.2,Aalborg
2026-08-14 19:00:00+00:00,26.5545,38.0,0.0,1011.2312,76.0,27.84455,174.57687,26.28,Aalborg
2026-08-14 20:00:00+00:00,25.2045,39.0,0.0,1011.0258,98.0,27.564573,182.18854,28.08,Aalborg
2026-08-14 21:00:00+00:00,24.5045,42.0,0.0,1010.7233,95.0,27.536085,192.88516,25.199999,Aalborg
2026-08-14 22:00:00+00:00,23.5045,44.0,0.0,1010.5191,45.0,23.803993,199.36986,23.039999,Aalborg
2026-08-14 23:00:00+00:00,22.8545,48.0,0.0,1009.9171,41.0,22.84056,204.99028,15.119999,Aalborg
2026-08-15 00:00:00+00:00,22.1045,52.0,0.0,1009.4145,90.0,22.990995,221.59714,15.119999,Aalborg
2026-08-15 01:00:00+00:00,21.404501,57.0,0.0,1009.01184,70.0,24.19898,226.46873,16.919998,Aalborg
2026-08-15 02:00:00+00:00,20.0545,63.0,0.0,1008.7066,9.0,25.974966,231.58191,21.24,Aalborg
2026-08-15 03:00:00+00:00,18.654501,76.0,0.0,1008.3007,78.0,30.59447,247.40536,27.0,Aalborg
2026-08-15 04:00:00+00:00,18.0545,94.0,0.0,1008.5979,100.0,28.732422,259.44485,35.28,Aalborg
2026-08-15 05:00:00+00:00,17.904501,90.0,0.0,1008.5973,99.0,27.479017,264.8719,36.0,Aalborg
2026-08-15 06:00:00+00:00,17.8545,84.0,0.0,1008.497,100.0,27.638731,265.26663,35.64,Aalborg
2026-08-15 07:00:00+00:00,17.6045,81.0,0.0,1008.8953,100.0,30.815008,265.10098,39.239998,Aalborg
2026-08-15 08:00:00+00:00,17.7045,85.0,0.0,1009.29535,100.0,30.642221,262.10196,39.239998,Aalborg
2026-08-15 09:00:00+00:00,17.9545,82.0,0.0,1009.1965,100.0,31.463438,266.48352,42.839996,Aalborg
2026-08-15 10:00:00+00:00,17.8545,77.0,0.0,1009.59564,100.0,34.563946,270.58163,47.16,Aalborg
2026-08-15 11:00:00+00:00,18.4545,71.0,0.0,1009.79785,100.0,36.15392,275.84882,48.239998,Aalborg
2026-08-15 12:00:00+00:00,19.6045,54.0,0.0,1009.8029,91.0,38.026928,274.76355,56.16,Aalborg
2026-08-15 13:00:00+00:00,19.9545,52.0,0.0,1009.6048,88.0,37.6139,273.47626,57.239998,Aalborg
2026-08-15 14:00:00+00:00,20.0045,53.0,0.0,1009.6051,79.0,38.773182,270.25925,56.16,Aalborg
2026-08-15 15:00:00+00:00,19.5045,57.0,0.0,1009.4032,63.0,39.155518,272.31107,56.88,Aalborg
2026-08-15 16:00:00+00:00,19.654501,60.0,0.0,1009.7034,37.0,42.977318,278.92392,57.239998,Aalborg
2026-08-15 17:00:00+00:00,19.0545,67.0,0.0,1009.8007,28.0,40.896534,271.72076,56.16,Aalborg
2026-08-15 18:00:00+00:00,18.154501,72.0,0.0,1010.0963,84.0,40.461838,265.77286,55.079998,Aalborg
2026-08-15 19:00:00+00:00,16.8545,77.0,0.0,1010.49,94.0,40.3613,268.75467,55.44,Aalborg
2026-08-15 20:00:00+00:00,16.0545,77.0,0.0,1010.88574,87.0,41.05391,269.75516,57.6,Aalborg
2026-08-15 21:00:00+00:00,15.6545,75.0,0.0,1011.0836,95.0,38.773182,269.74075,58.679996,Aalborg
2026-08-15 22:00:00+00:00,15.4545,74.0,0.0,1011.083,85.0,38.43191,271.30786,57.239998,Aalborg
2026-08-15 23:00:00+00:00,15.304501,76.0,0.0,1010.78235,86.0,38.861988,273.8828,56.88,Aalborg
2026-08-16 00:00:00+00:00,15.1045,77.0,0.0,1010.3822,95.0,37.852093,274.7856,56.16,Aalborg
2026-08-16 01:00:00+00:00,15.054501,76.0,0.0,1010.4818,95.0,37.668278,277.2242,54.719997,Aalborg
2026-08-16 02:00:00+00:00,15.054501,76.0,0.0,1010.28204,80.0,35.9764,278.13,55.079998,Aalborg
2026-08-16 03:00:00+00:00,14.9545,75.0,0.0,1010.0818,94.0,34.057987,272.06644,53.639996,Aalborg
2026-08-16 04:00:00+00:00,14.804501,76.0,0.0,1010.1809,66.0,34.233315,272.05585,51.48,Aalborg
2026-08-16 05:00:00+00:00,15.054501,73.0,0.0,1010.1822,63.0,32.329056,273.11078,48.96,Aalborg
2026-08-16 06:00:00+00:00,15.554501,74.0,0.0,1010.1844,66.0,30.062668,273.68054,48.239998,Aalborg
2026-08-16 07:00:00+00:00,16.2045,76.0,0.0,1010.5868,74.0,37.45275,285.2081,46.079998,Aalborg
2026-08-16 08:00:00+00:00,17.404501,67.0,0.0,1010.692,45.0,37.67767,287.3382,46.8,Aalborg
2026-08-16 09:00:00+00:00,18.3545,64.0,0.0,1010.39685,68.0,35.124004,287.43948,48.239998,Aalborg
2026-08-16 10:00:00+00:00,19.1045,58.0,0.0,1010.4999,61.0,35.37722,285.82837,50.399998,Aalborg
2026-08-16 11:00:00+00:00,19.8045,60.0,0.0,1010.6029,63.0,33.545773,285.78082,51.48,Aalborg
2026-08-16 12:00:00+00:00,19.5545,59.0,0.0,1010.40216,85.0,33.022358,284.7746,49.32,Aalborg
2026-08-16 13:00:00+00:00,19.8045,57.0,0.0,1010.40314,87.0,33.170227,281.90424,47.88,Aalborg
2026-08-16 14:00:00+00:00,19.2545,58.0,0.0,1010.5008,91.0,31.039434,278.45062,47.88,Aalborg
2026-08-16 15:00:00+00:00,18.7545,57.0,0.0,1010.29877,100.0,31.51427,274.79004,43.199997,Aalborg
2026-08-16 16:00:00+00:00,18.2045,58.0,0.0,1010.1964,100.0,31.071152,271.94144,43.199997,Aalborg
2026-08-16 17:00:00+00:00,17.5045,62.0,0.0,1010.09344,100.0,32.927612,274.89032,41.760002,Aalborg
2026-08-16 18:00:00+00:00,16.8545,70.0,0.0,1009.7909,99.0,33.214737,273.33084,42.839996,Aalborg
2026-08-16 19:00:00+00:00,16.3545,74.0,0.0,1009.68854,84.0,30.599499,273.9451,42.48,Aalborg
2026-08-16 20:00:00+00:00,15.8545,76.0,0.0,1009.3868,100.0,30.35611,270.99344,42.12,Aalborg
2026-08-16 21:00:00+00:00,15.6545,76.0,0.0,1009.48566,99.0,29.651852,269.322,42.48,Aalborg
2026-08-16 22:00:00+00:00,15.3545,75.0,0.0,1009.1847,92.0,30.18885,268.33493,43.199997,Aalborg
2026-08-16 23:00:00+00:00,14.804501,75.0,0.0,1008.9824,96.0,31.99986,266.22778,44.639996,Aalborg
2026-08-17 00:00:00+00:00,14.7045,74.0,0.0,1008.8823,98.0,30.01092,263.62292,43.56,Aalborg
2026-08-17 01:00:00+00:00,14.4045,73.0,0.0,1008.681,99.0,30.38398,267.35242,43.56,Aalborg
2026-08-17 02:00:00+00:00,14.1045,74.0,0.0,1008.2802,66.0,30.877874,270.0,43.56,Aalborg
2026-08-17 03:00:00+00:00,14.0045,77.0,0.0,1007.38104,6.0,31.406162,269.35986,41.039997,Aalborg
2026-08-17 04:00:00+00:00,13.7545,78.0,0.0,1007.08026,73.0,31.246492,268.06946,39.96,Aalborg
2026-08-17 05:00:00+00:00,14.0045,75.0,0.0,1006.8817,77.0,31.085018,267.41217,45.36,Aalborg
2026-08-17 06:00:00+00:00,14.804501,73.0,0.0,1006.6854,70.0,29.47903,268.977,47.16,Aalborg
2026-08-17 07:00:00+00:00,16.1045,68.0,0.0,1006.69147,65.0,28.299038,283.26086,44.28,Aalborg
2026-08-17 08:00:00+00:00,17.154501,64.0,0.0,1006.6962,87.0,26.520262,288.9145,42.48,Aalborg
2026-08-17 09:00:00+00:00,18.0045,59.0,0.0,1006.8997,70.0,26.603695,295.38208,42.839996,Aalborg
2026-08-17 10:00:00+00:00,18.8045,57.0,0.0,1007.00305,75.0,25.987406,298.64124,39.6,Aalborg
2026-08-17 11:00:00+00:00,18.9545,56.0,0.0,1007.10364,85.0,24.190712,293.9625,38.16,Aalborg
2026-08-17 12:00:00+00:00,18.8545,62.0,0.0,1007.4029,87.0,25.154434,290.83676,34.56,Aalborg
2026-08-17 13:00:00+00:00,19.6045,69.0,0.0,1007.8055,84.0,27.687132,289.23874,34.56,Aalborg
2026-08-17 14:00:00+00:00,19.154501,72.0,0.0,1007.90356,75.0,28.300127,287.31174,35.28,Aalborg
2026-08-17 15:00:00+00:00,19.6045,74.0,0.0,1007.6058,77.0,28.19443,290.01364,32.039997,Aalborg
2026-08-17 16:00:00+00:00,19.5045,68.0,0.0,1007.30585,70.0,26.80368,287.13037,26.28,Aalborg
2026-08-17 17:00:00+00:00,18.654501,65.0,0.0,1006.9026,53.0,25.156883,282.48544,27.0,Aalborg
2026-08-17 18:00:00+00:00,17.6045,65.0,0.0,1006.798,28.0,23.422716,278.61557,25.919998,Aalborg
2026-08-17 19:00:00+00:00,16.654501,69.0,0.0,1006.89374,18.0,23.095854,275.66718,25.199999,Aalborg
2026-08-17 20:00:00+00:00,15.7045,74.0,0.0,1006.7895,17.0,22.824383,267.79745,22.68,Aalborg
2026-08-17 21:00:00+00:00,14.9045,84.0,0.0,1006.9858,23.0,25.017014,264.7693,21.96,Aalborg
