date,temperature_2m,relative_humidity_2m,precipitation,surface_pressure,cloud_cover,wind_speed_80m,wind_direction_80m,wind_gusts_10m,location
2026-06-25 22:00:00+00:00,,,,,,,,,Aalborg
2026-06-25 23:00:00+00:00,,,,,,,,,Aalborg
2026-06-26 00:00:00+00:00,,,,,,,,,Aalborg
2026-06-26 01:00:00+00:00,,,,,,,,,Aalborg
2026-06-26 02:00:00+00:00,,,,,,,,,Aalborg
2026-06-26 03:00:00+00:00,,,,,,,,,Aalborg
2026-06-26 04:00:00+00:00,,,,,,,,,Aalborg
2026-06-26 05:00:00+00:00,,,,,,,,,Aalborg
2026-06-26 06:00:00+00:00,,,,,,,,,Aalborg
2026-06-26 07:00:00+00:00,,,,,,,,,Aalborg
2026-06-26 08:00:00+00:00,,,,,,,,,Aalborg
2026-06-26 09:00:00+00:00,,,,,,,,,Aalborg
2026-06-26 10:00:00+00:00,,,,,,,,,Aalborg
2026-06-26 11:00:00+00:00,,,,,,,,,Aalborg
2026-06-26 12:00:00+00:00,,,,,,,,,Aalborg
2026-06-26 13:00:00+00:00,,,,,,,,,Aalborg
2026-06-26 14:00:00+00:00,,,,,,,,,Aalborg
2026-06-26 15:00:00+00:00,,,,,,,,,Aalborg
2026-06-26 16:00:00+00:00,,,,,,,,,Aalborg
2026-06-26 17:00:00+00:00,,,,,,,,,Aalborg
2026-06-26 18:00:00+00:00,,,,,,,,,Aalborg
2026-06-26 19:00:00+00:00,,,,,,,,,Aalborg
2026-06-26 20:00:00+00:00,,,,,,,,,Aalborg
2026-06-26 21:00:00+00:00,,,,,,,,,Aalborg
2026-06-26 22:00:00+00:00,,,,,,,,,Aalborg
2026-06-26 23:00:00+00:00,,,,,,,,,Aalborg
2026-06-27 00:00:00+00:00,,,,,,,,,Aalborg
2026-06-27 01:00:00+00:00,,,,,,,,,Aalborg
2026-06-27 02:00:00+00:00,,,,,,,,,Aalborg
2026-06-27 03:00:00+00:00,,,,,,,,,Aalborg
2026-06-27 04:00:00+00:00,,,,,,,,,Aalborg
2026-06-27 05:00:00+00:00,,,,,,,,,Aalborg
2026-06-27 06:00:00+00:00,,,,,,,,,Aalborg
2026-06-27 07:00:00+00:00,,,,,,,,,Aalborg
2026-06-27 08:00:00+00:00,,,,,,,,,Aalborg
2026-06-27 09:00:00+00:00,,,,,,,,,Aalborg
2026-06-27 10:00:00+00:00,,,,,,,,,Aalborg
2026-06-27 11:00:00+00:00,,,,,,,,,Aalborg
2026-06-27 12:00:00+00:00,,,,,,,,,Aalborg
2026-06-27 13:00:00+00:00,,,,,,,,,Aalborg
2026-06-27 14:00:00+00:00,,,,,,,,,Aalborg
2026-06-27 15:00:00+00:00,,,,,,,,,Aalborg
2026-06-27 16:00:00+00:00,,,,,,,,,Aalborg
2026-06-27 17:00:00+00:00,,,,,,,,,Aalborg
2026-06-27 18:00:00+00:00,,,,,,,,,Aalborg
2026-06-27 19:00:00+00:00,,,,,,,,,Aalborg
2026-06-27 20:00:00+00:00,,,,,,,,,Aalborg
2026-06-27 21:00:00+00:00,,,,,,,,,Aalborg
2026-06-27 22:00:00+00:00,,,,,,,,,Aalborg
2026-06-27 23:00:00+00:00,,,,,,,,,Aalborg
2026-06-28 00:00:00+00:00,,,,,,,,,Aalborg
2026-06-28 01:00:00+00:00,,,,,,,,,Aalborg
2026-06-28 02:00:00+00:00,,,,,,,,,Aalborg
2026-06-28 03:00:00+00:00,,,,,,,,,Aalborg
2026-06-28 04:00:00+00:00,,,,,,,,,Aalborg
2026-06-28 05:00:00+00:00,,,,,,,,,Aalborg
2026-06-28 06:00:00+00:00,,,,,,,,,Aalborg
2026-06-28 07:00:00+00:00,,,,,,,,,Aalborg
2026-06-28 08:00:00+00:00,,,,,,,,,Aalborg
2026-06-28 09:00:00+00:00,,,,,,,,,Aalborg
2026-06-28 10:00:00+00:00,,,,,,,,,Aalborg
2026-06-28 11:00:00+00:00,,,,,,,,,Aalborg
2026-06-28 12:00:00+00:00,,,,,,,,,Aalborg
2026-06-28 13:00:00+00:00,,,,,,,,,Aalborg
2026-06-28 14:00:00+00:00,,,,,,,,,Aalborg
2026-06-28 15:00:00+00:00,,,,,,,,,Aalborg
2026-06-28 16:00:00+00:00,,,,,,,,,Aalborg
2026-06-28 17:00:00+00:00,,,,,,,,,Aalborg
2026-06-28 18:00:00+00:00,,,,,,,,,Aalborg
2026-06-28 19:00:00+00:00,,,,,,,,,Aalborg
2026-06-28 20:00:00+00:00,,,,,,,,,Aalborg
2026-06-28 21:00:00+00:00,,,,,,,,,Aalborg
2026-06-28 22:00:00+00:00,,,,,,,,,Aalborg
2026-06-28 23:00:00+00:00,,,,,,,,,Aalborg
2026-06-29 00:00:00+00:00,,,,,,,,,Aalborg
2026-06-29 01:00:00+00:00,,,,,,,,,Aalborg
2026-06-29 02:00:00+00:00,,,,,,,,,Aalborg
2026-06-29 03:00:00+00:00,,,,,,,,,Aalborg
2026-06-29 04:00:00+00:00,,,,,,,,,Aalborg
2026-06-29 05:00:00+00:00,,,,,,,,,Aalborg
2026-06-29 06:00:00+00:00,,,,,,,,,Aalborg
2026-06-29 07:00:00+00:00,,,,,,,,,Aalborg
2026-06-29 08:00:00+00:00,,,,,,,,,Aalborg
2026-06-29 09:00:00+00:00,,,,,,,,,Aalborg
2026-06-29 10:00:00+00:00,,,,,,,,,Aalborg
2026-06-29 11:00:00+00:00,,,,,,,,,Aalborg
2026-06-29 12:00:00+00:00,,,,,,,,,Aalborg
2026-06-29 13:00:00+00:00,,,,,,,,,Aalborg
2026-06-29 14:00:00+00:00,,,,,,,,,Aalborg
2026-06-29 15:00:00+00:00,,,,,,,,,Aalborg
2026-06-29 16:00:00+00:00,,,,,,,,,Aalborg
2026-06-29 17:00:00+00:00,,,,,,,,,Aalborg
2026-06-29 18:00:00+00:00,,,,,,,,,Aalborg
2026-06-29 19:00:00+00:00,,,,,,,,,Aalborg
2026-06-29 20:00:00+00:00,,,,,,,,,Aalborg
2026-06-29 21:00:00+00:00,,,,,,,,,Aalborg
2026-06-29 22:00:00+00:00,,,,,,,,,Aalborg
2026-06-29 23:00:00+00:00,,,,,,,,,Aalborg
2026-06-30 00:00:00+00:00,,,,,,,,,Aalborg
2026-06-30 01:00:00+00:00,,,,,,,,,Aalborg
2026-06-30 02:00:00+00:00,,,,,,,,,Aalborg
2026-06-30 03:00:00+00:00,,,,,,,,,Aalborg
2026-06-30 04:00:00+00:00,,,,,,,,,Aalborg
2026-06-30 05:00:00+00:00,,,,,,,,,Aalborg
2026-06-30 06:00:00+00:00,,,,,,,,,Aalborg
2026-06-30 07:00:00+00:00,,,,,,,,,Aalborg
2026-06-30 08:00:00+00:00,,,,,,,,,Aalborg
2026-06-30 09:00:00+00:00,,,,,,,,,Aalborg
2026-06-30 10:00:00+00:00,,,,,,,,,Aalborg
2026-06-30 11:00:00+00:00,,,,,,,,,Aalborg
2026-06-30 12:00:00+00:00,,,,,,,,,Aalborg
2026-06-30 13:00:00+00:00,,,,,,,,,Aalborg
2026-06-30 14:00:00+00:00,,,,,,,,,Aalborg
2026-06-30 15:00:00+00:00,,,,,,,,,Aalborg
2026-06-30 16:00:00+00:00,,,,,,,,,Aalborg
2026-06-30 17:00:00+00:00,,,,,,,,,Aalborg
2026-06-30 18:00:00+00:00,,,,,,,,,Aalborg
2026-06-30 19:00:00+00:00,,,,,,,,,Aalborg
2026-06-30 20:00:00+00:00,,,,,,,,,Aalborg
2026-06-30 21:00:00+00:00,,,,,,,,,Aalborg
2026-06-30 22:00:00+00:00,,,,,,,,,Aalborg
2026-06-30 23:00:00+00:00,,,,,,,,,Aalborg
2026-07-01 00:00:00+00:00,,,,,,,,,Aalborg
2026-07-01 01:00:00+00:00,,,,,,,,,Aalborg
2026-07-01 02:00:00+00:00,,,,,,,,,Aalborg
2026-07-01 03:00:00+00:00,,,,,,,,,Aalborg
2026-07-01 04:00:00+00:00,,,,,,,,,Aalborg
2026-07-01 05:00:00+00:00,,,,,,,,,Aalborg
2026-07-01 06:00:00+00:00,,,,,,,,,Aalborg
2026-07-01 07:00:00+00:00,,,,,,,,,Aalborg
2026-07-01 08:00:00+00:00,,,,,,,,,Aalborg
2026-07-01 09:00:00+00:00,,,,,,,,,Aalborg
2026-07-01 10:00:00+00:00,,,,,,,,,Aalborg
2026-07-01 11:00:00+00:00,,,,,,,,,Aalborg
2026-07-01 12:00:00+00:00,,,,,,,,,Aalborg
2026-07-01 13:00:00+00:00,,,,,,,,,Aalborg
2026-07-01 14:00:00+00:00,,,,,,,,,Aalborg
2026-07-01 15:00:00+00:00,,,,,,,,,Aalborg
2026-07-01 16:00:00+00:00,,,,,,,,,Aalborg
2026-07-01 17:00:00+00:00,,,,,,,,,Aalborg
2026-07-01 18:00:00+00:00,,,,,,,,,Aalborg
2026-07-01 19:00:00+00:00,,,,,,,,,Aalborg
2026-07-01 20:00:00+00:00,,,,,,,,,Aalborg
2026-07-01 21:00:00+00:00,,,,,,,,,Aalborg
2026-07-01 22:00:00+00:00,,,,,,,,,Aalborg
2026-07-01 23:00:00+00:00,,,,,,,,,Aalborg
2026-07-02 00:00:00+00:00,,,,,,,,,Aalborg
2026-07-02 01:00:00+00:00,,,,,,,,,Aalborg
2026-07-02 02:00:00+00:00,,,,,,,,,Aalborg
2026-07-02 03:00:00+00:00,,,,,,,,,Aalborg
2026-07-02 04:00:00+00:00,,,,,,,,,Aalborg
2026-07-02 05:00:00+00:00,,,,,,,,,Aalborg
2026-07-02 06:00:00+00:00,,,,,,,,,Aalborg
2026-07-02 07:00:00+00:00,,,,,,,,,Aalborg
2026-07-02 08:00:00+00:00,,,,,,,,,Aalborg
2026-07-02 09:00:00+00:00,,,,,,,,,Aalborg
2026-07-02 10:00:00+00:00,,,,,,,,,Aalborg
2026-07-02 11:00:00+00:00,,,,,,,,,Aalborg
2026-07-02 12:00:00+00:00,,,,,,,,,Aalborg
2026-07-02 13:00:00+00:00,,,,,,,,,Aalborg
2026-07-02 14:00:00+00:00,,,,,,,,,Aalborg
2026-07-02 15:00:00+00:00,,,,,,,,,Aalborg
2026-07-02 16:00:00+00:00,,,,,,,,,Aalborg
2026-07-02 17:00:00+00:00,,,,,,,,,Aalborg
2026-07-02 18:00:00+00:00,,,,,,,,,Aalborg
2026-07-02 19:00:00+00:00,,,,,,,,,Aalborg
2026-07-02 20:00:00+00:00,,,,,,,,,Aalborg
2026-07-02 21:00:00+00:00,,,,,,,,,Aalborg
2026-07-02 22:00:00+00:00,,,,,,,,,Aalborg
2026-07-02 23:00:00+00:00,,,,,,,,,Aalborg
2026-07-03 00:00:00+00:00,,,,,,,,,Aalborg
2026-07-03 01:00:00+00:00,,,,,,,,,Aalborg
2026-07-03 02:00:00+00:00,,,,,,,,,Aalborg
2026-07-03 03:00:00+00:00,,,,,,,,,Aalborg
2026-07-03 04:00:00+00:00,,,,,,,,,Aalborg
2026-07-03 05:00:00+00:00,,,,,,,,,Aalborg
2026-07-03 06:00:00+00:00,,,,,,,,,Aalborg
2026-07-03 07:00:00+00:00,,,,,,,,,Aalborg
2026-07-03 08:00:00+00:00,,,,,,,,,Aalborg
2026-07-03 09:00:00+00:00,,,,,,,,,Aalborg
2026-07-03 10:00:00+00:00,,,,,,,,,Aalborg
2026-07-03 11:00:00+00:00,,,,,,,,,Aalborg
2026-07-03 12:00:00+00:00,,,,,,,,,Aalborg
2026-07-03 13:00:00+00:00,,,,,,,,,Aalborg
2026-07-03 14:00:00+00:00,,,,,,,,,Aalborg
2026-07-03 15:00:00+00:00,,,,,,,,,Aalborg
2026-07-03 16:00:00+00:00,,,,,,,,,Aalborg
2026-07-03 17:00:00+00:00,,,,,,,,,Aalborg
2026-07-03 18:00:00+00:00,,,,,,,,,Aalborg
2026-07-03 19:00:00+00:00,,,,,,,,,Aalborg
2026-07-03 20:00:00+00:00,,,,,,,,,Aalborg
2026-07-03 21:00:00+00:00,,,,,,,,,Aalborg
2026-07-03 22:00:00+00:00,,,,,,,,,Aalborg
2026-07-03 23:00:00+00:00,,,,,,,,,Aalborg
2026-07-04 00:00:00+00:00,,,,,,,,,Aalborg
2026-07-04 01:00:00+00:00,,,,,,,,,Aalborg
2026-07-04 02:00:00+00:00,,,,,,,,,Aalborg
2026-07-04 03:00:00+00:00,,,,,,,,,Aalborg
2026-07-04 04:00:00+00:00,,,,,,,,,Aalborg
2026-07-04 05:00:00+00:00,,,,,,,,,Aalborg
2026-07-04 06:00:00+00:00,,,,,,,,,Aalborg
2026-07-04 07:00:00+00:00,,,,,,,,,Aalborg
2026-07-04 08:00:00+00:00,,,,,,,,,Aalborg
2026-07-04 09:00:00+00:00,,,,,,,,,Aalborg
2026-07-04 10:00:00+00:00,,,,,,,,,Aalborg
2026-07-04 11:00:00+00:00,,,,,,,,,Aalborg
2026-07-04 12:00:00+00:00,,,,,,,,,Aalborg
2026-07-04 13:00:00+00:00,,,,,,,,,Aalborg
2026-07-04 14:00:00+00:00,,,,,,,,,Aalborg
2026-07-04 15:00:00+00:00,,,,,,,,,Aalborg
2026-07-04 16:00:00+00:00,,,,,,,,,Aalborg
2026-07-04 17:00:00+00:00,,,,,,,,,Aalborg
2026-07-04 18:00:00+00:00,,,,,,,,,Aalborg
2026-07-04 19:00:00+00:00,,,,,,,,,Aalborg
2026-07-04 20:00:00+00:00,,,,,,,,,Aalborg
2026-07-04 21:00:00+00:00,,,,,,,,,Aalborg
2026-07-04 22:00:00+00:00,,,,,,,,,Aalborg
2026-07-04 23:00:00+00:00,,,,,,,,,Aalborg
2026-07-05 00:00:00+00:00,,,,,,,,,Aalborg
2026-07-05 01:00:00+00:00,,,,,,,,,Aalborg
2026-07-05 02:00:00+00:00,,,,,,,,,Aalborg
2026-07-05 03:00:00+00:00,,,,,,,,,Aalborg
2026-07-05 04:00:00+00:00,,,,,,,,,Aalborg
2026-07-05 05:00:00+00:00,,,,,,,,,Aalborg
2026-07-05 06:00:00+00:00,,,,,,,,,Aalborg
2026-07-05 07:00:00+00:00,,,,,,,,,Aalborg
2026-07-05 08:00:00+00:00,,,,,,,,,Aalborg
2026-07-05 09:00:00+00:00,,,,,,,,,Aalborg
2026-07-05 10:00:00+00:00,,,,,,,,,Aalborg
2026-07-05 11:00:00+00:00,,,,,,,,,Aalborg
2026-07-05 12:00:00+00:00,,,,,,,,,Aalborg
2026-07-05 13:00:00+00:00,,,,,,,,,Aalborg
2026-07-05 14:00:00+00:00,,,,,,,,,Aalborg
2026-07-05 15:00:00+00:00,,,,,,,,,Aalborg
2026-07-05 16:00:00+00:00,,,,,,,,,Aalborg
2026-07-05 17:00:00+00:00,,,,,,,,,Aalborg
2026-07-05 18:00:00+00:00,,,,,,,,,Aalborg
2026-07-05 19:00:00+00:00,,,,,,,,,Aalborg
2026-07-05 20:00:00+00:00,,,,,,,,,Aalborg
2026-07-05 21:00:00+00:00,,,,,,,,,Aalborg
2026-07-05 22:00:00+00:00,,,,,,,,,Aalborg
2026-07-05 23:00:00+00:00,,,,,,,,,Aalborg
2026-07-06 00:00:00+00:00,,,,,,,,,Aalborg
2026-07-06 01:00:00+00:00,,,,,,,,,Aalborg
2026-07-06 02:00:00+00:00,,,,,,,,,Aalborg
2026-07-06 03:00:00+00:00,,,,,,,,,Aalborg
2026-07-06 04:00:00+00:00,,,,,,,,,Aalborg
2026-07-06 05:00:00+00:00,,,,,,,,,Aalborg
2026-07-06 06:00:00+00:00,,,,,,,,,Aalborg
2026-07-06 07:00:00+00:00,,,,,,,,,Aalborg
2026-07-06 08:00:00+00:00,,,,,,,,,Aalborg
2026-07-06 09:00:00+00:00,,,,,,,,,Aalborg
2026-07-06 10:00:00+00:00,,,,,,,,,Aalborg
2026-07-06 11:00:00+00:00,,,,,,,,,Aalborg
2026-07-06 12:00:00+00:00,,,,,,,,,Aalborg
2026-07-06 13:00:00+00:00,,,,,,,,,Aalborg
2026-07-06 14:00:00+00:00,,,,,,,,,Aalborg
2026-07-06 15:00:00+00:00,,,,,,,,,Aalborg
2026-07-06 16:00:00+00:00,,,,,,,,,Aalborg
2026-07-06 17:00:00+00:00,,,,,,,,,Aalborg
2026-07-06 18:00:00+00:00,,,,,,,,,Aalborg
2026-07-06 19:00:00+00:00,,,,,,,,,Aalborg
2026-07-06 20:00:00+00:00,,,,,,,,,Aalborg
2026-07-06 21:00:00+00:00,,,,,,,,,Aalborg
2026-07-06 22:00:00+00:00,,,,,,,,,Aalborg
2026-07-06 23:00:00+00:00,,,,,,,,,Aalborg
2026-07-07 00:00:00+00:00,,,,,,,,,Aalborg
2026-07-07 01:00:00+00:00,,,,,,,,,Aalborg
2026-07-07 02:00:00+00:00,,,,,,,,,Aalborg
2026-07-07 03:00:00+00:00,,,,,,,,,Aalborg
2026-07-07 04:00:00+00:00,,,,,,,,,Aalborg
2026-07-07 05:00:00+00:00,,,,,,,,,Aalborg
2026-07-07 06:00:00+00:00,,,,,,,,,Aalborg
2026-07-07 07:00:00+00:00,,,,,,,,,Aalborg
2026-07-07 08:00:00+00:00,,,,,,,,,Aalborg
2026-07-07 09:00:00+00:00,,,,,,,,,Aalborg
2026-07-07 10:00:00+00:00,,,,,,,,,Aalborg
2026-07-07 11:00:00+00:00,,,,,,,,,Aalborg
2026-07-07 12:00:00+00:00,,,,,,,,,Aalborg
2026-07-07 13:00:00+00:00,,,,,,,,,Aalborg
2026-07-07 14:00:00+00:00,,,,,,,,,Aalborg
2026-07-07 15:00:00+00:00,,,,,,,,,Aalborg
2026-07-07 16:00:00+00:00,,,,,,,,,Aalborg
2026-07-07 17:00:00+00:00,,,,,,,,,Aalborg
2026-07-07 18:00:00+00:00,,,,,,,,,Aalborg
2026-07-07 19:00:00+00:00,,,,,,,,,Aalborg
2026-07-07 20:00:00+00:00,,,,,,,,,Aalborg
2026-07-07 21:00:00+00:00,,,,,,,,,Aalborg
2026-07-07 22:00:00+00:00,,,,,,,,,Aalborg
2026-07-07 23:00:00+00:00,,,,,,,,,Aalborg
2026-07-08 00:00:00+00:00,,,,,,,,,Aalborg
2026-07-08 01:00:00+00:00,,,,,,,,,Aalborg
2026-07-08 02:00:00+00:00,,,,,,,,,Aalborg
2026-07-08 03:00:00+00:00,,,,,,,,,Aalborg
2026-07-08 04:00:00+00:00,,,,,,,,,Aalborg
2026-07-08 05:00:00+00:00,,,,,,,,,Aalborg
2026-07-08 06:00:00+00:00,,,,,,,,,Aalborg
2026-07-08 07:00:00+00:00,,,,,,,,,Aalborg
2026-07-08 08:00:00+00:00,,,,,,,,,Aalborg
2026-07-08 09:00:00+00:00,,,,,,,,,Aalborg
2026-07-08 10:00:00+00:00,,,,,,,,,Aalborg
2026-07-08 11:00:00+00:00,,,,,,,,,Aalborg
2026-07-08 12:00:00+00:00,,,,,,,,,Aalborg
2026-07-08 13:00:00+00:00,,,,,,,,,Aalborg
2026-07-08 14:00:00+00:00,,,,,,,,,Aalborg
2026-07-08 15:00:00+00:00,,,,,,,,,Aalborg
2026-07-08 16:00:00+00:00,,,,,,,,,Aalborg
2026-07-08 17:00:00+00:00,,,,,,,,,Aalborg
2026-07-08 18:00:00+00:00,,,,,,,,,Aalborg
2026-07-08 19:00:00+00:00,,,,,,,,,Aalborg
2026-07-08 20:00:00+00:00,,,,,,,,,Aalborg
2026-07-08 21:00:00+00:00,,,,,,,,,Aalborg
2026-07-08 22:00:00+00:00,,,,,,,,,Aalborg
2026-07-08 23:00:00+00:00,,,,,,,,,Aalborg
2026-07-09 00:00:00+00:00,,,,,,,,,Aalborg
2026-07-09 01:00:00+00:00,,,,,,,,,Aalborg
2026-07-09 02:00:00+00:00,,,,,,,,,Aalborg
2026-07-09 03:00:00+00:00,,,,,,,,,Aalborg
2026-07-09 04:00:00+00:00,,,,,,,,,Aalborg
2026-07-09 05:00:00+00:00,,,,,,,,,Aalborg
2026-07-09 06:00:00+00:00,,,,,,,,,Aalborg
2026-07-09 07:00:00+00:00,,,,,,,,,Aalborg
2026-07-09 08:00:00+00:00,,,,,,,,,Aalborg
2026-07-09 09:00:00+00:00,,,,,,,,,Aalborg
2026-07-09 10:00:00+00:00,,,,,,,,,Aalborg
2026-07-09 11:00:00+00:00,,,,,,,,,Aalborg
2026-07-09 12:00:00+00:00,,,,,,,,,Aalborg
2026-07-09 13:00:00+00:00,,,,,,,,,Aalborg
2026-07-09 14:00:00+00:00,,,,,,,,,Aalborg
2026-07-09 15:00:00+00:00,,,,,,,,,Aalborg
2026-07-09 16:00:00+00:00,,,,,,,,,Aalborg
2026-07-09 17:00:00+00:00,,,,,,,,,Aalborg
2026-07-09 18:00:00+00:00,,,,,,,,,Aalborg
2026-07-09 19:00:00+00:00,,,,,,,,,Aalborg
2026-07-09 20:00:00+00:00,,,,,,,,,Aalborg
2026-07-09 21:00:00+00:00,,,,,,,,,Aalborg
2026-07-09 22:00:00+00:00,,,,,,,,,Aalborg
2026-07-09 23:00:00+00:00,,,,,,,,,Aalborg
2026-07-10 00:00:00+00:00,,,,,,,,,Aalborg
2026-07-10 01:00:00+00:00,,,,,,,,,Aalborg
2026-07-10 02:00:00+00:00,,,,,,,,,Aalborg
2026-07-10 03:00:00+00:00,,,,,,,,,Aalborg
2026-07-10 04:00:00+00:00,,,,,,,,,Aalborg
2026-07-10 05:00:00+00:00,,,,,,,,,Aalborg
2026-07-10 06:00:00+00:00,,,,,,,,,Aalborg
2026-07-10 07:00:00+00:00,,,,,,,,,Aalborg
2026-07-10 08:00:00+00:00,,,,,,,,,Aalborg
2026-07-10 09:00:00+00:00,,,,,,,,,Aalborg
2026-07-10 10:00:00+00:00,,,,,,,,,Aalborg
2026-07-10 11:00:00+00:00,,,,,,,,,Aalborg
2026-07-10 12:00:00+00:00,,,,,,,,,Aalborg
2026-07-10 13:00:00+00:00,,,,,,,,,Aalborg
2026-07-10 14:00:00+00:00,,,,,,,,,Aalborg
2026-07-10 15:00:00+00:00,,,,,,,,,Aalborg
2026-07-10 16:00:00+00:00,,,,,,,,,Aalborg
2026-07-10 17:00:00+00:00,,,,,,,,,Aalborg
2026-07-10 18:00:00+00:00,,,,,,,,,Aalborg
2026-07-10 19:00:00+00:00,,,,,,,,,Aalborg
2026-07-10 20:00:00+00:00,,,,,,,,,Aalborg
2026-07-10 21:00:00+00:00,,,,,,,,,Aalborg
2026-07-10 22:00:00+00:00,,,,,,,,,Aalborg
2026-07-10 23:00:00+00:00,,,,,,,,,Aalborg
2026-07-11 00:00:00+00:00,,,,,,,,,Aalborg
2026-07-11 01:00:00+00:00,,,,,,,,,Aalborg
2026-07-11 02:00:00+00:00,,,,,,,,,Aalborg
2026-07-11 03:00:00+00:00,,,,,,,,,Aalborg
2026-07-11 04:00:00+00:00,,,,,,,,,Aalborg
2026-07-11 05:00:00+00:00,,,,,,,,,Aalborg
2026-07-11 06:00:00+00:00,,,,,,,,,Aalborg
2026-07-11 07:00:00+00:00,,,,,,,,,Aalborg
2026-07-11 08:00:00+00:00,,,,,,,,,Aalborg
2026-07-11 09:00:00+00:00,,,,,,,,,Aalborg
2026-07-11 10:00:00+00:00,,,,,,,,,Aalborg
2026-07-11 11:00:00+00:00,,,,,,,,,Aalborg
2026-07-11 12:00:00+00:00,,,,,,,,,Aalborg
2026-07-11 13:00:00+00:00,,,,,,,,,Aalborg
2026-07-11 14:00:00+00:00,,,,,,,,,Aalborg
2026-07-11 15:00:00+00:00,,,,,,,,,Aalborg
2026-07-11 16:00:00+00:00,,,,,,,,,Aalborg
2026-07-11 17:00:00+00:00,,,,,,,,,Aalborg
2026-07-11 18:00:00+00:00,,,,,,,,,Aalborg
2026-07-11 19:00:00+00:00,,,,,,,,,Aalborg
2026-07-11 20:00:00+00:00,,,,,,,,,Aalborg
2026-07-11 21:00:00+00:00,,,,,,,,,Aalborg
2026-07-11 22:00:00+00:00,,,,,,,,,Aalborg
2026-07-11 23:00:00+00:00,,,,,,,,,Aalborg
2026-07-12 00:00:00+00:00,,,,,,,,,Aalborg
2026-07-12 01:00:00+00:00,,,,,,,,,Aalborg
2026-07-12 02:00:00+00:00,,,,,,,,,Aalborg
2026-07-12 03:00:00+00:00,,,,,,,,,Aalborg
2026-07-12 04:00:00+00:00,,,,,,,,,Aalborg
2026-07-12 05:00:00+00:00,,,,,,,,,Aalborg
2026-07-12 06:00:00+00:00,,,,,,,,,Aalborg
2026-07-12 07:00:00+00:00,,,,,,,,,Aalborg
2026-07-12 08:00:00+00:00,,,,,,,,,Aalborg
2026-07-12 09:00:00+00:00,,,,,,,,,Aalborg
2026-07-12 10:00:00+00:00,,,,,,,,,Aalborg
2026-07-12 11:00:00+00:00,,,,,,,,,Aalborg
2026-07-12 12:00:00+00:00,,,,,,,,,Aalborg
2026-07-12 13:00:00+00:00,,,,,,,,,Aalborg
2026-07-12 14:00:00+00:00,,,,,,,,,Aalborg
2026-07-12 15:00:00+00:00,,,,,,,,,Aalborg
2026-07-12 16:00:00+00:00,,,,,,,,,Aalborg
2026-07-12 17:00:00+00:00,,,,,,,,,Aalborg
2026-07-12 18:00:00+00:00,,,,,,,,,Aalborg
2026-07-12 19:00:00+00:00,,,,,,,,,Aalborg
2026-07-12 20:00:00+00:00,,,,,,,,,Aalborg
2026-07-12 21:00:00+00:00,,,,,,,,,Aalborg
2026-07-12 22:00:00+00:00,,,,,,,,,Aalborg
2026-07-12 23:00:00+00:00,,,,,,,,,Aalborg
2026-07-13 00:00:00+00:00,,,,,,,,,Aalborg
2026-07-13 01:00:00+00:00,,,,,,,,,Aalborg
2026-07-13 02:00:00+00:00,,,,,,,,,Aalborg
2026-07-13 03:00:00+00:00,,,,,,,,,Aalborg
2026-07-13 04:00:00+00:00,,,,,,,,,Aalborg
2026-07-13 05:00:00+00:00,,,,,,,,,Aalborg
2026-07-13 06:00:00+00:00,,,,,,,,,Aalborg
2026-07-13 07:00:00+00:00,,,,,,,,,Aalborg
2026-07-13 08:00:00+00:00,,,,,,,,,Aalborg
2026-07-13 09:00:00+00:00,,,,,,,,,Aalborg
2026-07-13 10:00:00+00:00,,,,,,,,,Aalborg
2026-07-13 11:00:00+00:00,,,,,,,,,Aalborg
2026-07-13 12:00:00+00:00,,,,,,,,,Aalborg
2026-07-13 13:00:00+00:00,,,,,,,,,Aalborg
2026-07-13 14:00:00+00:00,,,,,,,,,Aalborg
2026-07-13 15:00:00+00:00,,,,,,,,,Aalborg
2026-07-13 16:00:00+00:00,,,,,,,,,Aalborg
2026-07-13 17:00:00+00:00,,,,,,,,,Aalborg
2026-07-13 18:00:00+00:00,,,,,,,,,Aalborg
2026-07-13 19:00:00+00:00,,,,,,,,,Aalborg
2026-07-13 20:00:00+00:00,,,,,,,,,Aalborg
2026-07-13 21:00:00+00:00,,,,,,,,,Aalborg
2026-07-13 22:00:00+00:00,,,,,,,,,Aalborg
2026-07-13 23:00:00+00:00,,,,,,,,,Aalborg
2026-07-14 00:00:00+00:00,,,,,,,,,Aalborg
2026-07-14 01:00:00+00:00,,,,,,,,,Aalborg
2026-07-14 02:00:00+00:00,,,,,,,,,Aalborg
2026-07-14 03:00:00+00:00,,,,,,,,,Aalborg
2026-07-14 04:00:00+00:00,,,,,,,,,Aalborg
2026-07-14 05:00:00+00:00,,,,,,,,,Aalborg
2026-07-14 06:00:00+00:00,,,,,,,,,Aalborg
2026-07-14 07:00:00+00:00,,,,,,,,,Aalborg
2026-07-14 08:00:00+00:00,,,,,,,,,Aalborg
2026-07-14 09:00:00+00:00,,,,,,,,,Aalborg
2026-07-14 10:00:00+00:00,,,,,,,,,Aalborg
2026-07-14 11:00:00+00:00,,,,,,,,,Aalborg
2026-07-14 12:00:00+00:00,,,,,,,,,Aalborg
2026-07-14 13:00:00+00:00,,,,,,,,,Aalborg
2026-07-14 14:00:00+00:00,,,,,,,,,Aalborg
2026-07-14 15:00:00+00:00,,,,,,,,,Aalborg
2026-07-14 16:00:00+00:00,,,,,,,,,Aalborg
2026-07-14 17:00:00+00:00,,,,,,,,,Aalborg
2026-07-14 18:00:00+00:00,,,,,,,,,Aalborg
2026-07-14 19:00:00+00:00,,,,,,,,,Aalborg
2026-07-14 20:00:00+00:00,,,,,,,,,Aalborg
2026-07-14 21:00:00+00:00,,,,,,,,,Aalborg
2026-07-14 22:00:00+00:00,,,,,,,,,Aalborg
2026-07-14 23:00:00+00:00,,,,,,,,,Aalborg
2026-07-15 00:00:00+00:00,,,,,,,,,Aalborg
2026-07-15 01:00:00+00:00,,,,,,,,,Aalborg
2026-07-15 02:00:00+00:00,,,,,,,,,Aalborg
2026-07-15 03:00:00+00:00,,,,,,,,,Aalborg
2026-07-15 04:00:00+00:00,,,,,,,,,Aalborg
2026-07-15 05:00:00+00:00,,,,,,,,,Aalborg
2026-07-15 06:00:00+00:00,,,,,,,,,Aalborg
2026-07-15 07:00:00+00:00,,,,,,,,,Aalborg
2026-07-15 08:00:00+00:00,,,,,,,,,Aalborg
2026-07-15 09:00:00+00:00,,,,,,,,,Aalborg
2026-07-15 10:00:00+00:00,,,,,,,,,Aalborg
2026-07-15 11:00:00+00:00,,,,,,,,,Aalborg
2026-07-15 12:00:00+00:00,,,,,,,,,Aalborg
2026-07-15 13:00:00+00:00,,,,,,,,,Aalborg
2026-07-15 14:00:00+00:00,,,,,,,,,Aalborg
2026-07-15 15:00:00+00:00,,,,,,,,,Aalborg
2026-07-15 16:00:00+00:00,,,,,,,,,Aalborg
2026-07-15 17:00:00+00:00,,,,,,,,,Aalborg
2026-07-15 18:00:00+00:00,,,,,,,,,Aalborg
2026-07-15 19:00:00+00:00,,,,,,,,,Aalborg
2026-07-15 20:00:00+00:00,,,,,,,,,Aalborg
2026-07-15 21:00:00+00:00,,,,,,,,,Aalborg
2026-07-15 22:00:00+00:00,,,,,,,,,Aalborg
2026-07-15 23:00:00+00:00,,,,,,,,,Aalborg
2026-07-16 00:00:00+00:00,,,,,,,,,Aalborg
2026-07-16 01:00:00+00:00,,,,,,,,,Aalborg
2026-07-16 02:00:00+00:00,,,,,,,,,Aalborg
2026-07-16 03:00:00+00:00,,,,,,,,,Aalborg
2026-07-16 04:00:00+00:00,,,,,,,,,Aalborg
2026-07-16 05:00:00+00:00,,,,,,,,,Aalborg
2026-07-16 06:00:00+00:00,,,,,,,,,Aalborg
2026-07-16 07:00:00+00:00,,,,,,,,,Aalborg
2026-07-16 08:00:00+00:00,,,,,,,,,Aalborg
2026-07-16 09:00:00+00:00,,,,,,,,,Aalborg
2026-07-16 10:00:00+00:00,,,,,,,,,Aalborg
2026-07-16 11:00:00+00:00,,,,,,,,,Aalborg
2026-07-16 12:00:00+00:00,,,,,,,,,Aalborg
2026-07-16 13:00:00+00:00,,,,,,,,,Aalborg
2026-07-16 14:00:00+00:00,,,,,,,,,Aalborg
2026-07-16 15:00:00+00:00,,,,,,,,,Aalborg
2026-07-16 16:00:00+00:00,,,,,,,,,Aalborg
2026-07-16 17:00:00+00:00,,,,,,,,,Aalborg
2026-07-16 18:00:00+00:00,,,,,,,,,Aalborg
2026-07-16 19:00:00+00:00,,,,,,,,,Aalborg
2026-07-16 20:00:00+00:00,,,,,,,,,Aalborg
2026-07-16 21:00:00+00:00,,,,,,,,,Aalborg
2026-07-16 22:00:00+00:00,,,,,,,,,Aalborg
2026-07-16 23:00:00+00:00,,,,,,,,,Aalborg
2026-07-17 00:00:00+00:00,,,,,,,,,Aalborg
2026-07-17 01:00:00+00:00,,,,,,,,,Aalborg
2026-07-17 02:00:00+00:00,,,,,,,,,Aalborg
2026-07-17 03:00:00+00:00,,,,,,,,,Aalborg
2026-07-17 04:00:00+00:00,,,,,,,,,Aalborg
2026-07-17 05:00:00+00:00,,,,,,,,,Aalborg
2026-07-17 06:00:00+00:00,,,,,,,,,Aalborg
2026-07-17 07:00:00+00:00,,,,,,,,,Aalborg
2026-07-17 08:00:00+00:00,,,,,,,,,Aalborg
2026-07-17 09:00:00+00:00,,,,,,,,,Aalborg
2026-07-17 10:00:00+00:00,,,,,,,,,Aalborg
2026-07-17 11:00:00+00:00,,,,,,,,,Aalborg
2026-07-17 12:00:00+00:00,,,,,,,,,Aalborg
2026-07-17 13:00:00+00:00,,,,,,,,,Aalborg
2026-07-17 14:00:00+00:00,,,,,,,,,Aalborg
2026-07-17 15:00:00+00:00,,,,,,,,,Aalborg
2026-07-17 16:00:00+00:00,,,,,,,,,Aalborg
2026-07-17 17:00:00+00:00,,,,,,,,,Aalborg
2026-07-17 18:00:00+00:00,,,,,,,,,Aalborg
2026-07-17 19:00:00+00:00,,,,,,,,,Aalborg
2026-07-17 20:00:00+00:00,,,,,,,,,Aalborg
2026-07-17 21:00:00+00:00,,,,,,,,,Aalborg
2026-07-17 22:00:00+00:00,,,,,,,,,Aalborg
2026-07-17 23:00:00+00:00,,,,,,,,,Aalborg
2026-07-18 00:00:00+00:00,,,,,,,,,Aalborg
2026-07-18 01:00:00+00:00,,,,,,,,,Aalborg
2026-07-18 02:00:00+00:00,,,,,,,,,Aalborg
2026-07-18 03:00:00+00:00,,,,,,,,,Aalborg
2026-07-18 04:00:00+00:00,,,,,,,,,Aalborg
2026-07-18 05:00:00+00:00,,,,,,,,,Aalborg
2026-07-18 06:00:00+00:00,,,,,,,,,Aalborg
2026-07-18 07:00:00+00:00,,,,,,,,,Aalborg
2026-07-18 08:00:00+00:00,,,,,,,,,Aalborg
2026-07-18 09:00:00+00:00,,,,,,,,,Aalborg
2026-07-18 10:00:00+00:00,,,,,,,,,Aalborg
2026-07-18 11:00:00+00:00,,,,,,,,,Aalborg
2026-07-18 12:00:00+00:00,,,,,,,,,Aalborg
2026-07-18 13:00:00+00:00,,,,,,,,,Aalborg
2026-07-18 14:00:00+00:00,,,,,,,,,Aalborg
2026-07-18 15:00:00+00:00,,,,,,,,,Aalborg
2026-07-18 16:00:00+00:00,,,,,,,,,Aalborg
2026-07-18 17:00:00+00:00,,,,,,,,,Aalborg
2026-07-18 18:00:00+00:00,,,,,,,,,Aalborg
2026-07-18 19:00:00+00:00,,,,,,,,,Aalborg
2026-07-18 20:00:00+00:00,,,,,,,,,Aalborg
2026-07-18 21:00:00+00:00,,,,,,,,,Aalborg
2026-07-18 22:00:00+00:00,,,,,,,,,Aalborg
2026-07-18 23:00:00+00:00,,,,,,,,,Aalborg
2026-07-19 00:00:00+00:00,,,,,,,,,Aalborg
2026-07-19 01:00:00+00:00,,,,,,,,,Aalborg
2026-07-19 02:00:00+00:00,,,,,,,,,Aalborg
2026-07-19 03:00:00+00:00,,,,,,,,,Aalborg
2026-07-19 04:00:00+00:00,,,,,,,,,Aalborg
2026-07-19 05:00:00+00:00,,,,,,,,,Aalborg
2026-07-19 06:00:00+00:00,,,,,,,,,Aalborg
2026-07-19 07:00:00+00:00,,,,,,,,,Aalborg
2026-07-19 08:00:00+00:00,,,,,,,,,Aalborg
2026-07-19 09:00:00+00:00,,,,,,,,,Aalborg
2026-07-19 10:00:00+00:00,,,,,,,,,Aalborg
2026-07-19 11:00:00+00:00,,,,,,,,,Aalborg
2026-07-19 12:00:00+00:00,,,,,,,,,Aalborg
2026-07-19 13:00:00+00:00,,,,,,,,,Aalborg
2026-07-19 14:00:00+00:00,,,,,,,,,Aalborg
2026-07-19 15:00:00+00:00,,,,,,,,,Aalborg
2026-07-19 16:00:00+00:00,,,,,,,,,Aalborg
2026-07-19 17:00:00+00:00,,,,,,,,,Aalborg
2026-07-19 18:00:00+00:00,,,,,,,,,Aalborg
2026-07-19 19:00:00+00:00,,,,,,,,,Aalborg
2026-07-19 20:00:00+00:00,,,,,,,,,Aalborg
2026-07-19 21:00:00+00:00,,,,,,,,,Aalborg
2026-07-19 22:00:00+00:00,,,,,,,,,Aalborg
2026-07-19 23:00:00+00:00,,,,,,,,,Aalborg
2026-07-20 00:00:00+00:00,,,,,,,,,Aalborg
2026-07-20 01:00:00+00:00,,,,,,,,,Aalborg
2026-07-20 02:00:00+00:00,,,,,,,,,Aalborg
2026-07-20 03:00:00+00:00,,,,,,,,,Aalborg
2026-07-20 04:00:00+00:00,,,,,,,,,Aalborg
2026-07-20 05:00:00+00:00,,,,,,,,,Aalborg
2026-07-20 06:00:00+00:00,,,,,,,,,Aalborg
2026-07-20 07:00:00+00:00,,,,,,,,,Aalborg
2026-07-20 08:00:00+00:00,,,,,,,,,Aalborg
2026-07-20 09:00:00+00:00,,,,,,,,,Aalborg
2026-07-20 10:00:00+00:00,,,,,,,,,Aalborg
2026-07-20 11:00:00+00:00,,,,,,,,,Aalborg
2026-07-20 12:00:00+00:00,,,,,,,,,Aalborg
2026-07-20 13:00:00+00:00,,,,,,,,,Aalborg
2026-07-20 14:00:00+00:00,,,,,,,,,Aalborg
2026-07-20 15:00:00+00:00,,,,,,,,,Aalborg
2026-07-20 16:00:00+00:00,,,,,,,,,Aalborg
2026-07-20 17:00:00+00:00,,,,,,,,,Aalborg
2026-07-20 18:00:00+00:00,,,,,,,,,Aalborg
2026-07-20 19:00:00+00:00,,,,,,,,,Aalborg
2026-07-20 20:00:00+00:00,,,,,,,,,Aalborg
2026-07-20 21:00:00+00:00,,,,,,,,,Aalborg
2026-07-20 22:00:00+00:00,,,,,,,,,Aalborg
2026-07-20 23:00:00+00:00,,,,,,,,,Aalborg
2026-07-21 00:00:00+00:00,,,,,,,,,Aalborg
2026-07-21 01:00:00+00:00,,,,,,,,,Aalborg
2026-07-21 02:00:00+00:00,,,,,,,,,Aalborg
2026-07-21 03:00:00+00:00,,,,,,,,,Aalborg
2026-07-21 04:00:00+00:00,,,,,,,,,Aalborg
2026-07-21 05:00:00+00:00,,,,,,,,,Aalborg
2026-07-21 06:00:00+00:00,,,,,,,,,Aalborg
2026-07-21 07:00:00+00:00,,,,,,,,,Aalborg
2026-07-21 08:00:00+00:00,,,,,,,,,Aalborg
2026-07-21 09:00:00+00:00,,,,,,,,,Aalborg
2026-07-21 10:00:00+00:00,,,,,,,,,Aalborg
2026-07-21 11:00:00+00:00,,,,,,,,,Aalborg
2026-07-21 12:00:00+00:00,,,,,,,,,Aalborg
2026-07-21 13:00:00+00:00,,,,,,,,,Aalborg
2026-07-21 14:00:00+00:00,,,,,,,,,Aalborg
2026-07-21 15:00:00+00:00,,,,,,,,,Aalborg
2026-07-21 16:00:00+00:00,,,,,,,,,Aalborg
2026-07-21 17:00:00+00:00,,,,,,,,,Aalborg
2026-07-21 18:00:00+00:00,,,,,,,,,Aalborg
2026-07-21 19:00:00+00:00,,,,,,,,,Aalborg
2026-07-21 20:00:00+00:00,,,,,,,,,Aalborg
2026-07-21 21:00:00+00:00,,,,,,,,,Aalborg
2026-07-21 22:00:00+00:00,,,,,,,,,Aalborg
2026-07-21 23:00:00+00:00,,,,,,,,,Aalborg
2026-07-22 00:00:00+00:00,,,,,,,,,Aalborg
2026-07-22 01:00:00+00:00,,,,,,,,,Aalborg
2026-07-22 02:00:00+00:00,,,,,,,,,Aalborg
2026-07-22 03:00:00+00:00,,,,,,,,,Aalborg
2026-07-22 04:00:00+00:00,,,,,,,,,Aalborg
2026-07-22 05:00:00+00:00,,,,,,,,,Aalborg
2026-07-22 06:00:00+00:00,,,,,,,,,Aalborg
2026-07-22 07:00:00+00:00,,,,,,,,,Aalborg
2026-07-22 08:00:00+00:00,,,,,,,,,Aalborg
2026-07-22 09:00:00+00:00,,,,,,,,,Aalborg
2026-07-22 10:00:00+00:00,,,,,,,,,Aalborg
2026-07-22 11:00:00+00:00,,,,,,,,,Aalborg
2026-07-22 12:00:00+00:00,,,,,,,,,Aalborg
2026-07-22 13:00:00+00:00,,,,,,,,,Aalborg
2026-07-22 14:00:00+00:00,,,,,,,,,Aalborg
2026-07-22 15:00:00+00:00,,,,,,,,,Aalborg
2026-07-22 16:00:00+00:00,,,,,,,,,Aalborg
2026-07-22 17:00:00+00:00,,,,,,,,,Aalborg
2026-07-22 18:00:00+00:00,,,,,,,,,Aalborg
2026-07-22 19:00:00+00:00,,,,,,,,,Aalborg
2026-07-22 20:00:00+00:00,,,,,,,,,Aalborg
2026-07-22 21:00:00+00:00,,,,,,,,,Aalborg
2026-07-22 22:00:00+00:00,,,,,,,,,Aalborg
2026-07-22 23:00:00+00:00,,,,,,,,,Aalborg
2026-07-23 00:00:00+00:00,,,,,,,,,Aalborg
2026-07-23 01:00:00+00:00,,,,,,,,,Aalborg
2026-07-23 02:00:00+00:00,,,,,,,,,Aalborg
2026-07-23 03:00:00+00:00,,,,,,,,,Aalborg
2026-07-23 04:00:00+00:00,,,,,,,,,Aalborg
2026-07-23 05:00:00+00:00,,,,,,,,,Aalborg
2026-07-23 06:00:00+00:00,,,,,,,,,Aalborg
2026-07-23 07:00:00+00:00,,,,,,,,,Aalborg
2026-07-23 08:00:00+00:00,,,,,,,,,Aalborg
2026-07-23 09:00:00+00:00,,,,,,,,,Aalborg
2026-07-23 10:00:00+00:00,,,,,,,,,Aalborg
2026-07-23 11:00:00+00:00,,,,,,,,,Aalborg
2026-07-23 12:00:00+00:00,,,,,,,,,Aalborg
2026-07-23 13:00:00+00:00,,,,,,,,,Aalborg
2026-07-23 14:00:00+00:00,,,,,,,,,Aalborg
2026-07-23 15:00:00+00:00,,,,,,,,,Aalborg
2026-07-23 16:00:00+00:00,,,,,,,,,Aalborg
2026-07-23 17:00:00+00:00,,,,,,,,,Aalborg
2026-07-23 18:00:00+00:00,,,,,,,,,Aalborg
2026-07-23 19:00:00+00:00,,,,,,,,,Aalborg
2026-07-23 20:00:00+00:00,,,,,,,,,Aalborg
2026-07-23 21:00:00+00:00,,,,,,,,,Aalborg
2026-07-23 22:00:00+00:00,,,,,,,,,Aalborg
2026-07-23 23:00:00+00:00,,,,,,,,,Aalborg
2026-07-24 00:00:00+00:00,,,,,,,,,Aalborg
2026-07-24 01:00:00+00:00,,,,,,,,,Aalborg
2026-07-24 02:00:00+00:00,,,,,,,,,Aalborg
2026-07-24 03:00:00+00:00,,,,,,,,,Aalborg
2026-07-24 04:00:00+00:00,,,,,,,,,Aalborg
2026-07-24 05:00:00+00:00,,,,,,,,,Aalborg
2026-07-24 06:00:00+00:00,,,,,,,,,Aalborg
2026-07-24 07:00:00+00:00,,,,,,,,,Aalborg
2026-07-24 08:00:00+00:00,,,,,,,,,Aalborg
2026-07-24 09:00:00+00:00,,,,,,,,,Aalborg
2026-07-24 10:00:00+00:00,,,,,,,,,Aalborg
2026-07-24 11:00:00+00:00,,,,,,,,,Aalborg
2026-07-24 12:00:00+00:00,,,,,,,,,Aalborg
2026-07-24 13:00:00+00:00,,,,,,,,,Aalborg
2026-07-24 14:00:00+00:00,,,,,,,,,Aalborg
2026-07-24 15:00:00+00:00,,,,,,,,,Aalborg
2026-07-24 16:00:00+00:00,,,,,,,,,Aalborg
2026-07-24 17:00:00+00:00,,,,,,,,,Aalborg
2026-07-24 18:00:00+00:00,,,,,,,,,Aalborg
2026-07-24 19:00:00+00:00,,,,,,,,,Aalborg
2026-07-24 20:00:00+00:00,,,,,,,,,Aalborg
2026-07-24 21:00:00+00:00,,,,,,,,,Aalborg
2026-07-24 22:00:00+00:00,,,,,,,,,Aalborg
2026-07-24 23:00:00+00:00,,,,,,,,,Aalborg
2026-07-25 00:00:00+00:00,,,,,,,,,Aalborg
2026-07-25 01:00:00+00:00,,,,,,,,,Aalborg
2026-07-25 02:00:00+00:00,,,,,,,,,Aalborg
2026-07-25 03:00:00+00:00,,,,,,,,,Aalborg
2026-07-25 04:00:00+00:00,,,,,,,,,Aalborg
2026-07-25 05:00:00+00:00,,,,,,,,,Aalborg
2026-07-25 06:00:00+00:00,,,,,,,,,Aalborg
2026-07-25 07:00:00+00:00,,,,,,,,,Aalborg
2026-07-25 08:00:00+00:00,,,,,,,,,Aalborg
2026-07-25 09:00:00+00:00,,,,,,,,,Aalborg
2026-07-25 10:00:00+00:00,,,,,,,,,Aalborg
2026-07-25 11:00:00+00:00,,,,,,,,,Aalborg
2026-07-25 12:00:00+00:00,,,,,,,,,Aalborg
2026-07-25 13:00:00+00:00,,,,,,,,,Aalborg
2026-07-25 14:00:00+00:00,,,,,,,,,Aalborg
2026-07-25 15:00:00+00:00,,,,,,,,,Aalborg
2026-07-25 16:00:00+00:00,,,,,,,,,Aalborg
2026-07-25 17:00:00+00:00,,,,,,,,,Aalborg
2026-07-25 18:00:00+00:00,,,,,,,,,Aalborg
2026-07-25 19:00:00+00:00,,,,,,,,,Aalborg
2026-07-25 20:00:00+00:00,,,,,,,,,Aalborg
2026-07-25 21:00:00+00:00,,,,,,,,,Aalborg
2026-07-25 22:00:00+00:00,,,,,,,,,Aalborg
2026-07-25 23:00:00+00:00,,,,,,,,,Aalborg
2026-07-26 00:00:00+00:00,,,,,,,,,Aalborg
2026-07-26 01:00:00+00:00,,,,,,,,,Aalborg
2026-07-26 02:00:00+00:00,,,,,,,,,Aalborg
2026-07-26 03:00:00+00:00,,,,,,,,,Aalborg
2026-07-26 04:00:00+00:00,,,,,,,,,Aalborg
2026-07-26 05:00:00+00:00,,,,,,,,,Aalborg
2026-07-26 06:00:00+00:00,,,,,,,,,Aalborg
2026-07-26 07:00:00+00:00,,,,,,,,,Aalborg
2026-07-26 08:00:00+00:00,,,,,,,,,Aalborg
2026-07-26 09:00:00+00:00,,,,,,,,,Aalborg
2026-07-26 10:00:00+00:00,,,,,,,,,Aalborg
2026-07-26 11:00:00+00:00,,,,,,,,,Aalborg
2026-07-26 12:00:00+00:00,,,,,,,,,Aalborg
2026-07-26 13:00:00+00:00,,,,,,,,,Aalborg
2026-07-26 14:00:00+00:00,,,,,,,,,Aalborg
2026-07-26 15:00:00+00:00,,,,,,,,,Aalborg
2026-07-26 16:00:00+00:00,,,,,,,,,Aalborg
2026-07-26 17:00:00+00:00,,,,,,,,,Aalborg
2026-07-26 18:00:00+00:00,,,,,,,,,Aalborg
2026-07-26 19:00:00+00:00,,,,,,,,,Aalborg
2026-07-26 20:00:00+00:00,,,,,,,,,Aalborg
2026-07-26 21:00:00+00:00,,,,,,,,,Aalborg
2026-07-26 22:00:00+00:00,,,,,,,,,Aalborg
2026-07-26 23:00:00+00:00,,,,,,,,,Aalborg
2026-07-27 00:00:00+00:00,,,,,,,,,Aalborg
2026-07-27 01:00:00+00:00,,,,,,,,,Aalborg
2026-07-27 02:00:00+00:00,,,,,,,,,Aalborg
2026-07-27 03:00:00+00:00,,,,,,,,,Aalborg
2026-07-27 04:00:00+00:00,,,,,,,,,Aalborg
2026-07-27 05:00:00+00:00,,,,,,,,,Aalborg
2026-07-27 06:00:00+00:00,,,,,,,,,Aalborg
2026-07-27 07:00:00+00:00,,,,,,,,,Aalborg
2026-07-27 08:00:00+00:00,,,,,,,,,Aalborg
2026-07-27 09:00:00+00:00,,,,,,,,,Aalborg
2026-07-27 10:00:00+00:00,,,,,,,,,Aalborg
2026-07-27 11:00:00+00:00,,,,,,,,,Aalborg
2026-07-27 12:00:00+00:00,,,,,,,,,Aalborg
2026-07-27 13:00:00+00:00,,,,,,,,,Aalborg
2026-07-27 14:00:00+00:00,,,,,,,,,Aalborg
2026-07-27 15:00:00+00:00,,,,,,,,,Aalborg
2026-07-27 16:00:00+00:00,,,,,,,,,Aalborg
2026-07-27 17:00:00+00:00,,,,,,,,,Aalborg
2026-07-27 18:00:00+00:00,,,,,,,,,Aalborg
2026-07-27 19:00:00+00:00,,,,,,,,,Aalborg
2026-07-27 20:00:00+00:00,,,,,,,,,Aalborg
2026-07-27 21:00:00+00:00,,,,,,,,,Aalborg
2026-07-27 22:00:00+00:00,,,,,,,,,Aalborg
2026-07-27 23:00:00+00:00,,,,,,,,,Aalborg
2026-07-28 00:00:00+00:00,,,,,,,,,Aalborg
2026-07-28 01:00:00+00:00,,,,,,,,,Aalborg
2026-07-28 02:00:00+00:00,,,,,,,,,Aalborg
2026-07-28 03:00:00+00:00,,,,,,,,,Aalborg
2026-07-28 04:00:00+00:00,,,,,,,,,Aalborg
2026-07-28 05:00:00+00:00,,,,,,,,,Aalborg
2026-07-28 06:00:00+00:00,,,,,,,,,Aalborg
2026-07-28 07:00:00+00:00,,,,,,,,,Aalborg
2026-07-28 08:00:00+00:00,,,,,,,,,Aalborg
2026-07-28 09:00:00+00:00,,,,,,,,,Aalborg
2026-07-28 10:00:00+00:00,,,,,,,,,Aalborg
2026-07-28 11:00:00+00:00,,,,,,,,,Aalborg
2026-07-28 12:00:00+00:00,,,,,,,,,Aalborg
2026-07-28 13:00:00+00:00,,,,,,,,,Aalborg
2026-07-28 14:00:00+00:00,,,,,,,,,Aalborg
2026-07-28 15:00:00+00:00,,,,,,,,,Aalborg
2026-07-28 16:00:00+00:00,,,,,,,,,Aalborg
2026-07-28 17:00:00+00:00,,,,,,,,,Aalborg
2026-07-28 18:00:00+00:00,,,,,,,,,Aalborg
2026-07-28 19:00:00+00:00,,,,,,,,,Aalborg
2026-07-28 20:00:00+00:00,,,,,,,,,Aalborg
2026-07-28 21:00:00+00:00,,,,,,,,,Aalborg
2026-07-28 22:00:00+00:00,,,,,,,,,Aalborg
2026-07-28 23:00:00+00:00,,,,,,,,,Aalborg
2026-07-29 00:00:00+00:00,,,,,,,,,Aalborg
2026-07-29 01:00:00+00:00,,,,,,,,,Aalborg
2026-07-29 02:00:00+00:00,,,,,,,,,Aalborg
2026-07-29 03:00:00+00:00,,,,,,,,,Aalborg
2026-07-29 04:00:00+00:00,,,,,,,,,Aalborg
2026-07-29 05:00:00+00:00,,,,,,,,,Aalborg
2026-07-29 06:00:00+00:00,,,,,,,,,Aalborg
2026-07-29 07:00:00+00:00,,,,,,,,,Aalborg
2026-07-29 08:00:00+00:00,,,,,,,,,Aalborg
2026-07-29 09:00:00+00:00,,,,,,,,,Aalborg
2026-07-29 10:00:00+00:00,,,,,,,,,Aalborg
2026-07-29 11:00:00+00:00,,,,,,,,,Aalborg
2026-07-29 12:00:00+00:00,,,,,,,,,Aalborg
2026-07-29 13:00:00+00:00,,,,,,,,,Aalborg
2026-07-29 14:00:00+00:00,,,,,,,,,Aalborg
2026-07-29 15:00:00+00:00,,,,,,,,,Aalborg
2026-07-29 16:00:00+00:00,,,,,,,,,Aalborg
2026-07-29 17:00:00+00:00,,,,,,,,,Aalborg
2026-07-29 18:00:00+00:00,,,,,,,,,Aalborg
2026-07-29 19:00:00+00:00,,,,,,,,,Aalborg
2026-07-29 20:00:00+00:00,,,,,,,,,Aalborg
2026-07-29 21:00:00+00:00,,,,,,,,,Aalborg
2026-07-29 22:00:00+00:00,,,,,,,,,Aalborg
2026-07-29 23:00:00+00:00,,,,,,,,,Aalborg
2026-07-30 00:00:00+00:00,19.65,75.745995,0.0,1012.0004,100.0,24.690058,188.99371,23.759998,Aalborg
2026-07-30 01:00:00+00:00,19.5,77.19445,0.0,1011.70026,99.0,23.862755,199.76726,23.039999,Aalborg
2026-07-30 02:00:00+00:00,18.9,80.64945,0.0,1011.2982,91.0,22.636837,198.99675,21.96,Aalborg
2026-07-30 03:00:00+00:00,18.35,83.20576,0.0,1011.096,94.0,20.439611,212.73521,20.16,Aalborg
2026-07-30 04:00:00+00:00,18.0,85.601036,0.0,1010.9944,80.0,17.367918,224.9999,17.28,Aalborg
2026-07-30 05:00:00+00:00,18.6,83.76923,0.0,1010.6973,75.0,13.482842,212.24243,14.04,Aalborg
2026-07-30 06:00:00+00:00,20.45,77.093704,0.0,1010.50586,7.0,16.77839,201.46771,13.32,Aalborg
2026-07-30 07:00:00+00:00,22.3,69.492744,0.0,1010.51404,0.0,6.833253,221.87778,13.32,Aalborg
2026-07-30 08:00:00+00:00,23.8,62.461693,0.0,1010.4206,4.0,4.8174853,236.88864,14.759999,Aalborg
2026-07-30 09:00:00+00:00,25.4,55.864086,0.0,1009.92816,17.0,4.3331094,158.62932,14.4,Aalborg
2026-07-30 10:00:00+00:00,27.55,45.712086,0.0,1009.1383,60.0,9.687539,144.58286,20.519999,Aalborg
2026-07-30 11:00:00+00:00,29.2,39.822384,0.0,1007.9464,76.0,17.948374,140.553,30.960001,Aalborg
2026-07-30 12:00:00+00:00,30.15,38.193115,0.0,1007.3513,41.0,23.914295,157.5741,39.6,Aalborg
2026-07-30 13:00:00+00:00,31.5,31.655207,0.0,1006.35785,66.0,31.001732,168.24496,48.6,Aalborg
2026-07-30 14:00:00+00:00,31.7,30.687794,0.0,1005.45996,17.0,34.652878,192.27708,52.199997,Aalborg
2026-07-30 15:00:00+00:00,27.7,50.201668,0.0,1005.94293,90.0,41.74204,243.00424,61.920002,Aalborg
2026-07-30 16:00:00+00:00,25.85,54.045574,0.0,1006.73413,90.0,35.71493,254.32516,60.120003,Aalborg
2026-07-30 17:00:00+00:00,22.6,60.60975,0.0,1008.11847,100.0,27.643185,286.59482,53.28,Aalborg
2026-07-30 18:00:00+00:00,21.7,65.90831,0.0,1008.61395,100.0,29.668455,272.03326,42.12,Aalborg
2026-07-30 19:00:00+00:00,19.6,75.49499,0.0,1009.6032,100.0,28.475775,273.53223,43.56,Aalborg
2026-07-30 20:00:00+00:00,18.3,78.77158,0.0,1010.29663,100.0,29.482683,268.6361,41.039997,Aalborg
2026-07-30 21:00:00+00:00,17.2,79.900185,0.0,1010.79114,100.0,28.441166,272.12103,41.760002,Aalborg
2026-07-30 22:00:00+00:00,16.55,79.031166,0.0,1011.4871,100.0,27.369587,270.36725,41.039997,Aalborg
2026-07-30 23:00:00+00:00,16.1,78.192116,0.0,1012.0845,96.0,26.325726,268.4725,39.239998,Aalborg
2026-07-31 00:00:00+00:00,15.3,78.072014,0.0,1012.7798,79.0,26.528965,266.96735,40.68,Aalborg
2026-07-31 01:00:00+00:00,14.85,80.89673,0.0,1012.678,24.0,24.417406,267.1171,34.56,Aalborg
2026-07-31 02:00:00+00:00,14.45,83.83747,0.0,1012.7759,18.0,24.47721,265.06592,30.599998,Aalborg
2026-07-31 03:00:00+00:00,14.15,84.08034,0.0,1012.9744,31.0,24.799524,265.94333,29.88,Aalborg
2026-07-31 04:00:00+00:00,14.15,81.07148,0.0,1013.27405,33.0,23.697721,262.76984,29.519999,Aalborg
2026-07-31 05:00:00+00:00,14.8,77.99647,0.0,1013.2768,15.0,20.765303,256.31595,29.519999,Aalborg
2026-07-31 06:00:00+00:00,16.0,69.624535,0.0,1013.88153,34.0,26.051285,257.5549,38.519997,Aalborg
2026-07-31 07:00:00+00:00,17.05,62.150913,0.0,1014.08606,57.0,28.238062,261.06445,43.56,Aalborg
2026-07-31 08:00:00+00:00,17.85,56.18436,0.0,1014.08984,66.0,28.612188,260.82654,45.0,Aalborg
2026-07-31 09:00:00+00:00,18.7,53.08769,0.0,1014.0937,33.0,27.665447,259.4027,45.36,Aalborg
2026-07-31 10:00:00+00:00,19.45,49.64621,0.0,1014.19666,52.0,27.044329,258.39853,46.079998,Aalborg
2026-07-31 11:00:00+00:00,19.8,47.602318,0.0,1014.0984,48.0,24.643265,257.24997,45.36,Aalborg
2026-07-31 12:00:00+00:00,20.0,47.33572,0.0,1013.8996,16.0,24.198978,263.3388,42.48,Aalborg
2026-07-31 13:00:00+00:00,20.05,44.389225,0.0,1013.7002,24.0,23.198908,262.1764,41.760002,Aalborg
2026-07-31 14:00:00+00:00,20.1,43.059086,0.0,1013.80005,6.0,23.673683,258.0239,41.399998,Aalborg
2026-07-31 15:00:00+00:00,19.85,41.393814,0.0,1013.899,9.0,22.536674,258.7776,41.039997,Aalborg
2026-07-31 16:00:00+00:00,19.35,42.994217,0.0,1013.7968,5.0,22.555788,261.05063,39.239998,Aalborg
2026-07-31 17:00:00+00:00,18.65,45.535267,0.0,1013.4941,5.0,22.47376,267.76306,38.16,Aalborg
2026-07-31 18:00:00+00:00,17.25,53.429863,0.0,1013.987,6.0,20.776419,274.8439,36.719997,Aalborg
2026-07-31 19:00:00+00:00,16.1,60.482216,0.0,1014.1817,6.0,18.736237,276.99182,32.039997,Aalborg
2026-07-31 20:00:00+00:00,15.15,66.70901,0.0,1014.2771,2.0,17.733582,267.7321,27.0,Aalborg
2026-07-31 21:00:00+00:00,14.55,70.51502,0.0,1014.37445,2.0,18.71569,263.5413,23.039999,Aalborg
2026-07-31 22:00:00+00:00,14.05,76.59195,0.0,1014.47174,1.0,19.863,266.4553,23.4,Aalborg
2026-07-31 23:00:00+00:00,13.65,80.73515,0.0,1014.5699,1.0,19.154589,261.57312,23.4,Aalborg
2026-08-01 00:00:00+00:00,12.9,84.781334,0.0,1014.56635,4.0,18.863125,260.36252,20.880001,Aalborg
2026-08-01 01:00:00+00:00,12.7,87.63209,0.0,1014.5656,5.0,18.033062,252.44637,19.44,Aalborg
2026-08-01 02:00:00+00:00,12.5,89.08425,0.0,1014.56464,20.0,17.74052,241.66096,18.0,Aalborg
2026-08-01 03:00:00+00:00,12.4,89.96939,0.0,1014.3643,19.0,18.762505,241.51791,18.72,Aalborg
2026-08-01 04:00:00+00:00,12.4,90.56925,0.0,1014.16455,11.0,18.442333,244.65387,18.72,Aalborg
2026-08-01 05:00:00+00:00,13.0,87.659294,0.0,1013.9677,5.0,15.459856,242.27184,19.08,Aalborg
2026-08-01 06:00:00+00:00,14.1,81.33445,0.0,1014.4721,16.0,13.418768,244.44008,22.68,Aalborg
2026-08-01 07:00:00+00:00,15.15,72.06257,0.1,1014.5767,49.0,13.873273,260.53775,25.199999,Aalborg
2026-08-01 08:00:00+00:00,16.1,64.92077,0.1,1014.681,31.0,15.036964,262.6263,27.72,Aalborg
2026-08-01 09:00:00+00:00,16.85,60.050533,0.1,1014.88434,41.0,16.766462,256.6908,30.599998,Aalborg
2026-08-01 10:00:00+00:00,17.55,56.48887,0.2,1014.8876,27.0,20.361155,251.40883,35.28,Aalborg
2026-08-01 11:00:00+00:00,18.6,48.41542,0.0,1014.8919,9.0,22.653149,253.81071,39.239998,Aalborg
2026-08-01 12:00:00+00:00,19.75,43.25569,0.0,1014.89734,49.0,21.496536,254.3757,39.6,Aalborg
2026-08-01 13:00:00+00:00,19.45,45.447582,0.3,1014.5962,51.0,25.29902,251.81625,41.399998,Aalborg
2026-08-01 14:00:00+00:00,18.9,49.329323,0.5,1014.3943,46.0,28.728134,254.77551,44.28,Aalborg
2026-08-01 15:00:00+00:00,18.4,55.198647,0.4,1014.39197,35.0,29.063147,256.38318,45.36,Aalborg
2026-08-01 16:00:00+00:00,18.5,54.85392,0.0,1014.39233,30.0,29.570772,251.67245,45.0,Aalborg
2026-08-01 17:00:00+00:00,17.9,56.197002,0.0,1014.28955,36.0,29.404282,251.56496,45.0,Aalborg
2026-08-01 18:00:00+00:00,17.1,60.515877,0.1,1014.3859,38.0,28.943752,254.5316,42.48,Aalborg
2026-08-01 19:00:00+00:00,16.1,68.037125,0.1,1014.4813,7.0,27.2343,256.5904,37.44,Aalborg
2026-08-01 20:00:00+00:00,15.15,74.754295,0.0,1014.7764,12.0,24.752935,253.10619,34.56,Aalborg
2026-08-01 21:00:00+00:00,14.6,77.19208,0.0,1014.97363,5.0,23.30811,250.20103,29.16,Aalborg
2026-08-01 22:00:00+00:00,14.15,78.94323,0.0,1015.0717,7.0,23.9593,246.25049,27.0,Aalborg
2026-08-01 23:00:00+00:00,13.9,80.23296,0.0,1015.07043,8.0,24.351133,246.20515,27.359999,Aalborg
2026-08-02 00:00:00+00:00,13.3,82.87163,0.0,1015.16736,10.0,24.829292,240.35565,28.08,Aalborg
2026-08-02 01:00:00+00:00,13.25,83.142235,0.0,1015.0675,25.0,25.849648,238.03587,29.16,Aalborg
2026-08-02 02:00:00+00:00,13.2,83.41383,0.0,1015.06726,14.0,25.546013,236.20076,29.16,Aalborg
2026-08-02 03:00:00+00:00,13.0,84.22894,0.0,1015.16614,34.0,26.330986,235.03918,29.88,Aalborg
2026-08-02 04:00:00+00:00,13.1,83.68058,0.0,1015.1665,27.0,25.42887,230.59937,29.88,Aalborg
2026-08-02 05:00:00+00:00,13.55,83.73312,0.0,1015.26855,43.0,26.357275,228.77829,30.239998,Aalborg
2026-08-02 06:00:00+00:00,14.55,79.527695,0.0,1015.6727,40.0,25.803762,224.9999,30.599998,Aalborg
2026-08-02 07:00:00+00:00,15.85,69.3631,0.0,1015.6785,34.0,28.904911,236.88866,42.48,Aalborg
2026-08-02 08:00:00+00:00,16.95,62.755802,0.1,1015.88336,37.0,30.908262,250.4336,47.16,Aalborg
2026-08-02 09:00:00+00:00,17.6,59.82712,0.2,1015.98615,48.0,29.248945,257.88126,47.16,Aalborg
2026-08-02 10:00:00+00:00,18.3,57.058937,0.3,1016.3888,49.0,28.798761,258.75854,45.36,Aalborg
2026-08-02 11:00:00+00:00,19.05,53.898987,0.2,1016.4921,38.0,28.765076,259.10132,45.719997,Aalborg
2026-08-02 12:00:00+00:00,18.3,60.59714,0.1,1017.0879,38.0,24.938145,262.7251,45.719997,Aalborg
2026-08-02 13:00:00+00:00,19.05,56.2979,0.1,1016.9915,21.0,26.459259,258.91364,43.199997,Aalborg
2026-08-02 14:00:00+00:00,19.15,55.020275,0.0,1017.1916,35.0,26.874784,262.8751,43.56,Aalborg
2026-08-02 15:00:00+00:00,19.15,55.389744,0.0,1017.29144,34.0,26.723175,262.45517,42.839996,Aalborg
2026-08-02 16:00:00+00:00,18.75,56.789833,0.0,1017.38947,20.0,24.876976,263.92764,41.760002,Aalborg
2026-08-02 17:00:00+00:00,18.3,58.41264,0.0,1017.2876,11.0,22.642954,268.224,38.519997,Aalborg
2026-08-02 18:00:00+00:00,17.45,60.802208,0.0,1017.48346,12.0,18.736237,276.99182,34.92,Aalborg
2026-08-02 19:00:00+00:00,16.45,66.75953,0.0,1017.479,3.0,17.450132,279.84106,27.359999,Aalborg
2026-08-02 20:00:00+00:00,15.25,75.26981,0.0,1017.87317,9.0,17.480972,280.40765,21.599998,Aalborg
2026-08-02 21:00:00+00:00,14.5,80.84981,0.0,1018.16925,70.0,18.752657,280.78424,18.72,Aalborg
2026-08-02 22:00:00+00:00,14.0,84.34185,0.0,1018.3667,10.0,17.844318,276.77557,19.08,Aalborg
2026-08-02 23:00:00+00:00,13.5,88.870926,0.0,1018.464,43.0,17.600298,274.57382,17.28,Aalborg
2026-08-03 00:00:00+00:00,12.9,89.41235,0.0,1018.66095,76.0,16.495323,268.78116,16.56,Aalborg
2026-08-03 01:00:00+00:00,12.7,89.69377,0.0,1018.46045,81.0,15.124728,266.00916,15.4800005,Aalborg
2026-08-03 02:00:00+00:00,12.5,90.576294,0.0,1018.5594,79.0,14.046357,260.6554,14.4,Aalborg
2026-08-03 03:00:00+00:00,12.5,90.576294,0.0,1018.65924,98.0,13.861065,269.27478,13.679999,Aalborg
2026-08-03 04:00:00+00:00,12.75,89.6976,0.0,1018.56036,92.0,11.579203,270.0,12.24,Aalborg
2026-08-03 05:00:00+00:00,13.4,87.98599,0.0,1018.6635,99.0,9.730336,244.35904,11.879999,Aalborg
2026-08-03 06:00:00+00:00,14.05,84.62681,0.0,1018.7661,100.0,8.907917,237.87503,13.32,Aalborg
2026-08-03 07:00:00+00:00,14.55,80.322655,0.0,1019.06836,96.0,6.87815,264.14407,12.24,Aalborg
2026-08-03 08:00:00+00:00,16.2,68.51315,0.0,1019.07574,100.0,6.9869285,298.49554,17.28,Aalborg
2026-08-03 09:00:00+00:00,16.6,64.81298,0.0,1019.27734,100.0,4.2433867,299.74478,16.919998,Aalborg
2026-08-03 10:00:00+00:00,16.95,62.33654,0.0,1019.27893,98.0,2.280752,270.0,13.32,Aalborg
2026-08-03 11:00:00+00:00,18.0,57.949203,0.0,1018.9841,99.0,3.063971,246.3706,14.04,Aalborg
2026-08-03 12:00:00+00:00,18.6,52.52654,0.0,1018.38745,90.0,0.7233678,194.03627,14.4,Aalborg
2026-08-03 13:00:00+00:00,19.85,50.090668,0.0,1017.79395,9.0,0.7846026,153.43501,12.24,Aalborg
2026-08-03 14:00:00+00:00,20.5,47.794407,0.0,1017.3974,1.0,1.0229965,210.96368,11.879999,Aalborg
2026-08-03 15:00:00+00:00,20.85,46.77509,0.0,1017.0994,1.0,1.6174996,192.5288,11.879999,Aalborg
2026-08-03 16:00:00+00:00,20.9,47.743122,0.0,1016.70013,43.0,2.481131,135.0001,11.879999,Aalborg
2026-08-03 17:00:00+00:00,20.55,49.775684,0.0,1015.99945,64.0,8.883697,80.909805,17.64,Aalborg
2026-08-03 18:00:00+00:00,19.55,54.028275,0.0,1015.99493,15.0,9.807531,100.30479,19.8,Aalborg
2026-08-03 19:00:00+00:00,18.3,63.271423,0.0,1016.2889,76.0,6.2028275,98.13002,15.119999,Aalborg
2026-08-03 20:00:00+00:00,17.3,70.10975,0.0,1016.1846,75.0,6.170489,104.82652,6.4799995,Aalborg
2026-08-03 21:00:00+00:00,16.45,74.236496,0.0,1016.2805,48.0,5.663287,106.18928,4.68,Aalborg
2026-08-03 22:00:00+00:00,15.8,79.18246,0.0,1016.3776,24.0,8.40111,118.70586,6.12,Aalborg
2026-08-03 23:00:00+00:00,15.2,83.101494,0.0,1016.37476,11.0,12.275959,120.963684,9.36,Aalborg
2026-08-04 00:00:00+00:00,14.65,85.53248,0.0,1015.9727,33.0,14.990837,124.992096,12.599999,Aalborg
2026-08-04 01:00:00+00:00,14.35,88.649155,0.0,1015.5721,66.0,14.91261,118.072395,10.799999,Aalborg
2026-08-04 02:00:00+00:00,14.45,88.94846,0.0,1015.5723,100.0,16.97808,113.12087,13.679999,Aalborg
2026-08-04 03:00:00+00:00,15.1,86.42367,0.0,1014.97595,98.0,19.196323,108.10386,17.28,Aalborg
2026-08-04 04:00:00+00:00,15.75,84.26118,0.0,1015.079,95.0,20.785305,111.801476,19.08,Aalborg
2026-08-04 05:00:00+00:00,16.65,81.135506,0.0,1014.88336,100.0,21.970272,108.145676,21.96,Aalborg
2026-08-04 06:00:00+00:00,17.95,78.21262,0.0,1014.6894,100.0,26.426085,100.71308,23.759998,Aalborg
2026-08-04 07:00:00+00:00,19.4,67.81343,0.0,1014.5962,100.0,21.921883,102.479065,31.68,Aalborg
2026-08-04 08:00:00+00:00,20.5,60.316,0.0,1014.30133,98.0,24.302422,107.650215,36.719997,Aalborg
2026-08-04 09:00:00+00:00,21.35,55.39511,0.0,1014.1054,98.0,27.434175,110.98497,41.399998,Aalborg
2026-08-04 10:00:00+00:00,22.15,50.872936,0.0,1013.7094,72.0,31.0766,115.40768,47.16,Aalborg
2026-08-04 11:00:00+00:00,23.05,47.6925,0.0,1013.3137,41.0,31.44534,120.141304,48.6,Aalborg
2026-08-04 12:00:00+00:00,23.7,47.711243,0.5,1012.61743,40.0,36.73834,123.310646,48.6,Aalborg
2026-08-04 13:00:00+00:00,23.65,54.362316,0.1,1011.8182,13.0,35.29186,129.14911,55.44,Aalborg
2026-08-04 14:00:00+00:00,24.15,57.37103,0.1,1011.52075,77.0,31.73521,144.90411,53.639996,Aalborg
2026-08-04 15:00:00+00:00,24.5,58.382538,0.1,1010.7233,25.0,29.501472,153.13026,48.239998,Aalborg
2026-08-04 16:00:00+00:00,24.25,62.562084,0.0,1010.7221,97.0,25.617,156.59529,45.719997,Aalborg
2026-08-04 17:00:00+00:00,24.0,63.912334,0.0,1010.32166,49.0,26.305841,160.11475,38.519997,Aalborg
2026-08-04 18:00:00+00:00,23.55,68.42521,0.0,1010.12,62.0,29.063147,166.38318,39.239998,Aalborg
2026-08-04 19:00:00+00:00,22.85,72.516624,0.0,1009.9171,40.0,33.377438,169.3989,40.32,Aalborg
2026-08-04 20:00:00+00:00,21.95,75.15865,0.0,1010.11304,76.0,31.065706,171.22932,40.32,Aalborg
2026-08-04 21:00:00+00:00,20.9,78.89355,0.1,1010.1086,89.0,30.258099,166.93068,36.0,Aalborg
2026-08-04 22:00:00+00:00,20.45,79.83618,0.0,1009.80676,93.0,32.721786,166.03824,37.44,Aalborg
2026-08-04 23:00:00+00:00,20.0,80.028404,0.0,1009.6051,95.0,26.681677,178.116,37.44,Aalborg
2026-08-05 00:00:00+00:00,19.5,85.21203,1.2,1008.9039,79.0,35.874447,176.07417,29.16,Aalborg
2026-08-05 01:00:00+00:00,18.85,91.58458,0.6,1008.6014,100.0,30.025785,177.65591,39.6,Aalborg
2026-08-05 02:00:00+00:00,18.7,95.106285,1.6,1008.3011,100.0,27.397125,186.98839,30.599998,Aalborg
2026-08-05 03:00:00+00:00,18.5,96.304016,1.4,1007.2016,97.0,27.114233,175.17487,27.0,Aalborg
2026-08-05 04:00:00+00:00,18.1,95.68693,0.1,1006.8002,77.0,26.10381,171.10753,27.359999,Aalborg
2026-08-05 05:00:00+00:00,18.15,96.903404,0.2,1006.2013,73.0,21.064789,178.0909,26.64,Aalborg
2026-08-05 06:00:00+00:00,18.85,95.71109,0.9,1006.1046,5.0,22.462803,178.65741,27.359999,Aalborg
2026-08-05 07:00:00+00:00,20.3,90.81832,0.0,1006.01105,59.0,16.93179,169.85452,25.56,Aalborg
2026-08-05 08:00:00+00:00,21.6,81.51443,0.0,1006.1166,43.0,19.824999,180.0,32.399998,Aalborg
2026-08-05 09:00:00+00:00,23.05,77.00536,0.0,1005.82324,83.0,23.249271,188.68033,40.68,Aalborg
2026-08-05 10:00:00+00:00,23.7,72.43934,0.0,1005.6263,100.0,26.530704,200.11267,44.28,Aalborg
2026-08-05 11:00:00+00:00,24.75,65.503784,0.0,1005.13135,100.0,28.137056,212.00534,45.719997,Aalborg
2026-08-05 12:00:00+00:00,23.4,67.74968,0.3,1005.725,16.0,39.75582,233.43343,52.199997,Aalborg
2026-08-05 13:00:00+00:00,23.1,63.919964,0.2,1006.223,20.0,42.38488,245.02612,62.639996,Aalborg
2026-08-05 14:00:00+00:00,22.8,63.24377,0.0,1006.7212,20.0,36.98176,245.62354,59.76,Aalborg
2026-08-05 15:00:00+00:00,22.0,64.712204,0.1,1007.1172,29.0,36.562817,243.18912,58.32,Aalborg
2026-08-05 16:00:00+00:00,21.35,66.903465,0.1,1007.314,15.0,33.188778,243.29956,57.6,Aalborg
2026-08-05 17:00:00+00:00,20.65,71.20375,0.0,1007.4108,11.0,32.011875,243.29459,51.839996,Aalborg
2026-08-05 18:00:00+00:00,19.55,75.00298,0.0,1008.00525,9.0,35.972546,240.80978,43.199997,Aalborg
2026-08-05 19:00:00+00:00,18.6,78.81499,0.0,1008.3004,1.0,30.606539,236.21881,45.36,Aalborg
2026-08-05 20:00:00+00:00,17.85,79.73183,0.0,1008.6968,0.0,30.119951,236.40247,36.719997,Aalborg
2026-08-05 21:00:00+00:00,17.2,81.207596,0.0,1008.99347,2.0,28.769354,237.95761,35.28,Aalborg
2026-08-05 22:00:00+00:00,16.6,83.53884,0.0,1009.1905,8.0,27.127851,232.09245,33.48,Aalborg
2026-08-05 23:00:00+00:00,16.4,83.515564,0.0,1009.1895,88.0,25.928116,225.27414,31.319998,Aalborg
2026-08-06 00:00:00+00:00,16.7,84.640915,0.0,1008.7912,8.0,26.79909,219.42134,30.599998,Aalborg
2026-08-06 01:00:00+00:00,16.0,86.51157,0.0,1008.48846,11.0,29.405853,217.48529,33.839996,Aalborg
2026-08-06 02:00:00+00:00,15.75,85.089966,0.0,1008.2878,27.0,29.299417,217.21306,34.56,Aalborg
2026-08-06 03:00:00+00:00,15.8,82.36112,0.0,1008.1883,10.0,31.448765,215.46344,37.079998,Aalborg
2026-08-06 04:00:00+00:00,15.65,81.804535,0.0,1007.88776,15.0,31.679388,214.39418,38.88,Aalborg
2026-08-06 05:00:00+00:00,16.1,78.96607,0.0,1007.79,43.0,31.693476,215.53777,38.88,Aalborg
2026-08-06 06:00:00+00:00,16.35,77.46334,0.0,1007.79095,28.0,33.74019,220.14882,39.239998,Aalborg
2026-08-06 07:00:00+00:00,17.0,74.33085,0.2,1007.5945,22.0,36.982174,223.46228,51.48,Aalborg
2026-08-06 08:00:00+00:00,16.8,71.652176,0.3,1007.59357,76.0,38.572613,229.42706,59.039997,Aalborg
2026-08-06 09:00:00+00:00,17.5,69.45843,0.0,1007.69653,48.0,39.924248,229.09839,60.479996,Aalborg
2026-08-06 10:00:00+00:00,18.5,65.44182,0.1,1007.7009,84.0,42.914963,233.64532,63.36,Aalborg
2026-08-06 11:00:00+00:00,17.75,73.97418,0.4,1007.69745,75.0,41.5269,238.12294,64.079994,Aalborg
2026-08-06 12:00:00+00:00,18.75,71.07977,0.4,1008.20123,38.0,39.371883,237.37216,62.279995,Aalborg
2026-08-06 13:00:00+00:00,18.7,69.692955,0.4,1008.401,45.0,41.05354,247.3801,61.199997,Aalborg
2026-08-06 14:00:00+00:00,18.4,70.78255,0.2,1008.3997,45.0,43.040653,248.97919,61.56,Aalborg
2026-08-06 15:00:00+00:00,18.1,71.89216,0.2,1008.5979,22.0,41.74572,249.58478,61.199997,Aalborg
2026-08-06 16:00:00+00:00,17.4,75.3786,0.2,1008.69464,55.0,40.801216,249.61688,59.76,Aalborg
2026-08-06 17:00:00+00:00,16.75,79.837616,0.4,1008.6917,48.0,36.125813,262.18478,59.399998,Aalborg
2026-08-06 18:00:00+00:00,16.55,82.186104,0.2,1009.1901,14.0,35.11655,272.29056,48.96,Aalborg
2026-08-06 19:00:00+00:00,15.5,85.90058,0.0,1009.9844,43.0,37.721764,269.46704,48.6,Aalborg
2026-08-06 20:00:00+00:00,15.15,84.19372,0.0,1010.3822,35.0,38.40948,262.38815,48.6,Aalborg
2026-08-06 21:00:00+00:00,14.9,83.0655,0.0,1010.9805,7.0,42.318012,267.624,52.92,Aalborg
2026-08-06 22:00:00+00:00,14.6,81.939995,0.0,1011.5781,13.0,44.217068,270.90936,55.8,Aalborg
2026-08-06 23:00:00+00:00,14.5,76.1543,0.0,1012.17706,72.0,44.350525,274.5377,56.88,Aalborg
2026-08-07 00:00:00+00:00,14.1,73.58025,0.0,1012.3749,16.0,42.650204,271.65,56.519997,Aalborg
2026-08-07 01:00:00+00:00,13.8,72.29813,0.0,1012.67316,6.0,42.561707,274.01822,53.28,Aalborg
2026-08-07 02:00:00+00:00,13.6,72.017365,0.0,1012.9719,10.0,42.14163,275.73422,52.92,Aalborg
2026-08-07 03:00:00+00:00,13.55,71.280655,0.0,1013.1713,7.0,41.094376,275.88086,52.56,Aalborg
2026-08-07 04:00:00+00:00,13.7,70.112144,0.0,1013.37164,25.0,40.738934,280.92276,50.399998,Aalborg
2026-08-07 05:00:00+00:00,14.05,70.895386,0.0,1013.77264,55.0,39.752728,282.74823,50.039997,Aalborg
2026-08-07 06:00:00+00:00,14.6,67.27181,0.0,1014.1747,67.0,44.979355,284.68674,60.839996,Aalborg
2026-08-07 07:00:00+00:00,14.95,65.107025,0.0,1014.476,73.0,42.148937,285.94547,69.12,Aalborg
2026-08-07 08:00:00+00:00,15.3,65.40416,0.0,1014.9769,61.0,41.532455,284.682,61.56,Aalborg
2026-08-07 09:00:00+00:00,15.75,63.760143,0.0,1015.67816,57.0,39.615047,284.0978,60.120003,Aalborg
2026-08-07 10:00:00+00:00,16.0,62.53827,0.0,1016.0787,27.0,36.346664,282.82877,58.679996,Aalborg
2026-08-07 11:00:00+00:00,16.4,59.337135,0.0,1016.2803,31.0,36.3691,281.68933,55.44,Aalborg
2026-08-07 12:00:00+00:00,16.75,57.444878,0.0,1016.6814,28.0,37.545097,282.41263,58.679996,Aalborg
2026-08-07 13:00:00+00:00,16.4,57.74872,0.0,1016.9794,100.0,40.124577,280.3272,59.76,Aalborg
2026-08-07 14:00:00+00:00,16.4,59.942654,0.0,1017.0793,100.0,38.43311,281.0534,58.679996,Aalborg
2026-08-07 15:00:00+00:00,16.15,62.995934,0.0,1017.17816,100.0,39.256012,278.99918,55.8,Aalborg
2026-08-07 16:00:00+00:00,16.05,64.47497,0.0,1017.4772,79.0,39.122093,280.85635,57.6,Aalborg
2026-08-07 17:00:00+00:00,15.65,65.92242,0.0,1017.57513,77.0,36.647324,277.7033,56.16,Aalborg
2026-08-07 18:00:00+00:00,15.35,70.433136,0.0,1017.7735,52.0,31.339441,274.81683,51.48,Aalborg
2026-08-07 19:00:00+00:00,14.95,72.99539,0.0,1017.6718,13.0,25.97082,268.83878,39.239998,Aalborg
2026-08-07 20:00:00+00:00,14.35,77.41058,0.0,1017.869,15.0,24.394073,262.9773,30.960001,Aalborg
2026-08-07 21:00:00+00:00,14.25,79.22098,0.0,1018.06805,9.0,25.767954,263.74606,28.8,Aalborg
2026-08-07 22:00:00+00:00,14.0,82.956825,0.0,1018.0671,3.0,24.228853,259.9921,29.16,Aalborg
2026-08-07 23:00:00+00:00,13.75,86.00541,0.0,1018.1657,27.0,23.658728,256.2729,26.28,Aalborg
2026-08-08 00:00:00+00:00,13.3,88.26876,0.0,1018.6628,26.0,24.913446,250.67177,24.84,Aalborg
2026-08-08 01:00:00+00:00,13.45,87.99039,0.0,1018.5639,41.0,24.653255,253.8865,27.0,Aalborg
2026-08-08 02:00:00+00:00,13.65,88.008,0.0,1018.56464,25.0,23.920086,257.28888,26.28,Aalborg
2026-08-08 03:00:00+00:00,13.55,89.16868,0.0,1018.5643,38.0,23.58054,252.239,25.56,Aalborg
2026-08-08 04:00:00+00:00,13.3,90.03628,0.0,1018.5629,14.0,24.143585,247.34807,25.56,Aalborg
2026-08-08 05:00:00+00:00,13.85,87.73591,0.0,1018.5655,22.0,23.981771,239.68329,26.64,Aalborg
2026-08-08 06:00:00+00:00,14.75,85.8242,0.0,1018.8693,49.0,26.441221,230.92459,27.0,Aalborg
2026-08-08 07:00:00+00:00,16.45,78.244385,0.0,1018.97705,65.0,24.107864,233.88057,33.839996,Aalborg
2026-08-08 08:00:00+00:00,17.7,70.418,0.0,1019.1826,71.0,27.89756,240.21053,41.760002,Aalborg
2026-08-08 09:00:00+00:00,18.6,63.33875,0.0,1019.1864,86.0,30.051912,244.03337,45.36,Aalborg
2026-08-08 10:00:00+00:00,19.2,59.218525,0.0,1019.38904,64.0,31.14783,247.47939,47.16,Aalborg
2026-08-08 11:00:00+00:00,19.6,56.812332,0.0,1019.2907,89.0,31.522081,250.15303,47.88,Aalborg
2026-08-08 12:00:00+00:00,19.55,58.13567,0.0,1019.3906,36.0,31.58208,249.85365,48.96,Aalborg
2026-08-08 13:00:00+00:00,19.95,54.857628,0.0,1019.0926,52.0,32.51418,250.7828,48.96,Aalborg
2026-08-08 14:00:00+00:00,19.75,57.038654,0.0,1018.8922,45.0,31.704643,256.88657,49.32,Aalborg
2026-08-08 15:00:00+00:00,19.45,58.498077,0.0,1018.7908,51.0,32.22129,254.52592,47.16,Aalborg
2026-08-08 16:00:00+00:00,19.05,60.572598,0.0,1018.68933,50.0,31.361534,255.41953,47.16,Aalborg
2026-08-08 17:00:00+00:00,18.7,63.15218,0.0,1018.68774,44.0,29.570772,251.67245,44.28,Aalborg
2026-08-08 18:00:00+00:00,17.9,67.06283,0.0,1018.6839,13.0,28.407598,250.89355,38.88,Aalborg
2026-08-08 19:00:00+00:00,17.0,72.40137,0.0,1018.58026,3.0,23.758043,249.69147,34.2,Aalborg
2026-08-08 20:00:00+00:00,16.15,76.42019,0.0,1018.57635,0.0,22.85134,241.07367,25.56,Aalborg
2026-08-08 21:00:00+00:00,15.6,77.8599,0.0,1018.57385,0.0,23.564869,230.74062,23.039999,Aalborg
2026-08-08 22:00:00+00:00,15.1,79.34325,0.0,1018.4714,0.0,24.087425,227.3614,23.759998,Aalborg
2026-08-08 23:00:00+00:00,14.65,82.48931,0.0,1018.2697,0.0,22.966887,227.16693,23.4,Aalborg
2026-08-09 00:00:00+00:00,13.65,85.99528,0.0,1017.6658,0.0,21.884644,221.09941,20.880001,Aalborg
2026-08-09 01:00:00+00:00,13.3,85.39077,0.0,1017.3645,27.0,23.775528,205.80867,22.68,Aalborg
2026-08-09 02:00:00+00:00,12.95,84.50463,0.0,1016.7637,1.0,23.752214,202.58736,22.68,Aalborg
2026-08-09 03:00:00+00:00,12.75,83.3603,0.0,1016.3633,3.0,23.111837,195.40776,21.599998,Aalborg
2026-08-09 04:00:00+00:00,12.65,82.23884,0.0,1015.9635,84.0,22.988987,190.10924,20.880001,Aalborg
2026-08-09 05:00:00+00:00,13.55,77.80596,0.0,1015.668,98.0,23.04983,184.36517,21.24,Aalborg
2026-08-09 06:00:00+00:00,14.95,77.2467,0.0,1015.1751,99.0,24.584492,177.54602,21.96,Aalborg
2026-08-09 07:00:00+00:00,16.7,76.007645,0.0,1014.2841,99.0,21.421947,177.65318,21.599998,Aalborg
2026-08-09 08:00:00+00:00,18.8,71.55336,0.0,1013.79425,100.0,18.259504,182.20255,27.359999,Aalborg
2026-08-09 09:00:00+00:00,20.4,63.73939,0.0,1013.40216,99.0,19.881586,195.876,31.319998,Aalborg
2026-08-09 10:00:00+00:00,21.95,56.094288,0.0,1012.9095,96.0,22.303976,197.86494,35.28,Aalborg
2026-08-09 11:00:00+00:00,23.1,48.661343,0.0,1012.0156,82.0,25.737474,202.01904,39.6,Aalborg
2026-08-09 12:00:00+00:00,24.15,42.89219,0.0,1011.2211,57.0,25.758392,204.12099,42.48,Aalborg
2026-08-09 13:00:00+00:00,24.6,40.653694,0.0,1010.4241,51.0,25.268589,205.49751,39.239998,Aalborg
2026-08-09 14:00:00+00:00,24.9,39.139477,0.0,1009.6263,41.0,24.981922,209.44533,38.16,Aalborg
2026-08-09 15:00:00+00:00,24.8,40.036934,0.0,1009.0268,39.0,24.843544,216.38445,37.8,Aalborg
2026-08-09 16:00:00+00:00,24.25,44.809654,0.0,1008.5249,27.0,22.824383,230.9275,34.92,Aalborg
2026-08-09 17:00:00+00:00,23.2,48.527924,0.0,1008.2208,31.0,25.427053,244.67267,29.519999,Aalborg
2026-08-09 18:00:00+00:00,21.85,53.726658,0.0,1007.9156,91.0,28.220617,254.49489,30.239998,Aalborg
2026-08-09 19:00:00+00:00,20.5,56.10115,0.0,1008.1093,99.0,28.03843,246.00111,30.960001,Aalborg
2026-08-09 20:00:00+00:00,19.45,57.15398,0.0,1007.9048,73.0,26.225569,241.2061,29.88,Aalborg
2026-08-09 21:00:00+00:00,18.35,64.76497,0.0,1007.30084,100.0,23.697725,236.78052,27.72,Aalborg
2026-08-09 22:00:00+00:00,18.0,72.81962,0.0,1007.1993,100.0,27.290749,239.4785,29.88,Aalborg
2026-08-09 23:00:00+00:00,17.3,84.43355,0.0,1007.19617,100.0,26.246685,250.4749,32.039997,Aalborg
2026-08-10 00:00:00+00:00,16.2,92.30615,0.1,1006.592,100.0,23.327911,254.29129,32.399998,Aalborg
2026-08-10 01:00:00+00:00,15.55,91.67375,0.5,1006.38934,100.0,25.935238,248.99023,28.8,Aalborg
2026-08-10 02:00:00+00:00,14.7,91.32288,0.1,1006.18585,98.0,28.560501,242.96281,32.760002,Aalborg
2026-08-10 03:00:00+00:00,14.7,92.520386,0.1,1006.2857,100.0,28.662165,241.08176,33.48,Aalborg
2026-08-10 04:00:00+00:00,14.5,93.41766,0.3,1006.5844,86.0,29.85049,267.64215,37.8,Aalborg
2026-08-10 05:00:00+00:00,14.55,90.718956,0.1,1006.78436,12.0,27.317806,284.12552,35.64,Aalborg
2026-08-10 06:00:00+00:00,15.1,82.816826,0.0,1007.38586,5.0,24.74734,279.79614,32.760002,Aalborg
2026-08-10 07:00:00+00:00,15.95,71.97039,0.0,1007.78937,12.0,25.942358,276.21173,38.88,Aalborg
2026-08-10 08:00:00+00:00,16.65,66.35758,0.1,1008.09216,23.0,27.950466,273.5987,42.48,Aalborg
2026-08-10 09:00:00+00:00,17.0,64.253944,0.2,1008.39343,29.0,32.87522,273.67163,49.32,Aalborg
2026-08-10 10:00:00+00:00,17.3,63.89299,0.4,1008.5944,29.0,36.00163,278.40643,54.36,Aalborg
2026-08-10 11:00:00+00:00,17.65,60.646095,0.1,1008.79565,25.0,35.873585,283.28867,55.079998,Aalborg
2026-08-10 12:00:00+00:00,17.55,61.85146,0.0,1009.4945,23.0,35.267426,281.4776,56.88,Aalborg
2026-08-10 13:00:00+00:00,17.5,60.2057,0.0,1009.6939,77.0,37.468365,278.88885,56.88,Aalborg
2026-08-10 14:00:00+00:00,17.2,60.74321,0.0,1009.89233,30.0,39.662804,275.5844,59.039997,Aalborg
2026-08-10 15:00:00+00:00,16.75,63.13225,0.0,1010.2896,14.0,40.542774,277.70923,60.479996,Aalborg
2026-08-10 16:00:00+00:00,16.4,63.26513,0.0,1010.388,13.0,41.85176,279.8966,60.479996,Aalborg
2026-08-10 17:00:00+00:00,15.65,65.70101,0.0,1010.4843,2.0,42.526615,278.06314,60.479996,Aalborg
2026-08-10 18:00:00+00:00,15.1,68.06034,0.0,1011.08105,0.0,41.600586,275.56625,59.399998,Aalborg
2026-08-10 19:00:00+00:00,14.5,70.268364,0.0,1011.2782,0.0,41.889988,276.9761,55.8,Aalborg
2026-08-10 20:00:00+00:00,14.0,74.307846,0.0,1011.77527,0.0,40.454613,276.72424,53.28,Aalborg
2026-08-10 21:00:00+00:00,13.7,74.50615,0.0,1012.2731,2.0,40.989758,278.61557,51.48,Aalborg
2026-08-10 22:00:00+00:00,13.45,75.9829,0.0,1012.6716,16.0,41.085762,282.07764,51.12,Aalborg
2026-08-10 23:00:00+00:00,13.65,73.74854,0.0,1012.77216,2.0,41.049408,281.8382,50.76,Aalborg
2026-08-11 00:00:00+00:00,13.7,76.53579,0.0,1013.17194,1.0,38.50872,283.97296,50.399998,Aalborg
2026-08-11 01:00:00+00:00,13.75,79.67882,0.0,1013.47186,0.0,36.490765,291.13647,46.44,Aalborg
2026-08-11 02:00:00+00:00,13.65,80.19832,0.0,1013.9706,0.0,34.16626,293.93262,43.56,Aalborg
2026-08-11 03:00:00+00:00,13.5,79.11224,0.0,1014.669,0.0,33.206863,294.6694,40.32,Aalborg
2026-08-11 04:00:00+00:00,13.35,76.737076,0.0,1015.3675,0.0,32.6455,295.46332,38.519997,Aalborg
2026-08-11 05:00:00+00:00,13.7,73.75737,0.0,1016.0681,0.0,31.786087,297.97937,38.519997,Aalborg
2026-08-11 06:00:00+00:00,14.05,68.07439,0.0,1016.76874,2.0,28.680952,299.70132,43.92,Aalborg
2026-08-11 07:00:00+00:00,14.7,65.052124,0.0,1017.57104,23.0,28.882006,295.16403,43.199997,Aalborg
2026-08-11 08:00:00+00:00,15.25,62.57745,0.0,1018.3725,23.0,30.230114,294.33386,46.8,Aalborg
2026-08-11 09:00:00+00:00,15.7,59.774094,0.0,1019.07355,14.0,29.233688,293.33405,47.16,Aalborg
2026-08-11 10:00:00+00:00,16.4,55.247513,0.0,1019.57605,25.0,28.278908,291.47144,46.44,Aalborg
2026-08-11 11:00:00+00:00,16.8,52.94825,0.0,1019.9774,16.0,26.966824,289.37808,45.719997,Aalborg
2026-08-11 12:00:00+00:00,17.35,51.487274,0.0,1020.3795,13.0,25.54481,285.94547,44.28,Aalborg
2026-08-11 13:00:00+00:00,17.35,52.01777,0.0,1020.6791,10.0,24.128283,284.74362,42.48,Aalborg
2026-08-11 14:00:00+00:00,17.45,52.939007,0.0,1020.8791,7.0,24.523066,287.91653,40.68,Aalborg
2026-08-11 15:00:00+00:00,17.2,54.89077,0.0,1021.2776,11.0,25.758392,294.12097,41.760002,Aalborg
2026-08-11 16:00:00+00:00,16.85,57.860348,0.0,1021.47577,23.0,25.758392,294.12097,41.760002,Aalborg
2026-08-11 17:00:00+00:00,16.3,62.186733,0.0,1021.97253,8.0,26.188572,289.16333,40.32,Aalborg
2026-08-11 18:00:00+00:00,15.55,65.458534,0.0,1022.16876,30.0,23.539385,282.48248,39.239998,Aalborg
2026-08-11 19:00:00+00:00,14.65,72.454254,0.0,1022.46423,2.0,24.112967,274.59045,31.319998,Aalborg
2026-08-11 20:00:00+00:00,13.8,78.36657,0.0,1022.9597,2.0,24.918388,268.78973,29.519999,Aalborg
2026-08-11 21:00:00+00:00,13.15,83.96578,0.0,1023.35596,0.0,24.918388,268.78973,28.8,Aalborg
2026-08-11 22:00:00+00:00,12.9,87.06971,0.0,1023.7542,0.0,25.264322,270.39786,27.359999,Aalborg
2026-08-11 23:00:00+00:00,12.75,88.80916,0.0,1024.153,0.0,24.92827,272.01657,27.0,Aalborg
2026-08-12 00:00:00+00:00,11.8,92.3555,0.0,1024.1486,0.0,22.525064,265.53293,25.919998,Aalborg
2026-08-12 01:00:00+00:00,11.75,92.66065,0.0,1024.4482,0.0,22.81629,259.81342,23.039999,Aalborg
2026-08-12 02:00:00+00:00,11.75,92.04549,0.0,1024.7478,0.0,22.553059,256.50424,23.4,Aalborg
2026-08-12 03:00:00+00:00,11.65,92.03949,0.0,1024.9469,0.0,22.58579,252.83174,22.68,Aalborg
2026-08-12 04:00:00+00:00,11.6,92.34394,0.0,1025.2462,25.0,22.968895,251.28816,22.68,Aalborg
2026-08-12 05:00:00+00:00,12.2,89.6554,0.0,1025.4487,59.0,21.75062,250.68805,23.4,Aalborg
2026-08-12 06:00:00+00:00,13.5,85.411896,0.0,1025.9542,36.0,22.250782,252.56503,23.4,Aalborg
2026-08-12 07:00:00+00:00,14.95,77.760925,0.0,1026.2606,13.0,17.9638,257.5926,28.44,Aalborg
2026-08-12 08:00:00+00:00,16.2,71.54044,0.0,1026.4662,30.0,16.481323,258.33127,29.519999,Aalborg
2026-08-12 09:00:00+00:00,17.45,65.86807,0.0,1026.4719,40.0,15.586757,258.31067,28.8,Aalborg
2026-08-12 10:00:00+00:00,18.6,60.667805,0.0,1026.6768,44.0,15.80638,261.06052,29.88,Aalborg
2026-08-12 11:00:00+00:00,19.45,55.83718,0.0,1026.7805,48.0,15.502602,264.80566,29.88,Aalborg
2026-08-12 12:00:00+00:00,20.4,50.916187,0.0,1026.9849,48.0,13.601034,263.33344,29.88,Aalborg
2026-08-12 13:00:00+00:00,20.6,48.960884,0.0,1027.0853,100.0,13.684512,270.0,27.359999,Aalborg
2026-08-12 14:00:00+00:00,20.4,49.56858,0.0,1026.9849,100.0,12.524183,281.3099,27.359999,Aalborg
2026-08-12 15:00:00+00:00,20.0,52.01639,0.0,1026.9829,100.0,10.599397,294.44394,25.199999,Aalborg
2026-08-12 16:00:00+00:00,19.2,55.96065,0.0,1027.1791,99.0,11.755955,307.72504,21.599998,Aalborg
2026-08-12 17:00:00+00:00,18.4,60.218422,0.0,1027.1754,100.0,10.63274,322.3737,21.96,Aalborg
2026-08-12 18:00:00+00:00,16.95,65.98036,0.0,1027.1687,100.0,10.953568,328.09195,18.72,Aalborg
2026-08-12 19:00:00+00:00,16.15,70.822044,0.0,1027.0653,82.0,11.4844475,341.28815,12.599999,Aalborg
2026-08-12 20:00:00+00:00,15.15,77.53428,0.0,1027.2601,88.0,11.19125,346.39944,13.32,Aalborg
2026-08-12 21:00:00+00:00,14.25,85.209274,0.0,1027.256,2.0,6.8242383,342.03076,11.159999,Aalborg
2026-08-12 22:00:00+00:00,13.8,87.73143,0.0,1027.3539,4.0,2.5903769,331.69934,5.04,Aalborg
2026-08-12 23:00:00+00:00,13.3,90.63235,0.0,1027.0518,23.0,1.6174996,167.4712,3.96,Aalborg
2026-08-13 00:00:00+00:00,15.1545,87.0,0.0,1026.8606,56.0,2.7739887,124.69522,5.3999996,Aalborg
2026-08-13 01:00:00+00:00,15.1045,89.0,0.0,1026.7609,32.0,5.450023,146.82147,5.04,Aalborg
2026-08-13 02:00:00+00:00,14.6045,89.0,0.0,1026.5586,15.0,9.022929,153.43501,3.6,Aalborg
2026-08-13 03:00:00+00:00,14.1045,90.0,0.0,1026.2567,27.0,11.848537,152.6762,5.04,Aalborg
2026-08-13 04:00:00+00:00,13.8545,89.0,0.0,1026.4552,83.0,14.2972145,165.7932,7.5599995,Aalborg
2026-08-13 05:00:00+00:00,14.304501,86.0,0.0,1026.5574,87.0,14.821514,196.50444,7.92,Aalborg
2026-08-13 06:00:00+00:00,15.0045,80.0,0.0,1026.6604,81.0,18.283932,205.58148,10.799999,Aalborg
2026-08-13 07:00:00+00:00,16.0045,70.0,0.0,1026.5651,70.0,19.404444,217.28441,13.679999,Aalborg
2026-08-13 08:00:00+00:00,18.0545,58.0,0.0,1026.3749,68.0,12.322258,208.02441,18.72,Aalborg
2026-08-13 09:00:00+00:00,20.3545,43.0,0.0,1026.0856,81.0,11.827738,200.85454,20.519999,Aalborg
2026-08-13 10:00:00+00:00,21.8545,39.0,0.0,1025.7927,88.0,11.891324,201.6445,21.24,Aalborg
2026-08-13 11:00:00+00:00,22.654501,36.0,0.0,1025.6963,83.0,11.931377,199.76726,21.599998,Aalborg
2026-08-13 12:00:00+00:00,24.2545,34.0,0.0,1025.1042,76.0,10.919795,203.6821,22.319998,Aalborg
2026-08-13 13:00:00+00:00,25.8545,32.0,0.0,1024.7115,75.0,12.248347,218.019,22.68,Aalborg
2026-08-13 14:00:00+00:00,25.4545,31.0,0.0,1024.4102,80.0,11.829038,234.6598,20.519999,Aalborg
2026-08-13 15:00:00+00:00,25.654501,32.0,0.0,1023.9115,74.0,10.328779,249.10216,16.199999,Aalborg
2026-08-13 16:00:00+00:00,25.3545,42.0,0.0,1023.41077,84.0,9.57408,256.21838,19.08,Aalborg
2026-08-13 17:00:00+00:00,24.7545,45.0,0.0,1022.9089,44.0,7.8165474,279.0394,20.880001,Aalborg
2026-08-13 18:00:00+00:00,24.3045,49.0,0.0,1022.60736,54.0,9.676411,22.380184,16.56,Aalborg
2026-08-13 19:00:00+00:00,22.5545,58.0,0.0,1022.5997,46.0,11.931377,70.23275,14.759999,Aalborg
2026-08-13 20:00:00+00:00,21.0045,69.0,0.0,1022.39325,77.0,11.755955,127.72506,9.72,Aalborg
2026-08-13 21:00:00+00:00,19.8045,74.0,0.0,1022.08813,51.0,16.255669,173.18188,12.24,Aalborg
2026-08-13 22:00:00+00:00,19.0545,72.0,0.0,1021.6855,40.0,20.96886,189.147,9.36,Aalborg
2026-08-13 23:00:00+00:00,18.3545,77.0,0.0,1021.3827,58.0,23.15907,195.82622,6.12,Aalborg
2026-08-14 00:00:00+00:00,17.8045,77.0,0.0,1020.7809,80.0,23.140455,197.19862,8.28,Aalborg
2026-08-14 01:00:00+00:00,17.404501,76.0,0.0,1020.4794,93.0,23.914295,202.4259,9.36,Aalborg
2026-08-14 02:00:00+00:00,17.1045,73.0,0.0,1020.1784,95.0,22.854706,204.00716,14.4,Aalborg
2026-08-14 03:00:00+00:00,16.8545,73.0,0.0,1019.77795,99.0,21.089615,199.94247,14.04,Aalborg
2026-08-14 04:00:00+00:00,16.3545,75.0,0.0,1019.47577,80.0,19.75267,192.308,12.24,Aalborg
2026-08-14 05:00:00+00:00,16.3545,73.0,0.0,1018.7767,37.0,18.977005,183.17976,12.24,Aalborg
2026-08-14 06:00:00+00:00,17.2045,67.0,0.0,1018.28143,43.0,19.258757,173.19878,14.4,Aalborg
2026-08-14 07:00:00+00:00,19.7545,58.0,0.0,1018.1931,55.0,18.910387,173.07288,17.64,Aalborg
2026-08-14 08:00:00+00:00,21.3045,50.0,0.0,1017.6006,70.0,12.772405,159.07542,17.64,Aalborg
2026-08-14 09:00:00+00:00,23.5545,44.0,0.0,1017.211,59.0,12.486032,162.838,16.919998,Aalborg
2026-08-14 10:00:00+00:00,26.0045,39.0,0.0,1016.72217,35.0,14.386281,167.31963,21.24,Aalborg
2026-08-14 11:00:00+00:00,28.2045,33.0,0.0,1015.9324,63.0,15.80638,171.06052,27.72,Aalborg
2026-08-14 12:00:00+00:00,29.0045,30.0,0.0,1015.037,61.0,19.538021,175.36462,29.88,Aalborg
2026-08-14 13:00:00+00:00,30.0545,27.0,0.0,1014.24243,82.0,18.893288,190.16202,30.960001,Aalborg
2026-08-14 14:00:00+00:00,30.1045,26.0,0.0,1013.6432,76.0,18.58034,190.88548,30.960001,Aalborg
2026-08-14 15:00:00+00:00,30.404501,26.0,0.0,1012.84546,69.0,20.594883,188.8203,28.44,Aalborg
2026-08-14 16:00:00+00:00,30.3045,26.0,0.0,1012.14606,84.0,21.93101,180.45834,29.519999,Aalborg
2026-08-14 17:00:00+00:00,29.7045,33.0,0.0,1011.6441,77.0,22.896418,164.89885,33.48,Aalborg
2026-08-14 18:00:00+00:00,28.0045,36.0,0.0,1011.33746,82.0,27.328508,164.3577,34.2,Aalborg
2026-08-14 19:00:00+00:00,26.5545,38.0,0.0,1011.2312,76.0,27.84455,174.57687,26.28,Aalborg
2026-08-14 20:00:00+00:00,25.2045,39.0,0.0,1011.0258,98.0,27.564573,182.18854,28.08,Aalborg
2026-08-14 21:00:00+00:00,24.5045,42.0,0.0,1010.7233,95.0,27.536085,192.88516,25.199999,Aalborg
2026-08-14 22:00:00+00:00,23.5045,44.0,0.0,1010.5191,45.0,23.803993,199.36986,23.039999,Aalborg
2026-08-14 23:00:00+00:00,22.8545,48.0,0.0,1009.9171,41.0,22.84056,204.99028,15.119999,Aalborg
2026-08-15 00:00:00+00:00,22.1045,52.0,0.0,1009.4145,90.0,22.990995,221.59714,15.119999,Aalborg
2026-08-15 01:00:00+00:00,21.404501,57.0,0.0,1009.01184,70.0,24.19898,226.46873,16.919998,Aalborg
2026-08-15 02:00:00+00:00,20.0545,63.0,0.0,1008.7066,9.0,25.974966,231.58191,21.24,Aalborg
2026-08-15 03:00:00+00:00,18.654501,76.0,0.0,1008.3007,78.0,30.59447,247.40536,27.0,Aalborg
2026-08-15 04:00:00+00:00,18.0545,94.0,0.0,1008.5979,100.0,28.732422,259.44485,35.28,Aalborg
2026-08-15 05:00:00+00:00,17.904501,90.0,0.0,1008.5973,99.0,27.479017,264.8719,36.0,Aalborg
2026-08-15 06:00:00+00:00,17.8545,84.0,0.0,1008.497,100.0,27.638731,265.26663,35.64,Aalborg
2026-08-15 07:00:00+00:00,17.6045,81.0,0.0,1008.8953,100.0,30.815008,265.10098,39.239998,Aalborg
2026-08-15 08:00:00+00:00,17.7045,85.0,0.0,1009.29535,100.0,30.642221,262.10196,39.239998,Aalborg
2026-08-15 09:00:00+00:00,17.9545,82.0,0.0,1009.1965,100.0,31.463438,266.48352,42.839996,Aalborg
2026-08-15 10:00:00+00:00,17.8545,77.0,0.0,1009.59564,100.0,34.563946,270.58163,47.16,Aalborg
2026-08-15 11:00:00+00:00,18.4545,71.0,0.0,1009.79785,100.0,36.15392,275.84882,48.239998,Aalborg
2026-08-15 12:00:00+00:00,19.6045,54.0,0.0,1009.8029,91.0,38.026928,274.76355,56.16,Aalborg
2026-08-15 13:00:00+00:00,19.9545,52.0,0.0,1009.6048,88.0,37.6139,273.47626,57.239998,Aalborg
2026-08-15 14:00:00+00:00,20.0045,53.0,0.0,1009.6051,79.0,38.773182,270.25925,56.16,Aalborg
2026-08-15 15:00:00+00:00,19.5045,57.0,0.0,1009.4032,63.0,39.155518,272.31107,56.88,Aalborg
2026-08-15 16:00:00+00:00,19.654501,60.0,0.0,1009.7034,37.0,42.977318,278.92392,57.239998,Aalborg
2026-08-15 17:00:00+00:00,19.0545,67.0,0.0,1009.8007,28.0,40.896534,271.72076,56.16,Aalborg
2026-08-15 18:00:00+00:00,18.154501,72.0,0.0,1010.0963,84.0,40.461838,265.77286,55.079998,Aalborg
2026-08-15 19:00:00+00:00,16.8545,77.0,0.0,1010.49,94.0,40.3613,268.75467,55.44,Aalborg
2026-08-15 20:00:00+00:00,16.0545,77.0,0.0,1010.88574,87.0,41.05391,269.75516,57.6,Aalborg
2026-08-15 21:00:00+00:00,15.6545,75.0,0.0,1011.0836,95.0,38.773182,269.74075,58.679996,Aalborg
2026-08-15 22:00:00+00:00,15.4545,74.0,0.0,1011.083,85.0,38.43191,271.30786,57.239998,Aalborg
2026-08-15 23:00:00+00:00,15.304501,76.0,0.0,1010.78235,86.0,38.861988,273.8828,56.88,Aalborg
2026-08-16 00:00:00+00:00,15.1045,77.0,0.0,1010.3822,95.0,37.852093,274.7856,56.16,Aalborg
2026-08-16 01:00:00+00:00,15.054501,76.0,0.0,1010.4818,95.0,37.668278,277.2242,54.719997,Aalborg
2026-08-16 02:00:00+00:00,15.054501,76.0,0.0,1010.28204,80.0,35.9764,278.13,55.079998,Aalborg
2026-08-16 03:00:00+00:00,14.9545,75.0,0.0,1010.0818,94.0,34.057987,272.06644,53.639996,Aalborg
2026-08-16 04:00:00+00:00,14.804501,76.0,0.0,1010.1809,66.0,34.233315,272.05585,51.48,Aalborg
2026-08-16 05:00:00+00:00,15.054501,73.0,0.0,1010.1822,63.0,32.329056,273.11078,48.96,Aalborg
2026-08-16 06:00:00+00:00,15.554501,74.0,0.0,1010.1844,66.0,30.062668,273.68054,48.239998,Aalborg
2026-08-16 07:00:00+00:00,16.2045,76.0,0.0,1010.5868,74.0,37.45275,285.2081,46.079998,Aalborg
2026-08-16 08:00:00+00:00,17.404501,67.0,0.0,1010.692,45.0,37.67767,287.3382,46.8,Aalborg
2026-08-16 09:00:00+00:00,18.3545,64.0,0.0,1010.39685,68.0,35.124004,287.43948,48.239998,Aalborg
2026-08-16 10:00:00+00:00,19.1045,58.0,0.0,1010.4999,61.0,35.37722,285.82837,50.399998,Aalborg
2026-08-16 11:00:00+00:00,19.8045,60.0,0.0,1010.6029,63.0,33.545773,285.78082,51.48,Aalborg
2026-08-16 12:00:00+00:00,19.5545,59.0,0.0,1010.40216,85.0,33.022358,284.7746,49.32,Aalborg
2026-08-16 13:00:00+00:00,19.8045,57.0,0.0,1010.40314,87.0,33.170227,281.90424,47.88,Aalborg
2026-08-16 14:00:00+00:00,19.2545,58.0,0.0,1010.5008,91.0,31.039434,278.45062,47.88,Aalborg
2026-08-16 15:00:00+00:00,18.7545,57.0,0.0,1010.29877,100.0,31.51427,274.79004,43.199997,Aalborg
2026-08-16 16:00:00+00:00,18.2045,58.0,0.0,1010.1964,100.0,31.071152,271.94144,43.199997,Aalborg
2026-08-16 17:00:00+00:00,17.5045,62.0,0.0,1010.09344,100.0,32.927612,274.89032,41.760002,Aalborg
2026-08-16 18:00:00+00:00,16.8545,70.0,0.0,1009.7909,99.0,33.214737,273.33084,42.839996,Aalborg
2026-08-16 19:00:00+00:00,16.3545,74.0,0.0,1009.68854,84.0,30.599499,273.9451,42.48,Aalborg
2026-08-16 20:00:00+00:00,15.8545,76.0,0.0,1009.3868,100.0,30.35611,270.99344,42.12,Aalborg
2026-08-16 21:00:00+00:00,15.6545,76.0,0.0,1009.48566,99.0,29.651852,269.322,42.48,Aalborg
2026-08-16 22:00:00+00:00,15.3545,75.0,0.0,1009.1847,92.0,30.18885,268.33493,43.199997,Aalborg
2026-08-16 23:00:00+00:00,14.804501,75.0,0.0,1008.9824,96.0,31.99986,266.22778,44.639996,Aalborg
2026-08-17 00:00:00+00:00,14.7045,74.0,0.0,1008.8823,98.0,30.01092,263.62292,43.56,Aalborg
2026-08-17 01:00:00+00:00,14.4045,73.0,0.0,1008.681,99.0,30.38398,267.35242,43.56,Aalborg
2026-08-17 02:00:00+00:00,14.1045,74.0,0.0,1008.2802,66.0,30.877874,270.0,43.56,Aalborg
2026-08-17 03:00:00+00:00,14.0045,77.0,0.0,1007.38104,6.0,31.406162,269.35986,41.039997,Aalborg
2026-08-17 04:00:00+00:00,13.7545,78.0,0.0,1007.08026,73.0,31.246492,268.06946,39.96,Aalborg
2026-08-17 05:00:00+00:00,14.0045,75.0,0.0,1006.8817,77.0,31.085018,267.41217,45.36,Aalborg
2026-08-17 06:00:00+00:00,14.804501,73.0,0.0,1006.6854,70.0,29.47903,268.977,47.16,Aalborg
2026-08-17 07:00:00+00:00,16.1045,68.0,0.0,1006.69147,65.0,28.299038,283.26086,44.28,Aalborg
2026-08-17 08:00:00+00:00,17.154501,64.0,0.0,1006.6962,87.0,26.520262,288.9145,42.48,Aalborg
2026-08-17 09:00:00+00:00,18.0045,59.0,0.0,1006.8997,70.0,26.603695,295.38208,42.839996,Aalborg
2026-08-17 10:00:00+00:00,18.8045,57.0,0.0,1007.00305,75.0,25.987406,298.64124,39.6,Aalborg
2026-08-17 11:00:00+00:00,18.9545,56.0,0.0,1007.10364,85.0,24.190712,293.9625,38.16,Aalborg
2026-08-17 12:00:00+00:00,18.8545,62.0,0.0,1007.4029,87.0,20.3059,279.95056,34.56,Aalborg
2026-08-17 13:00:00+00:00,19.6045,69.0,0.0,1007.8055,84.0,24.292288,280.82297,34.56,Aalborg
2026-08-17 14:00:00+00:00,19.154501,72.0,0.0,1007.90356,75.0,27.36115,284.4818,35.28,Aalborg
2026-08-17 15:00:00+00:00,19.6045,74.0,0.0,1007.6058,77.0,26.742174,287.95956,32.039997,Aalborg
2026-08-17 16:00:00+00:00,19.5045,68.0,0.0,1007.30585,70.0,25.593563,286.32312,26.28,Aalborg
2026-08-17 17:00:00+00:00,18.654501,65.0,0.0,1006.9026,53.0,24.148048,286.46008,27.0,Aalborg
2026-08-17 18:00:00+00:00,17.6045,65.0,0.0,1006.798,28.0,20.773453,285.6796,25.919998,Aalborg
2026-08-17 19:00:00+00:00,16.654501,69.0,0.0,1006.89374,18.0,19.930294,286.36115,25.199999,Aalborg
2026-08-17 20:00:00+00:00,15.7045,74.0,0.0,1006.7895,17.0,21.231438,270.94693,22.68,Aalborg
2026-08-17 21:00:00+00:00,14.9045,84.0,0.0,1006.9858,23.0,23.708113,272.54474,21.96,Aalborg
2026-08-17 22:00:00+00:00,14.1545,90.0,0.0,1007.0822,41.0,24.426857,273.29388,19.08,Aalborg
2026-08-17 23:00:00+00:00,13.9045,91.0,0.0,1007.0809,41.0,24.417406,272.8829,17.64,Aalborg
2026-08-18 00:00:00+00:00,13.4545,85.0,0.0,1006.8792,68.0,25.127502,273.20193,25.199999,Aalborg
2026-08-18 01:00:00+00:00,13.054501,85.0,0.0,1006.87744,57.0,24.353664,276.20334,26.28,Aalborg
2026-08-18 02:00:00+00:00,12.6045,87.0,0.0,1006.7752,51.0,22.109232,277.2941,24.84,Aalborg
2026-08-18 03:00:00+00:00,12.054501,90.0,0.0,1006.3733,68.0,22.818314,271.76236,18.359999,Aalborg
2026-08-18 04:00:00+00:00,12.1545,88.0,0.0,1006.0743,67.0,24.038176,270.83636,20.880001,Aalborg
2026-08-18 05:00:00+00:00,12.4545,83.0,0.0,1005.77594,50.0,18.752657,280.78424,20.519999,Aalborg
2026-08-18 06:00:00+00:00,13.304501,78.0,0.0,1005.57996,76.0,18.091852,267.2209,23.759998,Aalborg
2026-08-18 07:00:00+00:00,14.554501,70.0,0.0,1005.486,82.0,16.84613,271.19345,29.519999,Aalborg
2026-08-18 08:00:00+00:00,15.9545,66.0,0.0,1005.4924,77.0,16.319921,271.23193,29.519999,Aalborg
2026-08-18 09:00:00+00:00,16.904501,63.0,0.0,1005.49646,92.0,14.39056,268.60284,27.359999,Aalborg
2026-08-18 10:00:00+00:00,17.904501,58.0,0.0,1005.3015,87.0,14.485429,253.10126,27.72,Aalborg
2026-08-18 11:00:00+00:00,18.654501,52.0,0.0,1004.90515,89.0,16.941782,248.74942,27.0,Aalborg
2026-08-18 12:00:00+00:00,19.3545,51.0,0.0,1004.20917,80.0,14.562781,248.07036,27.72,Aalborg
2026-08-18 13:00:00+00:00,19.9545,51.0,0.0,1004.2117,63.0,13.752944,246.70541,29.88,Aalborg
2026-08-18 14:00:00+00:00,20.0545,54.0,0.0,1004.11255,70.0,13.190893,256.14856,30.239998,Aalborg
2026-08-18 15:00:00+00:00,19.8045,51.0,0.0,1003.91144,85.0,14.940446,279.46225,29.88,Aalborg
2026-08-18 16:00:00+00:00,18.8045,59.0,0.0,1003.4077,83.0,14.075911,292.72977,30.599998,Aalborg
2026-08-18 17:00:00+00:00,18.0045,59.0,0.0,1003.3043,70.0,12.961387,309.50766,25.919998,Aalborg
2026-08-18 18:00:00+00:00,17.7045,62.0,0.0,1003.10345,53.0,12.114427,280.0079,21.24,Aalborg
2026-08-18 19:00:00+00:00,16.654501,65.0,0.0,1003.09863,64.0,9.124695,307.97165,16.919998,Aalborg
2026-08-18 20:00:00+00:00,15.7045,71.0,0.0,1003.09436,52.0,3.8637195,320.52756,11.879999,Aalborg
2026-08-18 21:00:00+00:00,15.0045,75.0,0.0,1003.0911,58.0,3.0030913,186.70975,7.5599995,Aalborg
2026-08-18 22:00:00+00:00,14.6045,75.0,0.0,1003.08923,51.0,8.772122,196.26028,6.8399997,Aalborg
2026-08-18 23:00:00+00:00,14.0045,79.0,0.0,1002.4874,8.0,12.651336,213.6901,7.92,Aalborg
2026-08-19 00:00:00+00:00,13.6545,85.0,0.0,1002.1863,42.0,3.5481043,188.53069,7.92,Aalborg
2026-08-19 01:00:00+00:00,13.4045,85.0,0.0,1001.6858,83.0,8.321966,161.56496,9.36,Aalborg
2026-08-19 02:00:00+00:00,13.6545,85.0,0.0,1001.08777,82.0,15.319854,166.75948,9.0,Aalborg
2026-08-19 03:00:00+00:00,13.9045,83.0,0.0,1000.28973,100.0,17.764793,145.05426,15.4800005,Aalborg
2026-08-19 04:00:00+00:00,13.6545,92.0,1.1,999.5897,100.0,20.109411,125.7702,15.4800005,Aalborg
2026-08-19 05:00:00+00:00,13.054501,94.0,1.4,998.5883,100.0,23.47588,126.184875,22.319998,Aalborg
2026-08-19 06:00:00+00:00,13.304501,94.0,1.5,997.8901,100.0,22.000372,131.44373,24.119999,Aalborg
2026-08-19 07:00:00+00:00,14.1545,95.0,3.6,997.295,100.0,18.515623,167.41231,24.48,Aalborg
2026-08-19 08:00:00+00:00,14.8545,94.0,0.0,996.7987,100.0,12.778426,188.68628,24.48,Aalborg
2026-08-19 09:00:00+00:00,15.6045,94.0,0.0,996.7023,100.0,16.14166,217.49272,18.359999,Aalborg
2026-08-19 10:00:00+00:00,16.7045,94.0,0.1,996.2076,100.0,17.31911,230.3431,21.24,Aalborg
2026-08-19 11:00:00+00:00,17.154501,95.0,4.2,996.0101,100.0,14.895054,226.90913,29.88,Aalborg
2026-08-19 12:00:00+00:00,16.8045,94.0,3.3,996.10846,100.0,11.263898,232.59456,19.44,Aalborg
2026-08-19 13:00:00+00:00,17.5545,94.0,1.8,995.8122,88.0,13.914257,221.93343,21.24,Aalborg
2026-08-19 14:00:00+00:00,17.654501,91.0,1.0,995.5128,100.0,13.025348,242.74475,23.039999,Aalborg
2026-08-19 15:00:00+00:00,18.2045,89.0,0.0,995.41547,88.0,12.772405,249.07542,23.759998,Aalborg
2026-08-19 16:00:00+00:00,18.4545,95.0,0.4,995.0169,88.0,9.442977,305.1665,21.599998,Aalborg
2026-08-19 17:00:00+00:00,17.9545,92.0,0.2,995.21454,71.0,10.420749,315.0001,30.599998,Aalborg
2026-08-19 18:00:00+00:00,17.904501,92.0,0.0,996.1134,64.0,13.040698,349.14362,32.039997,Aalborg
2026-08-19 19:00:00+00:00,16.5545,92.0,0.0,996.5066,35.0,15.943077,335.97348,32.760002,Aalborg
2026-08-19 20:00:00+00:00,15.3545,91.0,0.0,997.10046,68.0,17.826197,323.8067,29.88,Aalborg
2026-08-19 21:00:00+00:00,15.054501,90.0,0.0,997.19916,68.0,18.765785,311.58896,24.84,Aalborg
2026-08-19 22:00:00+00:00,14.804501,91.0,0.0,997.8969,82.0,21.522291,299.2813,23.039999,Aalborg
2026-08-19 23:00:00+00:00,14.5045,92.0,0.0,998.1954,93.0,22.44841,294.96277,18.72,Aalborg
2026-08-20 00:00:00+00:00,14.1045,94.0,0.0,998.1934,81.0,22.248014,288.86368,18.72,Aalborg
2026-08-20 01:00:00+00:00,14.054501,91.0,0.0,998.5926,90.0,21.95836,284.8135,23.4,Aalborg
2026-08-20 02:00:00+00:00,14.0045,86.0,0.0,998.3928,84.0,23.06518,283.1906,27.72,Aalborg
2026-08-20 03:00:00+00:00,13.9045,87.0,0.0,998.49207,88.0,22.902466,278.8128,25.919998,Aalborg
2026-08-20 04:00:00+00:00,13.4045,89.0,0.0,998.78955,82.0,21.58584,271.39716,24.119999,Aalborg
2026-08-20 05:00:00+00:00,12.9045,90.0,0.0,999.0869,75.0,20.728956,267.08923,19.8,Aalborg
2026-08-20 06:00:00+00:00,13.3545,88.0,0.0,999.5882,43.0,22.298454,259.57425,22.319998,Aalborg
2026-08-20 07:00:00+00:00,14.7045,80.0,0.0,1000.0939,44.0,20.038109,266.48633,28.44,Aalborg
2026-08-20 08:00:00+00:00,15.804501,75.0,0.0,1000.69806,48.0,21.231438,269.05307,29.88,Aalborg
2026-08-20 09:00:00+00:00,17.0045,72.0,0.0,1001.003,45.0,20.56871,261.66263,31.68,Aalborg
2026-08-20 10:00:00+00:00,17.904501,71.0,0.0,1001.30664,73.0,20.851097,255.37909,30.599998,Aalborg
2026-08-20 11:00:00+00:00,18.904501,68.0,0.0,1001.41095,85.0,21.237236,257.11182,31.319998,Aalborg
2026-08-20 12:00:00+00:00,19.904501,65.0,0.0,1001.4153,56.0,19.097458,259.41272,30.599998,Aalborg
2026-08-20 13:00:00+00:00,19.654501,64.0,0.0,1001.5139,84.0,17.940655,260.99832,30.239998,Aalborg
2026-08-20 14:00:00+00:00,19.154501,68.0,0.0,1001.71155,99.0,16.989862,253.81071,30.239998,Aalborg
2026-08-20 15:00:00+00:00,18.7045,70.0,0.0,1001.6098,94.0,14.772632,254.14801,23.759998,Aalborg
2026-08-20 16:00:00+00:00,18.654501,69.0,0.0,1001.7093,88.0,12.232001,261.75375,23.4,Aalborg
2026-08-20 17:00:00+00:00,18.0545,72.0,0.0,1001.7068,84.0,10.707741,271.87784,21.96,Aalborg
2026-08-20 18:00:00+00:00,17.8045,77.0,0.0,1001.6057,87.0,13.45542,202.21765,16.919998,Aalborg
2026-08-20 19:00:00+00:00,16.9545,81.0,0.0,1002.00134,87.0,16.784811,221.18584,15.119999,Aalborg
2026-08-20 20:00:00+00:00,16.1045,89.0,0.0,1001.8977,60.0,14.502418,235.34862,11.5199995,Aalborg
2026-08-20 21:00:00+00:00,15.2545,90.0,0.0,1002.1936,89.0,13.176886,266.94717,10.08,Aalborg
2026-08-20 22:00:00+00:00,14.804501,89.0,0.0,1002.29114,80.0,15.002124,280.78424,13.32,Aalborg
2026-08-20 23:00:00+00:00,14.5045,92.0,0.0,1002.1901,82.0,17.750929,273.39963,14.4,Aalborg
2026-08-21 00:00:00+00:00,14.0045,88.0,0.0,1001.9881,78.0,19.299469,269.47916,14.4,Aalborg
2026-08-21 01:00:00+00:00,13.554501,86.0,0.0,1002.1857,94.0,18.786276,258.6901,15.119999,Aalborg
2026-08-21 02:00:00+00:00,13.054501,83.0,0.0,1002.2834,97.0,22.128017,255.30263,15.84,Aalborg
2026-08-21 03:00:00+00:00,12.3545,85.0,0.0,1002.5796,63.0,21.528728,252.45091,18.0,Aalborg
2026-08-21 04:00:00+00:00,11.9545,90.0,0.0,1002.6778,19.0,21.518719,245.94266,15.4800005,Aalborg
2026-08-21 05:00:00+00:00,12.054501,85.0,0.0,1002.67816,21.0,21.891678,242.81897,19.44,Aalborg
2026-08-21 06:00:00+00:00,13.054501,82.0,0.0,1002.7828,72.0,22.374931,241.42549,27.0,Aalborg
2026-08-21 07:00:00+00:00,14.1545,79.0,0.0,1002.9875,33.0,23.198906,247.31343,28.8,Aalborg
2026-08-21 08:00:00+00:00,15.6545,69.0,0.0,1003.19385,53.0,24.312553,249.73422,33.48,Aalborg
2026-08-21 09:00:00+00:00,16.5545,68.0,0.0,1003.4975,62.0,27.7138,254.20401,37.44,Aalborg
2026-08-21 10:00:00+00:00,17.2545,64.0,0.0,1004.09985,57.0,27.351587,251.68117,41.039997,Aalborg
2026-08-21 11:00:00+00:00,18.7045,66.0,0.0,1004.506,53.0,28.933115,249.03725,43.56,Aalborg
2026-08-21 12:00:00+00:00,19.3545,64.0,0.0,1004.20917,59.0,31.902079,251.06674,43.56,Aalborg
2026-08-21 13:00:00+00:00,19.6045,62.0,0.0,1004.0104,64.0,30.69491,257.7909,45.719997,Aalborg
2026-08-21 14:00:00+00:00,19.7545,60.0,0.0,1004.1112,30.0,32.536892,265.9805,46.44,Aalborg
2026-08-21 15:00:00+00:00,19.9545,60.0,0.0,1004.91077,38.0,32.34999,266.26868,45.0,Aalborg
2026-08-21 16:00:00+00:00,19.3545,63.0,0.0,1004.60864,38.0,30.176617,269.6669,42.12,Aalborg
2026-08-21 17:00:00+00:00,18.5045,66.0,0.0,1004.70483,57.0,28.592813,259.03485,41.399998,Aalborg
2026-08-21 18:00:00+00:00,17.404501,71.0,0.0,1005.19916,73.0,29.740473,250.70985,40.32,Aalborg
2026-08-21 19:00:00+00:00,16.4545,74.0,0.0,1005.5945,74.0,29.30677,253.30067,40.32,Aalborg
2026-08-21 20:00:00+00:00,15.8545,78.0,0.0,1005.6915,76.0,29.374437,246.0375,41.399998,Aalborg
2026-08-21 21:00:00+00:00,15.554501,79.0,0.0,1005.9898,90.0,30.631674,260.10614,40.68,Aalborg
2026-08-21 22:00:00+00:00,15.2045,80.0,0.0,1005.9883,65.0,31.124603,266.12155,42.48,Aalborg
2026-08-21 23:00:00+00:00,14.5045,81.0,0.0,1005.68555,46.0,29.516596,266.93356,42.48,Aalborg
2026-08-22 00:00:00+00:00,14.2545,82.0,0.0,1005.4845,31.0,29.384386,258.28757,38.88,Aalborg
2026-08-22 01:00:00+00:00,13.9045,84.0,0.0,1005.3831,14.0,28.706701,261.9195,33.12,Aalborg
2026-08-22 02:00:00+00:00,13.7045,85.0,0.0,1005.2822,8.0,28.289248,262.8751,29.88,Aalborg
2026-08-22 03:00:00+00:00,13.4045,87.0,0.0,1004.8816,7.0,27.369587,270.36725,25.919998,Aalborg
2026-08-22 04:00:00+00:00,13.4045,89.0,0.0,1005.281,9.0,24.777172,273.24728,25.919998,Aalborg
2026-08-22 05:00:00+00:00,13.054501,89.0,0.0,1004.88,45.0,24.774067,285.61105,22.68,Aalborg
2026-08-22 06:00:00+00:00,14.054501,79.0,0.0,1005.28375,19.0,26.21324,297.93704,23.4,Aalborg
2026-08-22 07:00:00+00:00,15.9045,69.0,0.0,1005.5919,59.0,23.845335,304.50858,26.28,Aalborg
2026-08-22 08:00:00+00:00,17.3545,64.0,0.0,1005.6985,62.0,25.07109,309.0355,31.319998,Aalborg
2026-08-22 09:00:00+00:00,18.4545,62.0,0.0,1005.9029,66.0,26.562012,323.05432,35.64,Aalborg
2026-08-22 10:00:00+00:00,19.0045,55.0,0.0,1006.3049,70.0,23.68538,337.8045,36.0,Aalborg
2026-08-22 11:00:00+00:00,19.5545,50.0,0.0,1006.60706,38.0,24.859026,337.5978,37.44,Aalborg
2026-08-22 12:00:00+00:00,20.1045,48.0,0.0,1007.0088,33.0,23.84469,327.01147,38.16,Aalborg
2026-08-22 13:00:00+00:00,20.3045,47.0,0.0,1007.3093,14.0,23.981771,318.26212,38.519997,Aalborg
2026-08-22 14:00:00+00:00,20.154501,47.0,0.0,1007.4085,14.0,24.389027,307.6943,39.239998,Aalborg
2026-08-22 15:00:00+00:00,20.3545,46.0,0.0,1007.80896,12.0,25.421608,296.2113,38.519997,Aalborg
2026-08-22 16:00:00+00:00,20.3545,52.0,0.0,1007.9089,12.0,26.366032,290.24377,38.519997,Aalborg
2026-08-22 17:00:00+00:00,19.5045,60.0,0.0,1008.2047,5.0,24.01704,281.8024,38.88,Aalborg
2026-08-22 18:00:00+00:00,18.654501,67.0,0.0,1008.5005,21.0,25.811514,272.33725,32.399998,Aalborg
2026-08-22 19:00:00+00:00,17.3545,78.0,0.0,1008.79443,47.0,25.6152,269.60757,25.919998,Aalborg
2026-08-22 20:00:00+00:00,16.2045,84.0,0.0,1008.58936,21.0,26.526646,262.78107,25.56,Aalborg
2026-08-22 21:00:00+00:00,15.554501,89.0,0.0,1008.9859,85.0,27.250116,266.3087,24.48,Aalborg
2026-08-22 22:00:00+00:00,15.4545,89.0,0.0,1009.2853,98.0,23.882095,282.30054,20.519999,Aalborg
2026-08-22 23:00:00+00:00,15.6545,84.0,0.0,1009.68536,99.0,17.621273,324.72748,17.28,Aalborg
2026-08-23 00:00:00+00:00,15.4545,79.0,0.0,1009.7846,94.0,20.604593,321.56873,15.84,Aalborg
2026-08-23 01:00:00+00:00,15.2045,81.0,0.0,1010.1828,65.0,20.220839,321.34018,18.0,Aalborg
2026-08-23 02:00:00+00:00,14.804501,80.0,0.0,1010.3806,73.0,24.305588,320.56512,17.28,Aalborg
2026-08-23 03:00:00+00:00,14.2545,83.0,0.0,1010.3781,90.0,18.801834,319.9207,18.359999,Aalborg
2026-08-23 04:00:00+00:00,13.8545,81.0,0.0,1010.6758,99.0,25.687199,316.3836,18.0,Aalborg
2026-08-23 05:00:00+00:00,14.054501,79.0,0.0,1011.27594,86.0,24.282784,319.98248,18.72,Aalborg
2026-08-23 06:00:00+00:00,14.7045,81.0,0.0,1011.57886,71.0,18.960775,321.009,21.96,Aalborg
2026-08-23 07:00:00+00:00,15.9045,76.0,0.0,1011.9836,77.0,22.826406,315.0001,29.16,Aalborg
2026-08-23 08:00:00+00:00,16.8545,76.0,0.3,1012.68713,88.0,22.094608,313.06943,33.48,Aalborg
2026-08-23 09:00:00+00:00,17.5045,78.0,0.0,1013.38916,81.0,22.440866,334.03598,29.519999,Aalborg
2026-08-23 10:00:00+00:00,18.5545,73.0,0.0,1013.79333,70.0,22.58034,341.42416,30.239998,Aalborg
2026-08-23 11:00:00+00:00,19.4545,68.0,0.0,1013.99695,63.0,21.488657,346.3041,30.599998,Aalborg
2026-08-23 12:00:00+00:00,20.6045,65.0,0.0,1014.1019,72.0,17.975792,335.18582,33.48,Aalborg
2026-08-23 13:00:00+00:00,20.8545,64.0,0.0,1014.70245,70.0,20.949036,333.6496,36.0,Aalborg
2026-08-23 14:00:00+00:00,20.7045,62.0,0.0,1015.10126,81.0,23.137794,328.9618,36.0,Aalborg
2026-08-23 15:00:00+00:00,20.4545,59.0,0.0,1015.3996,62.0,22.638197,324.46225,35.64,Aalborg
2026-08-23 16:00:00+00:00,20.2545,60.0,0.0,1015.6986,53.0,20.983536,317.37186,33.839996,Aalborg
2026-08-23 17:00:00+00:00,19.7545,62.0,0.0,1016.0958,69.0,21.619324,308.07895,32.039997,Aalborg
2026-08-23 18:00:00+00:00,18.3545,65.0,0.0,1016.38916,79.0,22.416164,300.57913,26.64,Aalborg
2026-08-23 19:00:00+00:00,17.3545,71.0,0.0,1016.5844,70.0,22.694551,294.18735,24.84,Aalborg
2026-08-23 20:00:00+00:00,16.2545,84.0,0.0,1016.87897,70.0,22.00387,285.25516,16.199999,Aalborg
2026-08-23 21:00:00+00:00,15.4545,90.0,0.0,1017.0752,19.0,20.827467,276.2868,17.64,Aalborg
2026-08-23 22:00:00+00:00,14.9045,92.0,0.0,1017.37225,37.0,19.669127,272.5561,15.4800005,Aalborg
2026-08-23 23:00:00+00:00,14.4045,93.0,0.0,1017.3697,46.0,18.947786,270.0,15.84,Aalborg
2026-08-24 00:00:00+00:00,13.7545,94.0,0.0,1017.5665,34.0,16.93179,259.85452,17.64,Aalborg
2026-08-24 01:00:00+00:00,13.304501,95.0,0.0,1017.5642,6.0,16.5177,257.73523,17.28,Aalborg
2026-08-24 02:00:00+00:00,13.054501,96.0,0.0,1017.9628,11.0,15.872453,256.57816,15.119999,Aalborg
2026-08-24 03:00:00+00:00,12.7045,97.0,0.0,1018.26074,30.0,15.701854,256.42953,11.5199995,Aalborg
2026-08-24 04:00:00+00:00,11.9545,99.0,0.0,1018.6567,76.0,14.862989,262.53952,12.959999,Aalborg
2026-08-24 05:00:00+00:00,12.1045,98.0,0.0,1019.05695,31.0,13.168707,267.70944,13.679999,Aalborg
2026-08-24 06:00:00+00:00,12.6545,98.0,0.0,1019.4589,35.0,9.4949875,253.9091,11.879999,Aalborg
2026-08-24 07:00:00+00:00,14.2045,97.0,0.0,1019.8657,38.0,7.364404,257.61926,11.5199995,Aalborg
2026-08-24 08:00:00+00:00,15.7045,93.0,0.0,1020.1721,40.0,5.936596,251.0295,11.879999,Aalborg
2026-08-24 09:00:00+00:00,17.5545,77.0,0.0,1019.98096,43.0,5.839889,237.26477,10.440001,Aalborg
2026-08-24 10:00:00+00:00,19.654501,59.0,0.0,1019.9902,24.0,5.1149826,239.0363,12.24,Aalborg
2026-08-24 11:00:00+00:00,21.2045,49.0,0.0,1019.99725,25.0,3.883584,251.56496,16.199999,Aalborg
2026-08-24 12:00:00+00:00,22.1045,46.0,0.0,1020.1009,14.0,1.5092131,234.46223,20.519999,Aalborg
2026-08-24 13:00:00+00:00,22.5545,42.0,0.0,1020.10284,16.0,0.74433935,315.0001,20.16,Aalborg
2026-08-24 14:00:00+00:00,23.8545,40.0,0.0,1019.90894,18.0,2.6316369,323.13004,19.08,Aalborg
2026-08-24 15:00:00+00:00,24.0545,47.0,0.0,1020.00964,14.0,6.359638,335.55606,23.4,Aalborg
2026-08-24 16:00:00+00:00,24.0045,42.0,0.0,1019.90955,42.0,8.66089,6.980963,24.48,Aalborg
2026-08-24 17:00:00+00:00,22.404501,46.0,0.0,1019.6029,59.0,13.418768,64.440094,23.039999,Aalborg
2026-08-24 18:00:00+00:00,21.0545,48.0,0.0,1019.49725,51.0,20.720787,111.35105,20.880001,Aalborg
2026-08-24 19:00:00+00:00,19.5045,58.0,0.0,1019.59015,73.0,16.564222,118.465065,18.72,Aalborg
2026-08-24 20:00:00+00:00,18.1045,67.0,0.0,1019.68353,4.0,14.557497,102.5288,13.32,Aalborg
2026-08-24 21:00:00+00:00,17.1045,75.0,0.0,1019.6791,0.0,14.107581,100.750916,10.08,Aalborg
2026-08-24 22:00:00+00:00,16.2545,81.0,0.0,1019.9749,0.0,11.744166,103.828674,7.92,Aalborg
2026-08-24 23:00:00+00:00,15.7045,82.0,0.0,1020.1721,1.0,8.320118,132.43619,6.4799995,Aalborg
2026-08-25 00:00:00+00:00,15.1045,82.0,0.0,1020.469,0.0,5.7469125,148.73633,3.96,Aalborg
2026-08-25 01:00:00+00:00,14.6045,81.0,0.0,1020.5664,1.0,5.4922175,63.435013,3.6,Aalborg
2026-08-25 02:00:00+00:00,14.2045,76.0,0.0,1020.4649,2.0,6.3572173,39.400646,5.7599998,Aalborg
2026-08-25 03:00:00+00:00,13.804501,80.0,0.0,1019.9636,0.0,11.1953745,32.195713,7.92,Aalborg
2026-08-25 04:00:00+00:00,13.3545,76.0,0.0,1020.06134,0.0,13.78089,31.464104,8.64,Aalborg
2026-08-25 05:00:00+00:00,13.1045,69.0,0.0,1020.3597,8.0,15.927625,40.532764,8.64,Aalborg
2026-08-25 06:00:00+00:00,13.7045,65.0,0.0,1020.2626,4.0,14.209758,57.094753,6.12,Aalborg
2026-08-25 07:00:00+00:00,16.404501,61.0,0.0,1020.2751,8.0,12.035403,59.322803,12.24,Aalborg
2026-08-25 08:00:00+00:00,17.4545,62.0,0.0,1020.5795,11.0,7.158826,53.972538,19.08,Aalborg
2026-08-25 09:00:00+00:00,19.5045,51.0,0.0,1020.48895,2.0,8.555407,61.858498,22.319998,Aalborg
2026-08-25 10:00:00+00:00,21.3545,44.0,0.0,1020.5971,4.0,11.957147,75.55593,27.0,Aalborg
2026-08-25 11:00:00+00:00,21.8545,42.0,0.0,1020.79913,7.0,13.739509,84.8719,28.44,Aalborg
2026-08-25 12:00:00+00:00,22.3545,38.0,0.0,1020.5017,8.0,15.439935,90.65105,30.960001,Aalborg
2026-08-25 13:00:00+00:00,22.7545,37.0,0.0,1020.40344,10.0,14.215172,91.41439,32.039997,Aalborg
2026-08-25 14:00:00+00:00,23.2545,38.0,0.0,1020.40576,0.0,11.935247,91.68465,31.319998,Aalborg
2026-08-25 15:00:00+00:00,23.7545,38.0,0.0,1020.2082,0.0,11.315699,82.875084,27.0,Aalborg
2026-08-25 16:00:00+00:00,23.3545,42.0,0.0,1019.9066,0.0,13.208382,73.009094,27.0,Aalborg
2026-08-25 17:00:00+00:00,22.7545,44.0,0.0,1019.90405,5.0,14.203256,72.01258,24.84,Aalborg
2026-08-25 18:00:00+00:00,21.5545,45.0,0.0,1020.09875,33.0,15.45488,87.3975,22.319998,Aalborg
2026-08-25 19:00:00+00:00,20.4545,54.0,0.0,1020.4931,33.0,14.949716,85.96237,16.199999,Aalborg
2026-08-25 20:00:00+00:00,19.2045,65.0,0.0,1020.98694,3.0,14.171799,58.671368,14.4,Aalborg
2026-08-25 21:00:00+00:00,18.154501,74.0,0.0,1021.08215,0.0,14.081375,59.281166,5.04,Aalborg
2026-08-25 22:00:00+00:00,17.2545,79.0,0.0,1021.0779,0.0,11.233799,91.78987,5.3999996,Aalborg
2026-08-25 23:00:00+00:00,16.0545,83.0,0.0,1021.5719,0.0,10.049346,134.29277,7.5599995,Aalborg
2026-08-26 00:00:00+00:00,15.2045,84.0,0.0,1021.66785,0.0,12.099172,150.46132,5.3999996,Aalborg
2026-08-26 01:00:00+00:00,14.6545,85.0,0.0,1021.9649,1.0,14.679619,155.2727,5.04,Aalborg
2026-08-26 02:00:00+00:00,14.1545,88.0,0.0,1022.26227,1.0,17.110813,151.85849,12.24,Aalborg
2026-08-26 03:00:00+00:00,14.0045,89.0,0.0,1022.1617,1.0,16.410202,151.24298,11.159999,Aalborg
2026-08-26 04:00:00+00:00,13.9045,91.0,0.0,1022.1611,4.0,13.274631,150.72484,7.92,Aalborg
2026-08-26 05:00:00+00:00,13.554501,93.0,0.0,1022.559,11.0,11.163712,149.80847,6.4799995,Aalborg
2026-08-26 06:00:00+00:00,14.304501,89.0,0.0,1022.76227,11.0,10.184734,137.79277,6.12,Aalborg
2026-08-26 07:00:00+00:00,17.2545,81.0,0.0,1023.27496,22.0,10.510452,123.424835,14.04,Aalborg
2026-08-26 08:00:00+00:00,18.404501,61.0,0.0,1023.68,19.0,7.447527,105.01841,19.08,Aalborg
2026-08-26 09:00:00+00:00,20.8045,55.0,0.0,1023.89026,29.0,10.404492,95.80663,21.24,Aalborg
2026-08-26 10:00:00+00:00,22.654501,51.0,0.0,1023.89856,8.0,13.646221,98.13002,28.8,Aalborg
2026-08-26 11:00:00+00:00,23.4545,53.0,0.0,1023.9021,15.0,15.573916,104.349365,32.039997,Aalborg
2026-08-26 12:00:00+00:00,23.5045,55.0,0.0,1023.9021,17.0,18.863123,108.43504,33.48,Aalborg
2026-08-26 13:00:00+00:00,23.2045,59.0,0.0,1023.7012,12.0,19.712893,110.85454,34.56,Aalborg
2026-08-26 14:00:00+00:00,23.3045,61.0,0.0,1023.6019,11.0,21.361515,109.17911,34.2,Aalborg
2026-08-26 15:00:00+00:00,23.154501,61.0,0.0,1023.20184,6.0,20.52752,108.43504,33.12,Aalborg
2026-08-26 16:00:00+00:00,22.7545,58.0,0.0,1022.9002,5.0,16.878986,110.69553,30.599998,Aalborg
2026-08-26 17:00:00+00:00,22.1045,54.0,0.0,1022.99725,17.0,16.923605,107.49585,25.919998,Aalborg
2026-08-26 18:00:00+00:00,20.6045,66.0,0.0,1022.7907,61.0,19.930294,106.36115,21.24,Aalborg
2026-08-26 19:00:00+00:00,19.0045,80.0,0.0,1023.0833,71.0,21.161736,101.962036,21.24,Aalborg
2026-08-26 20:00:00+00:00,18.2545,88.0,0.0,1023.37933,38.0,21.659153,103.58601,19.44,Aalborg
2026-08-26 21:00:00+00:00,17.654501,90.0,0.0,1023.47675,60.0,21.030422,109.49316,17.28,Aalborg
2026-08-26 22:00:00+00:00,17.154501,92.0,0.0,1023.47455,53.0,21.126799,114.0108,16.199999,Aalborg
2026-08-26 23:00:00+00:00,16.7545,93.0,0.0,1023.77216,9.0,21.26403,115.930756,13.679999,Aalborg
2026-08-27 00:00:00+00:00,16.4545,93.0,0.0,1023.5711,47.0,20.865118,109.653915,14.4,Aalborg
2026-08-27 01:00:00+00:00,16.4545,94.0,0.0,1023.47125,45.0,21.05602,113.57472,12.959999,Aalborg
2026-08-27 02:00:00+00:00,16.0545,94.0,0.0,1023.36945,56.0,20.806767,114.40396,11.159999,Aalborg
2026-08-27 03:00:00+00:00,15.7045,93.0,0.0,1022.7687,90.0,21.419792,116.77486,8.28,Aalborg
2026-08-27 04:00:00+00:00,15.554501,93.0,0.0,1022.6681,67.0,22.601456,117.75845,9.72,Aalborg
2026-08-27 05:00:00+00:00,15.554501,84.0,0.0,1022.6681,36.0,24.00935,116.939445,17.64,Aalborg
2026-08-27 06:00:00+00:00,16.1045,82.0,0.0,1022.2712,46.0,24.829292,119.644356,21.599998,Aalborg
2026-08-27 07:00:00+00:00,17.4545,71.0,0.0,1022.477,57.0,24.624521,122.78428,33.839996,Aalborg
2026-08-27 08:00:00+00:00,18.3045,66.0,0.0,1022.4809,49.0,27.412289,121.6555,37.44,Aalborg
2026-08-27 09:00:00+00:00,19.404501,65.0,0.0,1022.08655,66.0,29.275768,121.022575,40.32,Aalborg
2026-08-27 10:00:00+00:00,20.154501,63.0,0.0,1021.69025,71.0,30.689896,120.96369,40.68,Aalborg
2026-08-27 11:00:00+00:00,20.8045,61.0,0.0,1021.29364,40.0,29.312021,119.78732,40.32,Aalborg
2026-08-27 12:00:00+00:00,21.0545,62.0,0.0,1020.8955,45.0,32.096382,117.68552,43.56,Aalborg
2026-08-27 13:00:00+00:00,20.904501,63.0,0.0,1020.49524,64.0,32.46823,120.16721,43.56,Aalborg
2026-08-27 14:00:00+00:00,21.0545,63.0,0.0,1019.99664,62.0,32.136154,121.60746,42.839996,Aalborg
2026-08-27 15:00:00+00:00,21.3045,61.0,0.0,1019.0987,24.0,31.953655,121.07159,43.56,Aalborg
2026-08-27 16:00:00+00:00,21.0545,59.0,0.0,1018.49854,37.0,34.06702,118.28068,42.839996,Aalborg
2026-08-27 17:00:00+00:00,20.5545,59.0,0.0,1017.9969,44.0,33.703682,113.62939,42.839996,Aalborg
2026-08-27 18:00:00+00:00,19.7545,63.0,0.0,1017.59393,69.0,37.03457,117.05052,41.039997,Aalborg
2026-08-27 19:00:00+00:00,19.0545,68.0,0.0,1017.2911,100.0,37.679306,114.775116,40.68,Aalborg
2026-08-27 20:00:00+00:00,18.7545,67.0,0.0,1017.0901,100.0,37.03457,117.05052,45.36,Aalborg
2026-08-27 21:00:00+00:00,18.5545,70.0,0.0,1016.9892,100.0,35.389835,117.454185,47.519997,Aalborg
2026-08-27 22:00:00+00:00,18.2545,74.0,0.0,1016.4883,85.0,34.05618,115.64096,47.519997,Aalborg
2026-08-27 23:00:00+00:00,17.9545,77.0,0.0,1015.8879,100.0,34.440838,112.77706,46.8,Aalborg
2026-08-28 00:00:00+00:00,17.5045,80.0,0.0,1015.087,98.0,35.397663,107.896225,45.0,Aalborg
2026-08-28 01:00:00+00:00,17.3545,82.0,0.0,1014.4871,100.0,35.42113,110.58934,43.92,Aalborg
2026-08-28 02:00:00+00:00,17.3045,82.0,0.0,1013.6878,100.0,35.356335,106.72656,41.760002,Aalborg
2026-08-28 03:00:00+00:00,17.3545,85.0,0.0,1012.4897,100.0,35.07445,109.885254,42.48,Aalborg
2026-08-28 04:00:00+00:00,17.404501,84.0,0.0,1010.99164,100.0,37.572964,113.09323,43.56,Aalborg
2026-08-28 05:00:00+00:00,17.6045,80.0,0.0,1010.3934,59.0,39.859043,116.11385,47.88,Aalborg
2026-08-28 06:00:00+00:00,18.0545,78.0,0.0,1009.29694,100.0,43.781948,116.154274,52.199997,Aalborg
2026-08-28 07:00:00+00:00,18.1045,76.0,0.0,1008.7976,97.0,44.963272,115.665146,54.0,Aalborg
2026-08-28 08:00:00+00:00,18.2545,76.0,0.0,1007.9992,98.0,41.702194,112.24908,55.8,Aalborg
2026-08-28 09:00:00+00:00,18.0045,75.0,0.1,1007.1993,100.0,43.335712,118.536316,56.88,Aalborg
2026-08-28 10:00:00+00:00,17.8545,85.0,0.6,1006.5995,96.0,47.48563,128.09784,57.6,Aalborg
2026-08-28 11:00:00+00:00,17.3545,89.0,1.0,1006.1978,100.0,44.557205,136.755,56.16,Aalborg
2026-08-28 12:00:00+00:00,17.2545,92.0,2.1,1005.7976,100.0,37.651928,143.71736,46.8,Aalborg
2026-08-28 13:00:00+00:00,17.0045,92.0,0.3,1005.4972,100.0,32.879436,143.68033,46.079998,Aalborg
2026-08-28 14:00:00+00:00,16.8545,92.0,0.2,1005.49646,100.0,31.454636,141.34016,43.199997,Aalborg
2026-08-28 15:00:00+00:00,16.9545,92.0,0.0,1004.598,100.0,24.290388,144.70277,41.399998,Aalborg
2026-08-28 16:00:00+00:00,17.3545,92.0,0.1,1003.8009,100.0,21.835363,134.34901,36.719997,Aalborg
2026-08-28 17:00:00+00:00,17.2545,94.0,0.4,1003.5006,100.0,22.094608,136.93057,31.319998,Aalborg
2026-08-28 18:00:00+00:00,17.154501,95.0,0.2,1003.00104,100.0,21.300913,175.27563,23.039999,Aalborg
2026-08-28 19:00:00+00:00,16.9545,95.0,0.3,1002.70044,100.0,17.367918,188.13002,30.239998,Aalborg
2026-08-28 20:00:00+00:00,16.7545,95.0,1.0,1003.099,100.0,14.916737,181.34785,18.72,Aalborg
2026-08-28 21:00:00+00:00,16.7045,96.0,0.9,1002.1,99.0,19.65034,217.38153,21.599998,Aalborg
2026-08-28 22:00:00+00:00,16.7545,93.0,1.4,1001.80066,95.0,19.677732,211.13892,29.88,Aalborg
2026-08-28 23:00:00+00:00,16.3545,97.0,0.0,1001.59906,81.0,22.607582,204.77512,19.8,Aalborg
2026-08-29 00:00:00+00:00,16.2545,97.0,0.0,1001.5988,84.0,25.66082,205.51382,17.64,Aalborg
2026-08-29 01:00:00+00:00,16.2045,97.0,0.0,1001.79816,67.0,26.424335,202.64917,21.599998,Aalborg
2026-08-29 02:00:00+00:00,15.9545,97.0,0.0,1000.9982,47.0,25.328205,195.67288,19.08,Aalborg
2026-08-29 03:00:00+00:00,15.804501,98.0,0.0,1000.9976,56.0,27.378021,181.46877,18.359999,Aalborg
2026-08-29 04:00:00+00:00,15.7045,98.0,0.0,1000.9971,45.0,30.702429,180.0,21.599998,Aalborg
2026-08-29 05:00:00+00:00,15.8545,95.0,0.0,1000.5982,88.0,32.28332,179.37726,30.960001,Aalborg
2026-08-29 06:00:00+00:00,16.404501,93.0,0.5,1000.2012,93.0,34.56617,179.12756,36.36,Aalborg
2026-08-29 07:00:00+00:00,16.904501,95.0,0.6,1000.2033,95.0,28.559961,190.6196,35.28,Aalborg
2026-08-29 08:00:00+00:00,17.7545,94.0,1.0,1000.20715,100.0,32.022934,214.73492,36.719997,Aalborg
2026-08-29 09:00:00+00:00,18.7545,89.0,0.0,1000.7111,98.0,25.825226,216.7143,35.64,Aalborg
2026-08-29 10:00:00+00:00,19.5045,87.0,0.0,1000.8142,95.0,25.694384,223.06322,36.719997,Aalborg
2026-08-29 11:00:00+00:00,20.7045,81.0,0.0,1000.9194,87.0,25.208218,227.53859,35.64,Aalborg
2026-08-29 12:00:00+00:00,20.2545,84.0,0.2,1001.1173,73.0,29.910236,226.66368,37.44,Aalborg
2026-08-29 13:00:00+00:00,20.9545,86.0,0.5,1001.2199,79.0,31.191774,235.77359,39.239998,Aalborg
2026-08-29 14:00:00+00:00,21.0545,84.0,0.0,1001.52026,78.0,31.548923,242.15251,37.44,Aalborg
2026-08-29 15:00:00+00:00,20.654501,81.0,0.0,1001.91785,87.0,30.290638,242.39612,35.28,Aalborg
2026-08-29 16:00:00+00:00,19.8045,82.0,0.0,1001.914,86.0,31.118174,240.2552,39.239998,Aalborg
2026-08-29 17:00:00+00:00,19.1045,82.0,0.0,1002.2105,95.0,28.826002,238.43823,34.92,Aalborg
2026-08-29 18:00:00+00:00,18.404501,82.0,0.0,1002.6072,81.0,29.685047,232.92683,34.2,Aalborg
2026-08-29 19:00:00+00:00,17.9545,85.0,0.0,1002.80475,90.0,30.25149,232.06667,30.239998,Aalborg
2026-08-29 20:00:00+00:00,17.154501,89.0,0.0,1002.8013,99.0,26.199734,227.44244,27.359999,Aalborg
2026-08-29 21:00:00+00:00,16.7045,92.0,0.0,1002.8989,98.0,26.489487,220.97165,24.48,Aalborg
2026-08-29 22:00:00+00:00,16.2045,91.0,0.0,1002.8967,99.0,25.901392,215.62799,26.64,Aalborg
2026-08-29 23:00:00+00:00,16.0545,92.0,0.0,1002.79626,99.0,25.725513,210.76265,21.96,Aalborg
2026-08-30 00:00:00+00:00,16.0045,92.0,0.0,1002.5962,91.0,24.7722,212.56454,25.199999,Aalborg
2026-08-30 01:00:00+00:00,15.6045,95.0,0.0,1002.295,89.0,25.27894,204.60849,24.84,Aalborg
2026-08-30 02:00:00+00:00,15.4545,96.0,0.0,1002.2944,100.0,22.838537,207.94295,21.599998,Aalborg
2026-08-30 03:00:00+00:00,15.804501,96.0,0.0,1001.39716,100.0,19.697275,199.24197,21.24,Aalborg
2026-08-30 04:00:00+00:00,16.2045,96.0,0.0,1001.1989,100.0,18.424799,193.77162,19.08,Aalborg
2026-08-30 05:00:00+00:00,16.2545,96.0,0.0,1001.0994,96.0,14.741342,181.36389,15.119999,Aalborg
2026-08-30 06:00:00+00:00,16.654501,94.0,0.0,1001.00134,100.0,13.472565,171.76447,19.08,Aalborg
2026-08-30 07:00:00+00:00,16.8545,95.0,0.2,1000.60284,100.0,10.671749,170.53775,9.36,Aalborg
2026-08-30 08:00:00+00:00,17.154501,96.0,0.2,1000.3045,100.0,2.7739887,145.30478,10.440001,Aalborg
2026-08-30 09:00:00+00:00,17.3545,96.0,0.3,1000.5052,100.0,2.740499,309.8055,9.0,Aalborg
2026-08-30 10:00:00+00:00,17.8045,96.0,0.4,1000.5071,100.0,7.840139,319.53784,10.799999,Aalborg
2026-08-30 11:00:00+00:00,17.6045,95.0,0.2,1000.8057,100.0,13.45542,309.70987,19.08,Aalborg
2026-08-30 12:00:00+00:00,17.6045,90.0,0.4,1001.0055,100.0,18.152996,304.76526,25.199999,Aalborg
2026-08-30 13:00:00+00:00,17.904501,91.0,1.1,1001.40656,100.0,21.37376,305.6471,24.48,Aalborg
2026-08-30 14:00:00+00:00,18.4545,92.0,0.2,1002.20764,98.0,20.52677,292.6199,25.56,Aalborg
2026-08-30 15:00:00+00:00,18.2045,90.0,0.0,1002.6062,100.0,26.874784,277.1249,27.72,Aalborg
2026-08-30 16:00:00+00:00,18.154501,92.0,0.0,1002.7058,97.0,26.672447,271.13065,33.48,Aalborg
2026-08-30 17:00:00+00:00,17.6045,89.0,0.0,1003.30255,100.0,26.605433,264.70303,38.88,Aalborg
2026-08-30 18:00:00+00:00,16.7545,88.0,0.0,1004.1976,90.0,27.891489,260.9525,36.719997,Aalborg
2026-08-30 19:00:00+00:00,16.3545,86.0,0.0,1004.79486,91.0,26.299988,256.89078,37.8,Aalborg
2026-08-30 20:00:00+00:00,16.0045,85.0,0.0,1005.1928,74.0,27.46389,250.98622,38.16,Aalborg
2026-08-30 21:00:00+00:00,15.4545,88.0,0.0,1005.3904,41.0,28.73938,251.12253,37.079998,Aalborg
2026-08-30 22:00:00+00:00,15.054501,90.0,0.0,1005.7879,74.0,27.296953,252.03076,30.599998,Aalborg
2026-08-30 23:00:00+00:00,14.804501,91.0,0.0,1005.68677,78.0,25.482677,249.44388,30.599998,Aalborg
2026-08-31 00:00:00+00:00,14.804501,93.0,0.0,1005.5869,90.0,23.230728,242.08032,28.8,Aalborg
2026-08-31 01:00:00+00:00,14.4545,95.0,0.0,1005.78503,76.0,22.33707,237.18365,23.4,Aalborg
2026-08-31 02:00:00+00:00,14.2045,96.0,0.0,1005.68427,91.0,21.243032,228.01286,19.8,Aalborg
2026-08-31 03:00:00+00:00,14.2045,94.0,0.0,1005.38464,95.0,19.602507,225.72514,19.44,Aalborg
2026-08-31 04:00:00+00:00,14.2045,97.0,0.0,1005.38464,81.0,18.27046,221.49637,16.56,Aalborg
2026-08-31 05:00:00+00:00,14.6045,96.0,0.0,1005.486,100.0,17.372349,218.02728,13.32,Aalborg
2026-08-31 06:00:00+00:00,15.1045,92.0,0.0,1005.18896,29.0,17.909744,209.32709,14.04,Aalborg
2026-08-31 07:00:00+00:00,15.9045,89.0,0.0,1004.9927,30.0,14.599724,200.39496,16.199999,Aalborg
2026-08-31 08:00:00+00:00,17.1045,81.0,0.0,1004.6985,70.0,15.479752,197.81898,18.0,Aalborg
2026-08-31 09:00:00+00:00,17.654501,74.0,0.0,1004.40137,65.0,14.938388,183.3664,18.0,Aalborg
2026-08-31 10:00:00+00:00,19.3545,74.0,0.0,1004.0094,77.0,12.00211,164.74483,18.72,Aalborg
2026-08-31 11:00:00+00:00,20.404501,80.0,0.1,1003.9143,89.0,12.636729,178.40889,18.359999,Aalborg
2026-08-31 12:00:00+00:00,19.904501,82.0,0.0,1003.91205,99.0,6.6413727,167.79955,19.44,Aalborg
2026-08-31 13:00:00+00:00,17.7545,90.0,2.4,1003.8025,100.0,4.551371,152.44728,14.759999,Aalborg
2026-08-31 14:00:00+00:00,17.7045,89.0,0.1,1003.8025,100.0,5.8975816,210.37904,14.759999,Aalborg
2026-08-31 15:00:00+00:00,18.5045,87.0,0.2,1003.3066,99.0,6.8422556,157.3801,14.4,Aalborg
2026-08-31 16:00:00+00:00,17.3045,90.0,1.4,1003.70074,100.0,9.936922,222.13753,14.4,Aalborg
2026-08-31 17:00:00+00:00,17.404501,93.0,1.4,1003.8009,88.0,9.258641,260.18076,12.959999,Aalborg
2026-08-31 18:00:00+00:00,17.3045,95.0,0.0,1004.79926,79.0,12.013645,331.1893,13.679999,Aalborg
2026-08-31 19:00:00+00:00,16.5545,95.0,0.0,1005.09546,97.0,8.603839,339.71735,15.119999,Aalborg
2026-08-31 20:00:00+00:00,16.0545,96.0,0.0,1005.29297,96.0,6.3159285,270.0,17.28,Aalborg
2026-08-31 21:00:00+00:00,15.5045,96.0,0.0,1005.3904,89.0,12.110614,268.33975,13.32,Aalborg
2026-08-31 22:00:00+00:00,15.4545,96.0,0.0,1005.69,88.0,17.37589,281.65027,16.199999,Aalborg
2026-08-31 23:00:00+00:00,15.054501,97.0,0.0,1005.9877,84.0,15.886991,276.3401,14.4,Aalborg
2026-09-01 00:00:00+00:00,14.7045,97.0,0.0,1006.3856,91.0,14.872307,287.1525,14.759999,Aalborg
2026-09-01 01:00:00+00:00,14.4045,96.0,0.0,1006.7835,100.0,18.85088,284.55362,16.56,Aalborg
2026-09-01 02:00:00+00:00,14.6045,95.0,0.0,1007.084,95.0,18.87128,286.75034,18.359999,Aalborg
2026-09-01 03:00:00+00:00,15.0045,95.0,0.0,1006.88617,94.0,17.075699,274.71466,20.16,Aalborg
2026-09-01 04:00:00+00:00,15.0045,96.0,0.0,1006.986,63.0,19.097458,259.41272,19.8,Aalborg
2026-09-01 05:00:00+00:00,14.9545,95.0,0.0,1007.4851,81.0,22.128017,255.30263,17.64,Aalborg
2026-09-01 06:00:00+00:00,15.054501,94.0,0.0,1007.8852,87.0,23.619663,264.4589,22.319998,Aalborg
2026-09-01 07:00:00+00:00,15.6045,91.0,0.0,1008.08746,49.0,23.51976,268.29022,26.28,Aalborg
2026-09-01 08:00:00+00:00,16.5045,83.0,0.0,1008.59094,58.0,24.058655,272.50766,31.68,Aalborg
2026-09-01 09:00:00+00:00,17.404501,80.0,0.0,1008.89435,66.0,23.17501,267.83078,33.12,Aalborg
2026-09-01 10:00:00+00:00,18.3545,75.0,0.0,1009.1984,59.0,24.462744,265.4753,36.0,Aalborg
2026-09-01 11:00:00+00:00,18.904501,73.0,0.0,1009.50055,65.0,23.968933,264.5399,37.44,Aalborg
2026-09-01 12:00:00+00:00,19.4545,71.0,0.0,1009.8023,72.0,23.344398,271.72263,39.96,Aalborg
2026-09-01 13:00:00+00:00,19.654501,71.0,0.0,1010.20276,79.0,24.9153,270.80692,39.6,Aalborg
2026-09-01 14:00:00+00:00,19.154501,71.0,0.0,1010.4004,80.0,25.795412,268.8309,36.36,Aalborg
2026-09-01 15:00:00+00:00,19.154501,72.0,0.0,1010.4004,87.0,26.85187,271.49756,36.719997,Aalborg
2026-09-01 16:00:00+00:00,18.6045,74.0,0.0,1010.49756,97.0,28.163296,274.645,37.44,Aalborg
2026-09-01 17:00:00+00:00,18.2045,76.0,0.0,1010.69574,87.0,27.396564,272.56918,36.719997,Aalborg
2026-09-01 18:00:00+00:00,17.5045,80.0,0.0,1010.8924,77.0,27.571274,263.05597,36.719997,Aalborg
2026-09-01 19:00:00+00:00,16.8545,83.0,0.0,1011.28894,97.0,29.799408,264.25592,36.0,Aalborg
2026-09-01 20:00:00+00:00,15.9045,78.0,0.0,1011.7838,78.0,28.036232,264.2538,43.56,Aalborg
2026-09-01 21:00:00+00:00,15.2045,77.0,0.0,1012.18024,76.0,27.0847,259.92758,39.96,Aalborg
2026-09-01 22:00:00+00:00,14.6045,79.0,0.0,1011.87775,95.0,25.08827,247.3801,35.64,Aalborg
2026-09-01 23:00:00+00:00,14.054501,82.0,0.0,1011.5756,98.0,27.302027,237.33115,27.72,Aalborg
2026-09-02 00:00:00+00:00,13.9045,85.0,0.0,1011.37524,99.0,27.71158,228.33643,25.199999,Aalborg
2026-09-02 01:00:00+00:00,14.304501,86.0,0.0,1010.97766,100.0,26.636072,234.11127,28.44,Aalborg
2026-09-02 02:00:00+00:00,14.554501,91.0,0.0,1010.879,100.0,26.778404,234.33131,27.72,Aalborg
2026-09-02 03:00:00+00:00,14.7045,93.0,0.0,1010.3804,100.0,27.878242,241.01553,28.44,Aalborg
2026-09-02 04:00:00+00:00,14.9545,94.0,0.1,1010.38135,100.0,28.16275,239.28117,28.08,Aalborg
2026-09-02 05:00:00+00:00,15.2545,94.0,0.0,1010.283,99.0,29.433056,241.90752,28.08,Aalborg
2026-09-02 06:00:00+00:00,15.5045,91.0,0.0,1010.284,97.0,28.734562,248.13358,27.359999,Aalborg
2026-09-02 07:00:00+00:00,15.554501,95.0,1.4,1010.58386,83.0,29.592106,245.10626,26.64,Aalborg
2026-09-02 08:00:00+00:00,16.4545,94.0,6.0,1010.78766,98.0,24.767853,235.9722,22.319998,Aalborg
2026-09-02 09:00:00+00:00,17.3545,94.0,0.0,1010.99164,98.0,28.475775,247.54301,28.44,Aalborg
2026-09-02 10:00:00+00:00,17.7545,90.0,5.2,1011.0931,99.0,23.858238,244.75406,28.8,Aalborg
2026-09-02 11:00:00+00:00,17.0045,90.0,0.0,1010.99005,100.0,26.722599,256.32867,33.12,Aalborg
2026-09-02 12:00:00+00:00,18.0045,84.0,0.1,1010.9944,87.0,21.789501,266.76904,35.64,Aalborg
2026-09-02 13:00:00+00:00,18.5545,73.0,0.0,1011.19666,68.0,19.930294,279.62808,37.44,Aalborg
2026-09-02 14:00:00+00:00,18.904501,70.0,0.0,1011.19836,40.0,22.47376,282.62582,29.519999,Aalborg
2026-09-02 15:00:00+00:00,19.0045,68.0,0.0,1011.29846,33.0,24.48978,278.65247,32.760002,Aalborg
2026-09-02 16:00:00+00:00,18.154501,69.0,0.0,1011.39465,40.0,25.033617,275.63058,33.48,Aalborg
2026-09-02 17:00:00+00:00,17.4545,72.0,0.0,1011.4912,27.0,24.938145,277.2749,32.399998,Aalborg
2026-09-02 18:00:00+00:00,16.2045,78.0,0.0,1011.8851,22.0,26.188572,273.45654,28.8,Aalborg
2026-09-02 19:00:00+00:00,15.0045,83.0,0.0,1012.17926,41.0,23.169035,268.26434,26.64,Aalborg
2026-09-02 20:00:00+00:00,14.054501,87.0,0.0,1011.97504,39.0,24.462744,265.4753,22.68,Aalborg
2026-09-02 21:00:00+00:00,13.554501,87.0,0.0,1012.27246,61.0,24.571968,268.36346,21.96,Aalborg
2026-09-02 22:00:00+00:00,13.2045,84.0,0.0,1012.2709,49.0,24.387133,269.58783,22.68,Aalborg
2026-09-02 23:00:00+00:00,13.1045,84.0,0.0,1012.27026,35.0,24.571968,271.63654,22.319998,Aalborg
2026-09-03 00:00:00+00:00,12.1045,88.0,0.0,1011.96625,48.0,20.937277,274.32498,20.519999,Aalborg
2026-09-03 01:00:00+00:00,11.9545,93.0,0.0,1011.4662,37.0,17.55214,268.28168,16.199999,Aalborg
2026-09-03 02:00:00+00:00,11.304501,92.0,0.0,1011.0636,92.0,11.787332,255.3432,12.599999,Aalborg
2026-09-03 03:00:00+00:00,11.4545,89.0,0.0,1010.66473,100.0,12.039239,226.77144,12.24,Aalborg
2026-09-03 04:00:00+00:00,11.9045,90.0,0.0,1010.16766,100.0,11.065399,205.34613,12.959999,Aalborg
2026-09-03 05:00:00+00:00,12.1045,93.0,0.3,1009.66925,88.0,14.963092,184.70776,11.5199995,Aalborg
2026-09-03 06:00:00+00:00,12.554501,94.0,0.7,1008.972,92.0,14.341282,187.7335,13.32,Aalborg
2026-09-03 07:00:00+00:00,13.2045,94.0,0.5,1008.37604,94.0,15.092132,178.66782,15.4800005,Aalborg
2026-09-03 08:00:00+00:00,14.1545,91.0,0.0,1007.6814,100.0,14.84745,125.380356,19.08,Aalborg
2026-09-03 09:00:00+00:00,15.0045,95.0,0.2,1007.3855,100.0,12.644035,150.9455,17.64,Aalborg
2026-09-03 10:00:00+00:00,16.0545,96.0,0.2,1006.5914,100.0,10.946542,158.36905,18.359999,Aalborg
2026-09-03 11:00:00+00:00,16.5545,95.0,0.2,1005.8944,100.0,14.171799,164.93146,20.16,Aalborg
2026-09-03 12:00:00+00:00,16.3545,93.0,1.1,1004.695,100.0,16.057539,146.13628,18.359999,Aalborg
2026-09-03 13:00:00+00:00,16.0045,94.0,1.3,1003.8945,100.0,14.443934,130.07283,16.199999,Aalborg
2026-09-03 14:00:00+00:00,16.1045,97.0,1.9,1003.196,100.0,10.599397,118.68605,21.24,Aalborg
2026-09-03 15:00:00+00:00,17.4545,97.0,0.3,1003.1021,92.0,16.24904,142.01645,26.64,Aalborg
2026-09-03 16:00:00+00:00,17.5545,97.0,0.1,1002.60345,100.0,17.833965,254.59651,20.880001,Aalborg
2026-09-03 17:00:00+00:00,17.0545,95.0,0.2,1002.7008,100.0,32.824623,268.1623,33.12,Aalborg
2026-09-03 18:00:00+00:00,16.404501,94.0,0.0,1002.8977,100.0,34.865406,265.09277,39.96,Aalborg
2026-09-03 19:00:00+00:00,15.9045,93.0,0.0,1002.9953,100.0,33.621387,262.50424,48.239998,Aalborg
2026-09-03 20:00:00+00:00,15.6545,92.0,0.0,1003.2937,100.0,34.041714,264.08383,52.92,Aalborg
2026-09-03 21:00:00+00:00,15.2045,90.0,0.0,1003.79114,100.0,35.900173,265.51547,53.28,Aalborg
2026-09-03 22:00:00+00:00,15.1045,87.0,0.0,1003.7908,100.0,34.07244,267.3439,52.199997,Aalborg
2026-09-03 23:00:00+00:00,14.9545,85.0,0.0,1003.69006,100.0,33.292492,264.86032,47.88,Aalborg
2026-09-04 00:00:00+00:00,14.8545,86.0,0.0,1003.88947,100.0,32.89956,265.71854,45.719997,Aalborg
2026-09-04 01:00:00+00:00,14.7045,89.0,0.0,1003.3895,100.0,33.45757,260.34018,38.88,Aalborg
2026-09-04 02:00:00+00:00,14.6545,88.0,0.0,1003.28925,100.0,32.6879,259.17258,38.519997,Aalborg
2026-09-04 03:00:00+00:00,14.6045,89.0,0.0,1002.39014,100.0,31.902075,259.86432,37.079998,Aalborg
2026-09-04 04:00:00+00:00,14.5045,88.0,0.0,1002.0903,100.0,28.294685,260.36252,30.960001,Aalborg
2026-09-04 05:00:00+00:00,14.2045,91.0,0.0,1001.48975,98.0,24.484753,253.77257,29.16,Aalborg
2026-09-04 06:00:00+00:00,14.1045,92.0,0.0,1001.1895,100.0,23.079187,238.36401,23.039999,Aalborg
2026-09-04 07:00:00+00:00,14.554501,92.0,0.0,1000.6923,100.0,19.248365,227.58585,21.96,Aalborg
2026-09-04 08:00:00+00:00,14.8545,91.0,0.0,1000.5938,100.0,14.667031,216.73291,21.24,Aalborg
2026-09-04 09:00:00+00:00,15.0045,86.0,0.0,999.69556,100.0,9.548326,200.4329,22.319998,Aalborg
2026-09-04 10:00:00+00:00,15.3545,77.0,0.0,999.39746,100.0,9.832607,195.52417,21.96,Aalborg
2026-09-04 11:00:00+00:00,15.6045,78.0,0.0,998.59985,97.0,8.321967,235.30478,21.96,Aalborg
2026-09-04 12:00:00+00:00,15.1545,83.0,0.0,998.0982,98.0,6.4937415,271.54813,20.16,Aalborg
2026-09-04 13:00:00+00:00,16.654501,93.0,0.7,997.8055,97.0,10.272003,262.1468,23.039999,Aalborg
2026-09-04 14:00:00+00:00,17.5045,91.0,0.0,997.60956,67.0,13.093698,252.0505,23.759998,Aalborg
2026-09-04 15:00:00+00:00,18.4545,86.0,0.0,997.8133,56.0,16.007622,260.53775,23.4,Aalborg
2026-09-04 16:00:00+00:00,17.9545,91.0,0.1,997.212,96.0,20.954176,258.40784,20.519999,Aalborg
2026-09-04 17:00:00+00:00,16.2045,94.0,0.1,997.1043,100.0,22.84056,266.91788,21.96,Aalborg
2026-09-04 18:00:00+00:00,15.2045,94.0,0.1,996.6005,94.0,30.315018,240.91328,23.4,Aalborg
2026-09-04 19:00:00+00:00,14.554501,94.0,1.5,996.99713,98.0,32.511337,263.1819,34.2,Aalborg
2026-09-04 20:00:00+00:00,14.304501,94.0,1.5,997.4953,96.0,32.839622,276.4415,41.399998,Aalborg
2026-09-04 21:00:00+00:00,13.7545,91.0,0.0,997.9921,82.0,31.406162,269.35986,43.92,Aalborg
2026-09-04 22:00:00+00:00,13.5045,87.0,0.0,998.4902,84.0,32.610123,264.44287,48.6,Aalborg
2026-09-04 23:00:00+00:00,13.5045,85.0,0.0,998.8897,93.0,36.667896,270.27414,43.92,Aalborg
2026-09-05 00:00:00+00:00,13.5045,85.0,0.0,999.1893,89.0,38.671436,276.51233,42.48,Aalborg
2026-09-05 01:00:00+00:00,13.5045,85.0,0.0,999.78845,64.0,38.085564,277.9434,42.12,Aalborg
2026-09-05 02:00:00+00:00,13.6045,81.0,0.0,1000.4883,91.0,34.227467,271.76236,47.16,Aalborg
2026-09-05 03:00:00+00:00,13.5045,86.0,1.5,1000.48755,82.0,37.37089,269.46204,46.079998,Aalborg
2026-09-05 04:00:00+00:00,13.4045,86.0,1.2,1001.28625,96.0,35.151592,266.56644,41.399998,Aalborg
2026-09-05 05:00:00+00:00,13.4045,84.0,0.0,1001.58594,74.0,35.914318,265.23645,42.12,Aalborg
2026-09-05 06:00:00+00:00,13.8545,83.0,0.0,1001.2881,58.0,34.58353,263.88458,44.28,Aalborg
2026-09-05 07:00:00+00:00,14.304501,80.0,0.0,1001.7897,69.0,35.945156,264.67908,49.68,Aalborg
2026-09-05 08:00:00+00:00,14.7545,84.0,0.2,1002.3908,51.0,38.266174,264.2111,51.12,Aalborg
2026-09-05 09:00:00+00:00,15.2045,80.0,0.0,1002.69257,41.0,41.932213,269.52057,52.56,Aalborg
2026-09-05 10:00:00+00:00,16.6045,76.0,0.0,1003.2981,64.0,42.44185,265.02008,55.079998,Aalborg
2026-09-05 11:00:00+00:00,17.2545,73.0,0.0,1003.80023,65.0,44.217068,270.90936,58.679996,Aalborg
2026-09-05 12:00:00+00:00,16.654501,74.0,0.0,1004.397,80.0,46.873352,277.31113,61.199997,Aalborg
2026-09-05 13:00:00+00:00,17.0545,77.0,0.0,1004.898,76.0,50.683746,276.5591,64.439995,Aalborg
2026-09-05 14:00:00+00:00,17.0045,88.0,0.3,1005.5971,87.0,54.46888,280.767,67.67999,Aalborg
2026-09-05 15:00:00+00:00,16.6045,91.0,0.1,1005.79486,96.0,48.86033,279.09018,66.6,Aalborg
2026-09-05 16:00:00+00:00,15.804501,81.0,0.1,1006.5904,48.0,54.006935,282.95276,73.079994,Aalborg
2026-09-05 17:00:00+00:00,15.6545,81.0,0.0,1007.58813,79.0,53.98527,287.78732,74.159996,Aalborg
2026-09-05 18:00:00+00:00,15.054501,82.0,0.0,1008.3846,73.0,51.71299,287.57443,72.72,Aalborg
2026-09-05 19:00:00+00:00,14.8545,82.0,0.0,1009.3823,54.0,48.11252,287.17963,70.56,Aalborg
2026-09-05 20:00:00+00:00,14.554501,83.0,0.0,1010.3797,37.0,46.592777,290.96014,65.88,Aalborg
2026-09-05 21:00:00+00:00,14.7045,82.0,0.0,1011.47894,46.0,45.67573,291.638,60.120003,Aalborg
2026-09-05 22:00:00+00:00,14.4545,82.0,0.0,1012.37646,20.0,45.07267,290.269,57.6,Aalborg
2026-09-05 23:00:00+00:00,14.3545,80.0,0.0,1013.1752,8.0,45.383,288.7152,54.0,Aalborg
2026-09-06 00:00:00+00:00,14.2045,79.0,0.0,1013.87354,5.0,40.4333,291.10898,55.079998,Aalborg
2026-09-06 01:00:00+00:00,14.1045,78.0,0.0,1014.6719,5.0,40.92475,290.8436,51.12,Aalborg
2026-09-06 02:00:00+00:00,14.0045,77.0,0.0,1015.07104,1.0,39.9801,290.82095,50.039997,Aalborg
2026-09-06 03:00:00+00:00,13.7545,76.0,0.0,1015.0698,2.0,40.05702,288.1176,48.239998,Aalborg
2026-09-06 04:00:00+00:00,13.6045,77.0,0.0,1015.76825,1.0,39.281094,287.9495,44.28,Aalborg
2026-09-06 05:00:00+00:00,13.5045,78.0,0.0,1016.5665,15.0,39.187737,286.65018,42.48,Aalborg
2026-09-06 06:00:00+00:00,13.9045,75.0,0.0,1017.26746,21.0,37.897602,287.51233,42.12,Aalborg
2026-09-06 07:00:00+00:00,14.7545,72.0,0.0,1017.7707,42.0,36.952198,289.12326,46.44,Aalborg
2026-09-06 08:00:00+00:00,15.554501,69.0,0.0,1018.2738,50.0,35.87359,290.91687,47.88,Aalborg
2026-09-06 09:00:00+00:00,16.3045,68.0,0.0,1018.57697,63.0,35.791122,285.0581,48.96,Aalborg
2026-09-06 10:00:00+00:00,16.8545,66.0,0.0,1019.27856,87.0,32.56337,279.6145,46.44,Aalborg
2026-09-06 11:00:00+00:00,17.6045,63.0,0.0,1019.6814,77.0,31.640497,279.25333,46.079998,Aalborg
2026-09-06 12:00:00+00:00,17.7545,58.0,0.0,1019.98157,88.0,30.84047,278.17612,46.079998,Aalborg
2026-09-06 13:00:00+00:00,18.154501,64.0,0.0,1020.383,91.0,35.494053,276.52774,46.079998,Aalborg
2026-09-06 14:00:00+00:00,18.154501,65.0,0.0,1020.383,78.0,32.655396,267.84476,41.399998,Aalborg
2026-09-06 15:00:00+00:00,17.9545,64.0,0.0,1020.28217,85.0,27.466131,261.92175,41.039997,Aalborg
2026-09-06 16:00:00+00:00,17.8045,70.0,0.0,1020.3815,100.0,23.746384,251.0295,37.079998,Aalborg
2026-09-06 17:00:00+00:00,17.3045,79.0,0.1,1019.87976,99.0,19.811796,247.06787,28.44,Aalborg
2026-09-06 18:00:00+00:00,16.8045,80.0,0.0,1019.4781,83.0,23.198906,239.5565,24.119999,Aalborg
2026-09-06 19:00:00+00:00,16.3045,81.0,0.0,1019.1762,100.0,23.107843,228.07755,22.68,Aalborg
2026-09-06 20:00:00+00:00,16.0045,80.0,0.0,1018.7751,100.0,25.088884,216.46933,20.880001,Aalborg
2026-09-06 21:00:00+00:00,15.8545,81.0,0.0,1018.6747,100.0,25.28807,209.0545,24.84,Aalborg
2026-09-06 22:00:00+00:00,15.554501,84.0,0.0,1018.67334,100.0,27.947714,208.49554,28.08,Aalborg
2026-09-06 23:00:00+00:00,15.304501,89.0,0.2,1018.47235,100.0,26.925705,208.4018,30.599998,Aalborg
2026-09-07 00:00:00+00:00,15.1545,92.0,0.2,1017.9723,100.0,30.639708,203.6294,27.0,Aalborg
2026-09-07 01:00:00+00:00,15.054501,90.0,0.0,1017.7723,100.0,30.247929,203.59134,30.599998,Aalborg
2026-09-07 02:00:00+00:00,14.804501,88.0,0.1,1017.2716,100.0,28.381578,193.95036,30.960001,Aalborg
2026-09-07 03:00:00+00:00,14.554501,88.0,0.1,1016.7713,100.0,30.73249,192.5288,31.319998,Aalborg
2026-09-07 04:00:00+00:00,14.4045,90.0,0.3,1016.0714,100.0,30.298256,193.39252,30.960001,Aalborg
2026-09-07 05:00:00+00:00,14.304501,89.0,0.0,1015.37195,97.0,26.47089,193.02309,28.8,Aalborg
2026-09-07 06:00:00+00:00,14.7045,87.0,0.0,1014.97437,93.0,31.755085,186.02548,29.519999,Aalborg
2026-09-07 07:00:00+00:00,15.2545,84.0,0.0,1014.57745,88.0,34.515823,184.95703,33.12,Aalborg
2026-09-07 08:00:00+00:00,16.1045,82.0,0.0,1014.08185,86.0,23.17501,182.1692,32.399998,Aalborg
2026-09-07 09:00:00+00:00,17.5545,79.0,0.0,1013.5893,95.0,24.78711,187.72855,33.839996,Aalborg
2026-09-07 10:00:00+00:00,19.5045,74.0,0.0,1012.9986,86.0,24.547527,186.56621,31.319998,Aalborg
2026-09-07 11:00:00+00:00,20.8045,67.0,0.0,1012.5049,72.0,27.376333,186.62393,31.68,Aalborg
2026-09-07 12:00:00+00:00,21.2045,60.0,0.0,1011.8077,65.0,28.87348,190.1491,34.2,Aalborg
2026-09-07 13:00:00+00:00,20.6045,57.0,0.0,1011.1057,76.0,24.567583,181.22755,35.28,Aalborg
2026-09-07 14:00:00+00:00,21.6045,59.0,0.0,1010.4111,87.0,26.330986,181.9091,34.92,Aalborg
2026-09-07 15:00:00+00:00,21.904501,61.0,0.0,1009.6134,86.0,27.52155,199.35909,28.44,Aalborg
2026-09-07 16:00:00+00:00,22.154501,65.0,0.0,1008.9155,88.0,27.646524,203.9625,26.64,Aalborg
2026-09-07 17:00:00+00:00,21.654501,66.0,0.0,1008.1144,97.0,30.559742,213.05145,23.039999,Aalborg
2026-09-07 18:00:00+00:00,20.6045,66.0,0.0,1007.80994,98.0,31.628336,229.95033,25.199999,Aalborg
2026-09-07 19:00:00+00:00,19.7545,68.0,0.0,1007.7066,100.0,29.020752,232.36798,25.919998,Aalborg
2026-09-07 20:00:00+00:00,18.8545,74.0,0.0,1007.50275,100.0,26.635494,232.22424,29.519999,Aalborg
2026-09-07 21:00:00+00:00,18.3045,83.0,0.0,1007.4004,100.0,25.579727,233.3658,30.960001,Aalborg
2026-09-07 22:00:00+00:00,18.0045,87.0,0.0,1007.29913,100.0,24.644516,241.97559,30.960001,Aalborg
2026-09-07 23:00:00+00:00,17.7545,87.0,0.0,1006.6987,100.0,23.318672,245.55606,30.960001,Aalborg
2026-09-08 00:00:00+00:00,17.1045,88.0,0.0,1006.49615,100.0,20.726727,254.78735,33.839996,Aalborg
2026-09-08 01:00:00+00:00,16.404501,86.0,0.0,1006.1934,100.0,18.587795,250.70985,30.960001,Aalborg
2026-09-08 02:00:00+00:00,16.2045,85.0,0.0,1005.8929,100.0,20.08644,250.61539,25.919998,Aalborg
2026-09-08 03:00:00+00:00,15.7545,87.0,0.0,1005.19183,100.0,17.425419,237.75005,20.16,Aalborg
2026-09-08 04:00:00+00:00,15.554501,87.0,0.0,1004.6915,100.0,19.173862,214.56259,17.28,Aalborg
2026-09-08 05:00:00+00:00,15.304501,88.0,0.0,1004.0911,100.0,21.733633,206.35814,17.64,Aalborg
2026-09-08 06:00:00+00:00,15.4045,88.0,0.0,1003.9918,95.0,24.070807,210.6772,21.24,Aalborg
2026-09-08 07:00:00+00:00,15.8545,90.0,0.0,1003.2946,98.0,23.462765,222.87889,22.68,Aalborg
2026-09-08 08:00:00+00:00,16.8045,86.0,0.0,1003.09937,97.0,20.827467,214.35944,27.0,Aalborg
2026-09-08 09:00:00+00:00,17.8545,82.0,0.0,1002.8044,83.0,16.759117,210.86082,30.599998,Aalborg
2026-09-08 10:00:00+00:00,18.7545,78.0,0.0,1002.5088,71.0,23.079853,223.7681,30.599998,Aalborg
2026-09-08 11:00:00+00:00,19.7045,75.0,0.0,1002.1135,81.0,27.66489,224.74307,29.88,Aalborg
2026-09-08 12:00:00+00:00,18.7545,80.0,1.0,1001.70984,92.0,19.998901,213.55069,34.92,Aalborg
2026-09-08 13:00:00+00:00,18.1045,82.0,0.1,1001.10754,99.0,22.870861,240.09166,37.44,Aalborg
2026-09-08 14:00:00+00:00,18.0045,79.0,0.1,1000.80756,100.0,22.209242,224.03992,38.16,Aalborg
2026-09-08 15:00:00+00:00,17.2545,84.0,0.2,1000.7042,100.0,21.373762,221.6725,37.079998,Aalborg
2026-09-08 16:00:00+00:00,16.904501,87.0,0.4,1000.4031,100.0,24.426859,213.57596,31.68,Aalborg
2026-09-08 17:00:00+00:00,16.0545,92.0,0.8,1000.19965,100.0,27.165838,215.53777,29.519999,Aalborg
2026-09-08 18:00:00+00:00,15.554501,94.0,1.0,1000.59686,100.0,26.146225,215.71654,30.599998,Aalborg
2026-09-08 19:00:00+00:00,14.8545,88.0,0.7,1000.2941,100.0,25.337925,222.19356,24.119999,Aalborg
2026-09-08 20:00:00+00:00,14.1045,88.0,0.4,1000.19086,100.0,23.700972,235.25113,14.759999,Aalborg
2026-09-08 21:00:00+00:00,14.1045,87.0,0.7,1000.19086,100.0,20.8946,229.08571,16.919998,Aalborg
2026-09-08 22:00:00+00:00,13.6545,89.0,0.3,999.6896,100.0,19.590725,231.17992,17.28,Aalborg
2026-09-08 23:00:00+00:00,13.4545,91.0,0.0,999.2891,100.0,19.825775,233.63704,16.199999,Aalborg
2026-09-09 00:00:00+00:00,13.1545,91.0,0.1,999.5872,100.0,18.845167,234.09018,15.4800005,Aalborg
2026-09-09 01:00:00+00:00,12.7545,91.0,0.3,999.78503,100.0,16.633759,232.28395,19.44,Aalborg
2026-09-09 02:00:00+00:00,12.6045,92.0,0.1,999.5847,98.0,17.332436,238.24055,22.68,Aalborg
2026-09-09 03:00:00+00:00,12.4545,92.0,0.0,998.9849,75.0,19.938787,241.63104,20.519999,Aalborg
2026-09-09 04:00:00+00:00,12.3545,92.0,0.0,999.184,80.0,21.421947,244.27443,18.0,Aalborg
2026-09-09 05:00:00+00:00,12.3545,94.0,0.0,999.3838,80.0,22.484716,249.44386,18.0,Aalborg
2026-09-09 06:00:00+00:00,12.5045,95.0,0.0,999.9838,48.0,22.283262,243.8385,22.319998,Aalborg
2026-09-09 07:00:00+00:00,13.7045,94.0,0.0,1000.28876,67.0,21.733633,243.64186,25.199999,Aalborg
2026-09-09 08:00:00+00:00,15.054501,90.0,0.0,1000.6946,66.0,21.280672,254.7034,30.599998,Aalborg
2026-09-09 09:00:00+00:00,16.154501,85.0,0.0,1000.79944,83.0,24.051619,267.90988,28.44,Aalborg
2026-09-09 10:00:00+00:00,17.154501,82.0,0.0,1000.80383,82.0,23.603369,275.11722,30.960001,Aalborg
2026-09-09 11:00:00+00:00,16.8045,81.0,0.3,1001.2018,88.0,22.29224,271.80396,34.56,Aalborg
2026-09-09 12:00:00+00:00,17.154501,73.0,0.0,1001.5029,82.0,23.860819,269.57874,34.56,Aalborg
2026-09-09 13:00:00+00:00,17.7045,71.0,0.0,1001.60535,56.0,27.864437,278.69122,37.8,Aalborg
2026-09-09 14:00:00+00:00,17.3045,68.0,0.0,1002.0029,24.0,29.679348,279.18384,39.6,Aalborg
2026-09-09 15:00:00+00:00,16.8545,64.0,0.0,1002.20074,44.0,36.08916,274.74042,44.639996,Aalborg
2026-09-09 16:00:00+00:00,15.9045,66.0,0.0,1002.5958,76.0,37.336285,282.20755,45.719997,Aalborg
2026-09-09 17:00:00+00:00,15.2545,66.0,0.0,1002.7928,31.0,32.809616,270.61276,45.719997,Aalborg
2026-09-09 18:00:00+00:00,14.304501,71.0,0.0,1003.088,16.0,29.998611,256.12628,43.92,Aalborg
2026-09-09 19:00:00+00:00,13.3545,77.0,0.0,1003.1835,31.0,29.796827,252.52513,33.48,Aalborg
2026-09-09 20:00:00+00:00,13.054501,81.0,0.0,1003.382,71.0,35.389835,260.58444,32.399998,Aalborg
2026-09-09 21:00:00+00:00,13.2045,82.0,0.0,1003.78204,8.0,30.146,315.23578,31.319998,Aalborg
2026-09-09 22:00:00+00:00,13.3545,76.0,0.0,1004.58167,1.0,24.336594,338.42862,23.4,Aalborg
2026-09-09 23:00:00+00:00,12.4045,81.0,0.0,1005.476,1.0,20.577688,320.88245,24.119999,Aalborg
2026-09-10 00:00:00+00:00,11.9045,84.0,0.0,1006.67224,0.0,18.932348,327.4881,12.959999,Aalborg
2026-09-10 01:00:00+00:00,12.0045,87.0,0.0,1007.47144,12.0,18.909573,332.95956,12.959999,Aalborg
2026-09-10 02:00:00+00:00,11.7045,88.0,0.0,1008.1693,47.0,16.564222,331.5349,12.24,Aalborg
2026-09-10 03:00:00+00:00,11.4045,89.0,0.0,1008.6671,38.0,13.417621,332.76492,10.799999,Aalborg
2026-09-10 04:00:00+00:00,10.8545,89.0,0.0,1009.2638,1.0,6.9205327,300.46545,10.440001,Aalborg
2026-09-10 05:00:00+00:00,10.5045,87.0,0.0,1009.6617,12.0,15.459854,260.85843,10.440001,Aalborg
2026-09-10 06:00:00+00:00,10.2545,87.0,0.0,1010.2596,15.0,12.301006,273.27042,10.799999,Aalborg
2026-09-10 07:00:00+00:00,12.2545,82.0,0.0,1010.8683,14.0,14.348791,281.9969,11.879999,Aalborg
2026-09-10 08:00:00+00:00,13.7045,64.0,0.0,1011.57404,22.0,13.513625,299.56024,16.199999,Aalborg
2026-09-10 09:00:00+00:00,15.3545,60.0,0.0,1011.5816,49.0,15.677332,301.73346,26.64,Aalborg
2026-09-10 10:00:00+00:00,15.9545,56.0,0.0,1011.8841,42.0,14.9280815,293.55228,29.16,Aalborg
2026-09-10 11:00:00+00:00,16.654501,52.0,0.0,1012.58636,67.0,15.109455,282.7453,29.16,Aalborg
2026-09-10 12:00:00+00:00,17.1045,53.0,0.0,1012.98773,50.0,17.017918,270.0,31.68,Aalborg
2026-09-10 13:00:00+00:00,16.904501,55.0,0.0,1013.68585,39.0,21.590834,268.13742,33.839996,Aalborg
2026-09-10 14:00:00+00:00,16.5545,54.0,0.0,1014.2835,59.0,24.087423,273.75848,37.44,Aalborg
2026-09-10 15:00:00+00:00,16.5045,57.0,0.0,1014.2835,72.0,22.632755,270.44412,36.0,Aalborg
2026-09-10 16:00:00+00:00,16.1045,60.0,0.0,1014.28156,77.0,22.123148,267.7276,34.2,Aalborg
2026-09-10 17:00:00+00:00,15.3545,59.0,0.0,1014.2781,84.0,20.526768,270.0,28.44,Aalborg
2026-09-10 18:00:00+00:00,14.5045,64.0,0.0,1014.574,77.0,18.101208,266.66623,25.199999,Aalborg
2026-09-10 19:00:00+00:00,13.4545,70.0,0.0,1014.7688,100.0,13.111317,257.6375,18.359999,Aalborg
2026-09-10 20:00:00+00:00,12.304501,76.0,0.0,1014.7635,100.0,17.050444,229.59062,14.4,Aalborg
2026-09-10 21:00:00+00:00,11.6545,80.0,0.0,1015.0599,97.0,21.505123,221.36172,15.84,Aalborg
2026-09-10 22:00:00+00:00,11.2545,82.0,0.0,1014.7583,86.0,22.59669,211.34515,18.359999,Aalborg
2026-09-10 23:00:00+00:00,10.6545,82.0,0.0,1014.75555,56.0,23.391817,204.83514,18.359999,Aalborg
2026-09-11 00:00:00+00:00,10.4545,81.0,0.0,1014.6547,56.0,25.154436,190.44777,19.8,Aalborg
2026-09-11 01:00:00+00:00,10.5045,81.0,0.0,1014.55524,100.0,25.53155,190.69217,22.319998,Aalborg
2026-09-11 02:00:00+00:00,10.7045,81.0,0.0,1014.3563,100.0,26.640116,186.04842,21.599998,Aalborg
2026-09-11 03:00:00+00:00,10.6545,83.0,0.0,1013.75684,99.0,28.4482,182.47415,21.24,Aalborg
2026-09-11 04:00:00+00:00,10.804501,81.0,0.0,1013.5581,100.0,29.303616,181.02913,25.199999,Aalborg
2026-09-11 05:00:00+00:00,11.3545,80.0,0.0,1013.1612,84.0,29.62485,185.77803,28.08,Aalborg
2026-09-11 06:00:00+00:00,12.0045,82.0,0.0,1012.9642,100.0,28.843082,189.80603,29.16,Aalborg
2026-09-11 07:00:00+00:00,12.804501,82.0,0.0,1013.068,100.0,28.977762,194.37282,29.16,Aalborg
2026-09-11 08:00:00+00:00,13.6545,82.0,0.0,1013.0721,97.0,25.966671,197.70052,29.16,Aalborg
2026-09-11 09:00:00+00:00,14.7545,83.0,0.2,1013.4763,96.0,21.625017,183.72124,27.359999,Aalborg
2026-09-11 10:00:00+00:00,15.6045,88.0,0.5,1013.78,100.0,24.287855,184.55733,27.0,Aalborg
2026-09-11 11:00:00+00:00,16.154501,90.0,0.2,1013.9823,99.0,25.804956,181.94804,28.44,Aalborg
2026-09-11 12:00:00+00:00,16.2045,84.0,0.0,1013.88245,100.0,29.923098,187.74994,28.08,Aalborg
2026-09-11 13:00:00+00:00,16.0545,88.0,0.8,1014.18146,100.0,30.655775,185.25371,28.8,Aalborg
2026-09-11 14:00:00+00:00,15.9045,91.0,1.0,1013.981,100.0,28.826002,183.48926,26.28,Aalborg
2026-09-11 15:00:00+00:00,15.7545,86.0,0.2,1014.0803,99.0,30.315014,192.02525,33.48,Aalborg
2026-09-11 16:00:00+00:00,16.1045,87.0,0.0,1014.1817,100.0,27.639845,208.84256,34.2,Aalborg
2026-09-11 17:00:00+00:00,16.1045,90.0,0.0,1014.58124,96.0,25.977928,221.44064,33.12,Aalborg
2026-09-11 18:00:00+00:00,15.9045,93.0,0.0,1015.2793,88.0,24.19389,224.11868,29.16,Aalborg
2026-09-11 19:00:00+00:00,15.554501,96.0,0.0,1015.87695,98.0,21.665545,238.24055,24.119999,Aalborg
2026-09-11 20:00:00+00:00,15.1545,97.0,0.0,1016.3744,100.0,21.921883,257.52094,21.599998,Aalborg
2026-09-11 21:00:00+00:00,15.2545,93.0,0.0,1016.475,99.0,22.298454,267.74548,22.319998,Aalborg
2026-09-11 22:00:00+00:00,15.1045,93.0,0.0,1016.7738,84.0,21.800093,266.3087,23.039999,Aalborg
2026-09-11 23:00:00+00:00,14.6545,92.0,0.0,1016.8716,45.0,23.02578,266.50543,23.759998,Aalborg
2026-09-12 00:00:00+00:00,13.9545,95.0,0.0,1016.66864,7.0,24.742985,268.78116,19.08,Aalborg
2026-09-12 01:00:00+00:00,13.3545,95.0,0.0,1016.8655,41.0,23.876295,267.89453,21.96,Aalborg
2026-09-12 02:00:00+00:00,13.1545,96.0,0.0,1016.96436,93.0,23.344398,268.27737,22.319998,Aalborg
2026-09-12 03:00:00+00:00,12.7045,96.0,0.0,1016.66284,42.0,23.413517,265.2721,23.4,Aalborg
2026-09-12 04:00:00+00:00,12.2545,96.0,0.0,1016.66064,8.0,21.713087,257.87292,21.96,Aalborg
2026-09-12 05:00:00+00:00,11.7545,97.0,0.0,1016.8582,61.0,21.488657,256.3041,19.08,Aalborg
2026-09-12 06:00:00+00:00,11.9045,95.0,0.0,1017.3582,49.0,21.75062,250.68805,20.16,Aalborg
2026-09-12 07:00:00+00:00,13.1045,90.0,0.0,1017.863,60.0,22.90314,247.95404,21.24,Aalborg
2026-09-12 08:00:00+00:00,14.4045,84.0,0.0,1017.6693,64.0,20.756407,247.11932,23.039999,Aalborg
2026-09-12 09:00:00+00:00,15.804501,80.0,0.0,1017.4762,81.0,20.007362,243.43501,25.919998,Aalborg
2026-09-12 10:00:00+00:00,17.0545,76.0,0.0,1016.88245,89.0,20.01044,238.2609,23.759998,Aalborg
2026-09-12 11:00:00+00:00,17.5545,73.0,0.0,1016.4855,100.0,18.634104,217.73311,28.08,Aalborg
2026-09-12 12:00:00+00:00,17.8545,79.0,0.0,1015.8875,100.0,22.527796,217.40543,31.68,Aalborg
2026-09-12 13:00:00+00:00,16.4545,81.0,0.0,1015.5815,99.0,24.56821,226.15724,33.48,Aalborg
2026-09-12 14:00:00+00:00,16.8545,82.0,0.0,1015.1839,93.0,23.12715,232.08684,30.599998,Aalborg
2026-09-12 15:00:00+00:00,16.654501,84.0,0.0,1014.88336,100.0,21.10712,207.20393,29.16,Aalborg
2026-09-12 16:00:00+00:00,16.2045,85.0,0.2,1014.18207,100.0,27.52155,199.35909,28.8,Aalborg
2026-09-12 17:00:00+00:00,15.554501,88.0,0.6,1013.8796,100.0,32.13663,200.1168,29.519999,Aalborg
2026-09-12 18:00:00+00:00,15.054501,93.0,0.6,1013.37805,100.0,35.18179,204.13655,34.2,Aalborg
2026-09-12 19:00:00+00:00,14.9045,94.0,0.2,1012.3787,100.0,35.941734,205.43925,33.12,Aalborg
2026-09-12 20:00:00+00:00,14.804501,93.0,0.2,1012.1783,100.0,32.369965,220.16335,39.96,Aalborg
2026-09-12 21:00:00+00:00,14.6545,91.0,0.1,1011.7782,100.0,26.776104,230.05028,36.36,Aalborg
2026-09-12 22:00:00+00:00,14.554501,93.0,0.0,1011.37836,100.0,24.211695,233.54518,31.68,Aalborg
2026-09-12 23:00:00+00:00,14.6545,95.0,0.0,1011.4786,100.0,24.14741,234.46223,26.28,Aalborg
2026-09-13 00:00:00+00:00,14.9045,97.0,0.0,1011.38007,100.0,23.137794,238.96179,23.759998,Aalborg
2026-09-13 01:00:00+00:00,15.2045,96.0,0.0,1011.3813,100.0,21.992676,248.96242,22.68,Aalborg
2026-09-13 02:00:00+00:00,15.3545,97.0,0.0,1011.5816,97.0,21.50226,248.45895,23.4,Aalborg
2026-09-13 03:00:00+00:00,15.0045,98.0,0.0,1010.6812,74.0,23.695126,252.77243,16.919998,Aalborg
2026-09-13 04:00:00+00:00,15.1045,98.0,0.0,1010.9814,100.0,23.235365,255.12427,21.96,Aalborg
2026-09-13 05:00:00+00:00,15.304501,97.0,0.0,1011.3816,100.0,24.935059,256.15927,21.599998,Aalborg
2026-09-13 06:00:00+00:00,15.304501,95.0,0.0,1011.48145,100.0,27.129555,275.19434,25.199999,Aalborg
2026-09-13 07:00:00+00:00,15.2045,88.0,0.0,1011.8806,74.0,27.117073,282.32776,33.839996,Aalborg
2026-09-13 08:00:00+00:00,15.4545,80.0,0.0,1012.08167,35.0,28.381578,283.95038,34.2,Aalborg
2026-09-13 09:00:00+00:00,15.9045,71.0,0.0,1012.6827,28.0,29.959593,284.93146,37.8,Aalborg
2026-09-13 10:00:00+00:00,16.5045,68.0,0.0,1013.18494,61.0,28.534086,286.42938,37.8,Aalborg
2026-09-13 11:00:00+00:00,16.7545,65.0,0.0,1013.3857,68.0,28.551882,283.86548,38.16,Aalborg
2026-09-13 12:00:00+00:00,17.154501,63.0,0.0,1013.28766,68.0,27.007885,276.3401,42.12,Aalborg
2026-09-13 13:00:00+00:00,17.0045,59.0,0.0,1013.4868,71.0,28.403265,276.02744,42.839996,Aalborg
2026-09-13 14:00:00+00:00,17.0045,59.0,0.0,1013.38696,86.0,27.775373,273.6214,41.760002,Aalborg
2026-09-13 15:00:00+00:00,16.7545,61.0,0.0,1013.08606,75.0,28.456314,272.82706,37.44,Aalborg
2026-09-13 16:00:00+00:00,16.5045,65.0,0.0,1013.2848,86.0,23.376022,273.44214,36.0,Aalborg
2026-09-13 17:00:00+00:00,15.9545,72.0,0.0,1013.482,91.0,24.842304,264.7324,33.839996,Aalborg
2026-09-13 18:00:00+00:00,15.6045,78.0,0.0,1013.78,79.0,25.090725,263.17322,27.72,Aalborg
2026-09-13 19:00:00+00:00,14.8545,81.0,0.0,1014.3758,34.0,24.602013,266.72958,23.759998,Aalborg
2026-09-13 20:00:00+00:00,14.1545,86.0,0.0,1014.5724,2.0,23.700972,272.12103,21.599998,Aalborg
2026-09-13 21:00:00+00:00,13.0045,91.0,0.0,1015.0663,2.0,23.695127,271.6971,14.4,Aalborg
2026-09-13 22:00:00+00:00,12.5045,93.0,0.0,1015.46344,5.0,25.644024,272.7449,16.199999,Aalborg
2026-09-13 23:00:00+00:00,12.2045,94.0,0.0,1015.8614,7.0,25.220425,281.23172,16.56,Aalborg
2026-09-14 00:00:00+00:00,11.9045,94.0,0.0,1015.96,18.0,23.192934,280.45984,15.119999,Aalborg
2026-09-14 01:00:00+00:00,11.804501,94.0,0.0,1016.45874,67.0,24.663242,278.59113,15.4800005,Aalborg
2026-09-14 02:00:00+00:00,11.3545,94.0,0.0,1016.7564,56.0,23.853075,279.73938,19.08,Aalborg
2026-09-14 03:00:00+00:00,11.054501,94.0,0.0,1017.1543,71.0,24.160791,275.8347,17.64,Aalborg
2026-09-14 04:00:00+00:00,10.8545,93.0,0.0,1017.1534,97.0,22.862112,273.96024,15.84,Aalborg
2026-09-14 05:00:00+00:00,10.7545,91.0,0.0,1017.5525,63.0,24.935059,267.58054,18.359999,Aalborg
2026-09-14 06:00:00+00:00,11.1545,84.0,0.0,1018.0538,73.0,25.994513,267.29214,20.880001,Aalborg
2026-09-14 07:00:00+00:00,12.6545,78.0,0.0,1018.2605,64.0,24.9153,270.80692,24.48,Aalborg
2026-09-14 08:00:00+00:00,14.0045,72.0,0.0,1018.56647,87.0,28.042818,280.81778,32.760002,Aalborg
2026-09-14 09:00:00+00:00,15.1545,65.0,0.0,1018.87115,95.0,28.734562,282.33908,34.92,Aalborg
2026-09-14 10:00:00+00:00,15.8545,64.0,0.0,1019.174,88.0,24.842304,280.99246,36.36,Aalborg
2026-09-14 11:00:00+00:00,16.154501,64.0,0.0,1019.3753,100.0,24.39218,271.2364,36.0,Aalborg
2026-09-14 12:00:00+00:00,16.4545,66.0,0.0,1019.4764,100.0,21.941534,268.1672,36.0,Aalborg
2026-09-14 13:00:00+00:00,16.3545,64.0,0.0,1019.27606,89.0,22.325354,273.60434,34.56,Aalborg
2026-09-14 14:00:00+00:00,16.7045,64.0,0.0,1019.5773,88.0,22.093216,282.38074,32.039997,Aalborg
2026-09-14 15:00:00+00:00,16.5545,64.0,0.0,1019.47675,87.0,18.087599,278.36578,29.88,Aalborg
2026-09-14 16:00:00+00:00,16.6045,67.0,0.0,1019.17755,87.0,13.877709,267.10147,24.48,Aalborg
2026-09-14 17:00:00+00:00,16.2045,73.0,0.0,1018.9758,82.0,12.205551,251.56496,20.16,Aalborg
2026-09-14 18:00:00+00:00,15.3545,78.0,0.0,1018.7722,89.0,13.503372,245.43285,11.159999,Aalborg
2026-09-14 19:00:00+00:00,14.7045,79.0,0.0,1018.8693,86.0,18.87128,227.26053,11.5199995,Aalborg
2026-09-14 20:00:00+00:00,14.1045,83.0,0.0,1018.8664,65.0,19.543533,220.26648,13.32,Aalborg
2026-09-14 21:00:00+00:00,13.9045,84.0,0.0,1018.66565,85.0,21.264032,213.55898,15.119999,Aalborg
2026-09-14 22:00:00+00:00,13.6045,84.0,0.0,1018.26495,87.0,22.33707,212.81635,15.84,Aalborg
2026-09-14 23:00:00+00:00,13.2545,84.0,0.0,1017.5642,50.0,23.391817,201.56207,15.84,Aalborg
2026-09-15 00:00:00+00:00,12.804501,85.0,0.0,1017.0627,93.0,23.952875,185.04236,17.28,Aalborg
2026-09-15 01:00:00+00:00,12.7545,83.0,0.0,1016.563,99.0,24.571968,181.63654,19.44,Aalborg
2026-09-15 02:00:00+00:00,13.1545,82.0,0.0,1016.16547,99.0,25.967855,180.7742,21.24,Aalborg
2026-09-15 03:00:00+00:00,13.2545,83.0,0.0,1015.16736,99.0,25.674612,176.08183,21.24,Aalborg
2026-09-15 04:00:00+00:00,13.4545,82.0,0.0,1014.2695,100.0,27.100039,175.54448,24.119999,Aalborg
2026-09-15 05:00:00+00:00,13.554501,83.0,0.0,1013.5708,100.0,27.733786,178.18748,28.44,Aalborg
2026-09-15 06:00:00+00:00,14.054501,84.0,0.0,1012.97375,93.0,28.49955,184.23631,29.16,Aalborg
2026-09-15 07:00:00+00:00,14.7545,84.0,0.0,1012.67737,100.0,28.439001,189.22981,29.88,Aalborg
2026-09-15 08:00:00+00:00,16.1045,82.0,0.0,1011.98456,97.0,22.929998,170.75397,32.399998,Aalborg
2026-09-15 09:00:00+00:00,17.404501,84.0,0.0,1011.2912,97.0,28.10586,177.13765,33.48,Aalborg
2026-09-15 10:00:00+00:00,18.2045,86.0,0.0,1010.5959,100.0,30.942102,192.77547,34.92,Aalborg
2026-09-15 11:00:00+00:00,18.904501,83.0,0.0,1009.60046,100.0,31.692987,196.7297,37.079998,Aalborg
2026-09-15 12:00:00+00:00,19.5045,84.0,0.0,1008.60425,100.0,29.848946,198.86102,37.44,Aalborg
2026-09-15 13:00:00+00:00,20.0045,83.0,0.0,1008.10706,100.0,28.974043,200.19067,39.6,Aalborg
2026-09-15 14:00:00+00:00,20.654501,86.0,0.0,1007.71045,96.0,33.996475,208.68115,41.399998,Aalborg
2026-09-15 15:00:00+00:00,20.654501,92.0,0.0,1007.1112,92.0,33.918068,204.44394,38.88,Aalborg
2026-09-15 16:00:00+00:00,19.654501,94.0,0.1,1006.6074,100.0,36.255512,207.68097,40.68,Aalborg
2026-09-15 17:00:00+00:00,18.8045,93.0,0.0,1006.2041,100.0,33.97655,212.1308,41.399998,Aalborg
2026-09-15 18:00:00+00:00,18.4545,93.0,0.0,1005.7032,100.0,38.45433,210.4257,41.039997,Aalborg
2026-09-15 19:00:00+00:00,17.9545,94.0,0.2,1005.5012,100.0,41.046787,220.84027,45.719997,Aalborg
2026-09-15 20:00:00+00:00,17.7545,94.0,0.2,1005.6002,100.0,37.28307,234.96373,42.12,Aalborg
2026-09-15 21:00:00+00:00,16.654501,88.0,0.1,1005.69525,99.0,34.186527,246.72417,47.88,Aalborg
2026-09-15 22:00:00+00:00,15.2045,84.0,0.0,1005.5888,100.0,33.128445,241.53493,46.44,Aalborg
2026-09-15 23:00:00+00:00,14.554501,83.0,0.0,1004.9867,98.0,34.817707,240.07616,43.92,Aalborg
2026-09-16 00:00:00+00:00,14.1045,86.0,0.0,1004.98456,64.0,33.96523,236.80243,41.399998,Aalborg
2026-09-16 01:00:00+00:00,14.054501,86.0,0.0,1005.0841,84.0,31.95221,241.46495,37.44,Aalborg
2026-09-16 02:00:00+00:00,13.9545,89.0,0.0,1004.8841,76.0,31.468822,244.5779,33.839996,Aalborg
2026-09-16 03:00:00+00:00,13.9545,84.0,0.0,1004.4846,95.0,29.606142,245.86514,39.239998,Aalborg
2026-09-16 04:00:00+00:00,13.4545,81.0,0.0,1004.5822,94.0,28.740452,252.22859,39.239998,Aalborg
2026-09-16 05:00:00+00:00,12.9545,82.0,0.0,1004.5797,88.0,28.592813,259.03485,38.88,Aalborg
2026-09-16 06:00:00+00:00,13.1545,84.0,0.0,1004.68054,20.0,32.513702,254.98886,39.6,Aalborg
2026-09-16 07:00:00+00:00,13.804501,80.0,0.0,1004.9832,31.0,28.897455,254.86687,42.839996,Aalborg
2026-09-16 08:00:00+00:00,14.6545,78.0,0.0,1005.1868,59.0,32.80211,264.16754,42.48,Aalborg
2026-09-16 09:00:00+00:00,15.5045,75.0,0.0,1005.1906,78.0,35.66707,266.8984,42.48,Aalborg
2026-09-16 10:00:00+00:00,16.154501,71.0,0.0,1005.1937,70.0,35.200596,265.42615,43.56,Aalborg
2026-09-16 11:00:00+00:00,16.404501,69.0,0.0,1004.8951,89.0,37.94468,267.08475,46.8,Aalborg
2026-09-16 12:00:00+00:00,17.0545,68.0,0.0,1004.898,91.0,36.68258,268.35562,46.079998,Aalborg
2026-09-16 13:00:00+00:00,16.7045,70.0,0.0,1005.09607,86.0,35.501858,266.60034,47.88,Aalborg
2026-09-16 14:00:00+00:00,16.654501,71.0,0.0,1004.8963,73.0,34.42832,263.56317,48.96,Aalborg
2026-09-16 15:00:00+00:00,16.5545,71.0,0.0,1004.696,93.0,36.232162,263.04712,49.68,Aalborg
2026-09-16 16:00:00+00:00,16.0545,73.0,0.0,1004.3942,94.0,35.106907,263.9761,49.68,Aalborg
2026-09-16 17:00:00+00:00,15.1045,74.0,0.0,1004.19025,93.0,35.166042,263.12326,48.96,Aalborg
2026-09-16 18:00:00+00:00,14.2045,73.0,0.0,1004.4858,97.0,35.088932,264.261,49.68,Aalborg
2026-09-16 19:00:00+00:00,13.6545,75.0,0.0,1004.7829,82.0,34.801346,266.53183,52.92,Aalborg
2026-09-16 20:00:00+00:00,13.1545,77.0,0.0,1004.7804,71.0,34.791172,266.82022,53.28,Aalborg
2026-09-16 21:00:00+00:00,12.9045,75.0,0.0,1004.87933,63.0,33.34376,263.95953,50.039997,Aalborg
2026-09-16 22:00:00+00:00,12.804501,76.0,0.0,1005.0785,77.0,32.578014,262.26273,50.399998,Aalborg
2026-09-16 23:00:00+00:00,12.554501,76.0,0.0,1004.7775,96.0,32.685547,263.21838,51.48,Aalborg
2026-09-17 00:00:00+00:00,12.5045,81.0,0.0,1004.6777,99.0,32.938828,260.18655,51.839996,Aalborg
2026-09-17 01:00:00+00:00,12.4545,85.0,0.3,1004.5776,71.0,32.40418,262.22095,45.719997,Aalborg
2026-09-17 02:00:00+00:00,12.1545,81.0,0.0,1004.4764,36.0,29.831924,259.15268,41.039997,Aalborg
2026-09-17 03:00:00+00:00,11.3545,79.0,0.0,1004.3728,22.0,29.06685,254.95714,39.6,Aalborg
2026-09-17 04:00:00+00:00,10.804501,79.0,0.0,1004.3703,54.0,27.207727,249.22766,31.319998,Aalborg
2026-09-17 05:00:00+00:00,10.6045,87.0,0.1,1004.4692,49.0,27.78036,244.56781,31.319998,Aalborg
2026-09-17 06:00:00+00:00,10.6545,92.0,0.0,1004.3693,67.0,25.014551,237.31306,23.759998,Aalborg
2026-09-17 07:00:00+00:00,10.9545,88.0,0.0,1004.17114,100.0,23.406944,229.86458,24.48,Aalborg
2026-09-17 08:00:00+00:00,11.554501,82.0,0.0,1004.07416,100.0,22.833147,205.97433,22.319998,Aalborg
2026-09-17 09:00:00+00:00,14.1545,78.0,0.0,1003.78644,100.0,23.257214,196.65793,21.599998,Aalborg
2026-09-17 10:00:00+00:00,15.3545,81.0,0.1,1003.3923,100.0,27.92237,202.53683,30.239998,Aalborg
2026-09-17 11:00:00+00:00,15.6545,90.0,0.3,1002.7943,100.0,30.230118,208.79613,30.599998,Aalborg
2026-09-17 12:00:00+00:00,16.4545,86.0,0.0,1002.5983,100.0,30.706942,209.0545,34.2,Aalborg
2026-09-17 13:00:00+00:00,16.7545,85.0,0.0,1002.3,100.0,29.907665,211.07898,33.12,Aalborg
2026-09-17 14:00:00+00:00,16.1045,85.0,0.1,1001.8977,100.0,27.3133,205.08356,33.12,Aalborg
2026-09-17 15:00:00+00:00,15.1545,93.0,1.0,1001.19415,100.0,28.475775,202.45699,32.039997,Aalborg
2026-09-17 16:00:00+00:00,15.1045,94.0,0.7,1000.595,100.0,28.084497,202.39964,30.599998,Aalborg
2026-09-17 17:00:00+00:00,14.7045,94.0,0.1,1000.0939,100.0,28.115715,201.6023,28.8,Aalborg
2026-09-17 18:00:00+00:00,14.2545,94.0,0.2,999.5922,100.0,29.349274,198.1101,30.960001,Aalborg
2026-09-17 19:00:00+00:00,14.2545,94.0,0.5,999.0929,100.0,28.796623,207.18942,33.839996,Aalborg
2026-09-17 20:00:00+00:00,14.2545,94.0,0.2,999.0929,100.0,30.782028,223.1524,33.839996,Aalborg
2026-09-17 21:00:00+00:00,13.9545,95.0,2.6,999.59106,99.0,29.275768,238.97742,34.56,Aalborg
2026-09-17 22:00:00+00:00,13.554501,95.0,0.0,999.88873,91.0,28.329475,242.32417,32.399998,Aalborg
2026-09-17 23:00:00+00:00,12.9045,89.0,0.0,999.88586,92.0,27.443712,236.20831,30.239998,Aalborg
2026-09-18 00:00:00+00:00,12.4045,90.0,0.0,999.5838,93.0,30.270815,225.46957,25.56,Aalborg
2026-09-18 01:00:00+00:00,11.9545,90.0,0.0,999.78156,58.0,31.95221,221.21542,26.28,Aalborg
2026-09-18 02:00:00+00:00,11.804501,91.0,0.0,999.8806,99.0,33.156303,219.41737,31.319998,Aalborg
2026-09-18 03:00:00+00:00,11.554501,93.0,0.0,999.48016,100.0,33.83448,220.79456,31.319998,Aalborg
2026-09-18 04:00:00+00:00,11.554501,94.0,0.0,999.28046,98.0,34.64933,227.66782,31.319998,Aalborg
2026-09-18 05:00:00+00:00,11.4045,94.0,0.0,999.2795,85.0,33.389885,223.08377,30.960001,Aalborg
2026-09-18 06:00:00+00:00,11.8545,94.0,0.0,999.4814,71.0,32.959373,229.10107,36.0,Aalborg
2026-09-18 07:00:00+00:00,12.5045,93.0,0.0,999.9838,67.0,29.74306,229.54541,33.48,Aalborg
2026-09-18 08:00:00+00:00,13.3545,91.0,0.0,1000.6867,81.0,25.6146,228.888,37.44,Aalborg
2026-09-18 09:00:00+00:00,14.6545,89.0,0.0,1001.09216,90.0,31.852352,250.36731,35.64,Aalborg
2026-09-18 10:00:00+00:00,15.9545,87.0,0.1,1001.29785,82.0,26.091429,237.91296,34.92,Aalborg
2026-09-18 11:00:00+00:00,16.5545,87.0,0.2,1001.6,76.0,27.62202,244.41153,37.8,Aalborg
2026-09-18 12:00:00+00:00,16.3545,82.0,0.0,1001.9985,99.0,31.89484,248.3741,38.88,Aalborg
2026-09-18 13:00:00+00:00,16.5545,84.0,0.1,1002.3989,98.0,35.45891,252.73044,38.16,Aalborg
2026-09-18 14:00:00+00:00,16.2045,79.0,0.1,1002.8967,86.0,36.898846,254.8404,38.519997,Aalborg
2026-09-18 15:00:00+00:00,15.054501,77.0,0.0,1003.5908,99.0,33.790783,254.95355,39.96,Aalborg
2026-09-18 16:00:00+00:00,14.7045,79.0,0.0,1003.68915,59.0,31.462952,250.45354,41.039997,Aalborg
2026-09-18 17:00:00+00:00,14.4545,83.0,0.0,1004.08734,85.0,27.006744,245.43285,35.28,Aalborg
2026-09-18 18:00:00+00:00,14.1045,85.0,0.0,1004.3854,92.0,32.171097,242.73634,32.760002,Aalborg
2026-09-18 19:00:00+00:00,13.6545,88.0,0.0,1004.3834,99.0,29.684532,237.06131,30.960001,Aalborg
2026-09-18 20:00:00+00:00,13.4045,88.0,0.0,1004.4821,100.0,31.018112,225.91656,27.0,Aalborg
2026-09-18 21:00:00+00:00,13.4545,90.0,0.0,1004.5822,100.0,30.890333,224.7699,29.88,Aalborg
2026-09-18 22:00:00+00:00,13.4545,91.0,0.0,1004.0829,100.0,30.64423,224.30421,30.960001,Aalborg
2026-09-18 23:00:00+00:00,13.6045,91.0,0.0,1003.88385,100.0,33.734715,212.03694,34.56,Aalborg
2026-09-19 00:00:00+00:00,13.7045,93.0,0.4,1003.8841,100.0,31.053814,210.18645,38.16,Aalborg
2026-09-19 01:00:00+00:00,13.7545,93.0,0.2,1003.6847,100.0,33.117756,207.78671,40.68,Aalborg
2026-09-19 02:00:00+00:00,13.804501,93.0,0.1,1003.08575,100.0,34.997585,207.46414,36.36,Aalborg
2026-09-19 03:00:00+00:00,13.6045,93.0,0.2,1002.48566,100.0,35.699417,206.56499,39.239998,Aalborg
2026-09-19 04:00:00+00:00,13.8545,93.0,0.2,1002.1869,100.0,34.808865,203.46404,42.12,Aalborg
2026-09-19 05:00:00+00:00,14.054501,94.0,0.2,1001.5887,100.0,35.256954,208.86066,41.760002,Aalborg
2026-09-19 06:00:00+00:00,14.5045,95.0,0.1,1001.8905,100.0,38.14371,221.83041,45.0,Aalborg
2026-09-19 07:00:00+00:00,15.054501,96.0,0.2,1002.1926,100.0,37.34288,225.57097,40.32,Aalborg
2026-09-19 08:00:00+00:00,16.1045,94.0,0.0,1002.4969,100.0,34.024082,222.49225,36.36,Aalborg
2026-09-19 09:00:00+00:00,17.2045,91.0,0.0,1002.5019,99.0,37.730328,218.20216,40.32,Aalborg
2026-09-19 10:00:00+00:00,17.404501,94.0,0.8,1002.4028,100.0,39.845528,223.03737,39.96,Aalborg
2026-09-19 11:00:00+00:00,17.4545,92.0,0.2,1002.7026,100.0,40.938663,224.9999,50.76,Aalborg
2026-09-19 12:00:00+00:00,17.9545,91.0,0.0,1002.4053,100.0,42.470127,231.7098,44.28,Aalborg
2026-09-19 13:00:00+00:00,17.8545,93.0,0.2,1002.20514,100.0,44.136948,237.00478,43.56,Aalborg
2026-09-19 14:00:00+00:00,17.7545,92.0,0.6,1002.4043,100.0,48.706696,247.77698,51.48,Aalborg
2026-09-19 15:00:00+00:00,16.3545,91.0,0.0,1002.49786,97.0,44.930058,248.94635,51.48,Aalborg
2026-09-19 16:00:00+00:00,16.404501,90.0,0.0,1002.69794,100.0,43.183804,249.79803,61.56,Aalborg
2026-09-19 17:00:00+00:00,16.3045,87.0,0.0,1003.0971,100.0,39.571125,250.0385,53.28,Aalborg
2026-09-19 18:00:00+00:00,15.054501,90.0,0.1,1003.5908,100.0,37.536488,249.19313,56.88,Aalborg
2026-09-19 19:00:00+00:00,14.9045,88.0,0.0,1004.28925,100.0,38.399864,252.72397,41.399998,Aalborg
2026-09-19 20:00:00+00:00,14.6045,85.0,0.0,1004.6871,100.0,40.167515,251.40668,41.039997,Aalborg
2026-09-19 21:00:00+00:00,14.6045,87.0,0.0,1005.18646,99.0,35.931454,254.1314,39.239998,Aalborg
2026-09-19 22:00:00+00:00,14.2545,86.0,0.0,1005.38464,96.0,34.42698,256.74274,33.12,Aalborg
2026-09-19 23:00:00+00:00,13.554501,82.0,0.0,1005.68115,93.0,32.447372,258.14328,31.319998,Aalborg
2026-09-20 00:00:00+00:00,13.1045,85.0,0.0,1005.2795,88.0,31.743937,252.96703,28.44,Aalborg
2026-09-20 01:00:00+00:00,12.8545,85.0,0.0,1005.5782,97.0,31.79722,247.96371,26.28,Aalborg
2026-09-20 02:00:00+00:00,12.7045,83.0,0.0,1005.77716,95.0,33.72011,248.64137,27.0,Aalborg
2026-09-20 03:00:00+00:00,12.554501,81.0,0.0,1005.47656,99.0,34.23781,245.79903,29.88,Aalborg
2026-09-20 04:00:00+00:00,12.5045,79.0,0.0,1005.27686,95.0,34.150497,245.4099,36.719997,Aalborg
2026-09-20 05:00:00+00:00,12.554501,76.0,0.0,1004.8774,99.0,35.07489,244.20403,40.32,Aalborg
2026-09-20 06:00:00+00:00,12.4545,76.0,0.0,1004.87714,100.0,35.398094,241.9109,44.28,Aalborg
2026-09-20 07:00:00+00:00,12.554501,77.0,0.0,1004.97723,71.0,36.884666,242.21616,45.719997,Aalborg
2026-09-20 08:00:00+00:00,13.7545,84.0,0.2,1004.78326,73.0,37.188007,249.85515,44.639996,Aalborg
2026-09-20 09:00:00+00:00,14.1545,85.0,0.0,1004.8851,74.0,40.053555,254.5027,43.199997,Aalborg
2026-09-20 10:00:00+00:00,14.4045,82.0,0.4,1005.08575,63.0,38.295116,258.6386,52.92,Aalborg
2026-09-20 11:00:00+00:00,13.7545,79.0,0.0,1005.2826,73.0,32.18831,247.90858,60.120003,Aalborg
2026-09-20 12:00:00+00:00,14.4545,79.0,0.0,1005.3856,95.0,38.148556,263.398,61.56,Aalborg
2026-09-20 13:00:00+00:00,14.8545,85.0,0.9,1005.68713,86.0,39.513523,272.54474,62.639996,Aalborg
2026-09-20 14:00:00+00:00,14.304501,85.0,0.1,1005.88434,100.0,38.915813,274.9137,66.96,Aalborg
2026-09-20 15:00:00+00:00,14.6045,78.0,0.0,1006.58466,71.0,45.350433,281.83154,67.32,Aalborg
2026-09-20 16:00:00+00:00,14.1545,82.0,0.0,1007.18207,92.0,48.45008,282.12372,66.6,Aalborg
2026-09-20 17:00:00+00:00,14.0045,82.0,0.0,1007.9803,65.0,48.33846,284.28845,64.079994,Aalborg
2026-09-20 18:00:00+00:00,14.0045,77.0,0.0,1008.97894,79.0,50.59622,284.66272,69.12,Aalborg
2026-09-20 19:00:00+00:00,13.804501,76.0,0.0,1009.7769,39.0,55.8913,286.78546,70.2,Aalborg
2026-09-20 20:00:00+00:00,13.2045,77.0,0.0,1010.47327,55.0,55.208652,289.29874,73.079994,Aalborg
2026-09-20 21:00:00+00:00,13.2545,77.0,0.0,1010.97284,69.0,54.395653,290.18845,69.12,Aalborg
2026-09-20 22:00:00+00:00,13.5045,74.0,0.0,1011.6729,90.0,55.291378,292.57794,73.439995,Aalborg
2026-09-20 23:00:00+00:00,13.304501,73.0,0.0,1012.2711,23.0,52.692642,294.17554,73.439995,Aalborg
2026-09-21 00:00:00+00:00,12.9045,72.0,0.0,1012.7689,5.0,50.95358,291.61832,68.76,Aalborg
2026-09-21 01:00:00+00:00,12.8545,75.0,0.0,1013.4678,4.0,49.986633,295.5757,63.0,Aalborg
2026-09-21 02:00:00+00:00,12.554501,72.0,0.0,1014.16516,10.0,46.010098,298.71497,63.36,Aalborg
2026-09-21 03:00:00+00:00,12.2045,70.0,0.0,1014.66296,2.0,46.00642,300.47653,62.279995,Aalborg
2026-09-21 04:00:00+00:00,12.2545,71.0,0.0,1015.36237,9.0,45.49342,301.11526,57.96,Aalborg
2026-09-21 05:00:00+00:00,12.1545,71.0,0.0,1015.96124,2.0,43.66544,302.02975,57.96,Aalborg
2026-09-21 06:00:00+00:00,12.2545,70.0,0.0,1016.3611,1.0,40.77405,306.4262,54.719997,Aalborg
2026-09-21 07:00:00+00:00,12.8545,67.0,0.0,1017.3627,2.0,38.66188,309.10645,48.6,Aalborg
2026-09-21 08:00:00+00:00,13.7045,65.0,0.0,1018.0655,0.0,35.43981,307.1536,48.6,Aalborg
2026-09-21 09:00:00+00:00,14.6045,62.0,0.0,1017.9697,2.0,33.56458,308.8469,48.239998,Aalborg
2026-09-21 10:00:00+00:00,15.1045,59.0,0.0,1018.6714,2.0,36.388138,306.37274,48.239998,Aalborg
2026-09-21 11:00:00+00:00,15.4545,55.0,0.0,1019.0726,1.0,34.388515,306.28537,47.88,Aalborg
2026-09-21 12:00:00+00:00,15.804501,54.0,0.0,1019.5735,1.0,27.550611,313.4519,44.639996,Aalborg
2026-09-21 13:00:00+00:00,16.2545,52.0,0.0,1019.77515,1.0,27.550611,313.4519,42.12,Aalborg
2026-09-21 14:00:00+00:00,16.654501,52.0,0.0,1019.8769,0.0,26.806553,313.4089,39.6,Aalborg
2026-09-21 15:00:00+00:00,16.0545,52.0,0.0,1020.3734,3.0,24.441975,314.12762,39.6,Aalborg
2026-09-21 16:00:00+00:00,15.554501,59.0,0.0,1020.77057,2.0,22.92463,305.028,36.36,Aalborg
2026-09-21 17:00:00+00:00,14.7045,66.0,0.0,1021.366,8.0,22.958843,300.28787,31.68,Aalborg
2026-09-21 18:00:00+00:00,14.1545,76.0,0.0,1022.0626,11.0,20.169777,295.2276,22.319998,Aalborg
2026-09-21 19:00:00+00:00,13.1045,84.0,0.0,1022.75653,0.0,19.880812,293.39777,15.4800005,Aalborg
2026-09-21 20:00:00+00:00,12.304501,89.0,0.0,1023.2523,0.0,20.749733,288.74142,14.759999,Aalborg
2026-09-21 21:00:00+00:00,11.8545,92.0,0.0,1023.7493,0.0,21.574429,284.60132,16.199999,Aalborg
2026-09-21 22:00:00+00:00,11.5045,93.0,0.0,1024.0474,0.0,21.701035,284.03625,14.759999,Aalborg
2026-09-21 23:00:00+00:00,11.304501,94.0,0.0,1024.4459,0.0,20.806767,287.67114,14.759999,Aalborg
2026-09-22 00:00:00+00:00,11.1045,94.0,0.0,1024.7445,0.0,17.105415,291.03757,11.879999,Aalborg
2026-09-22 01:00:00+00:00,11.0045,94.0,0.0,1024.7443,0.0,16.703928,287.1028,10.799999,Aalborg
2026-09-22 02:00:00+00:00,10.554501,95.0,0.0,1025.0416,0.0,17.089212,289.1791,10.799999,Aalborg
2026-09-22 03:00:00+00:00,10.4045,95.0,0.0,1024.8412,0.0,15.116585,291.80148,9.0,Aalborg
2026-09-22 04:00:00+00:00,10.054501,95.0,0.0,1025.2388,1.0,12.673213,291.94876,8.28,Aalborg
2026-09-22 05:00:00+00:00,9.3545,94.0,0.0,1025.5352,4.0,12.255884,283.24054,7.92,Aalborg
2026-09-22 06:00:00+00:00,9.0045,92.0,0.0,1026.1328,15.0,10.737882,265.31418,8.28,Aalborg
2026-09-22 07:00:00+00:00,11.0045,88.0,0.0,1026.3422,16.0,11.787331,265.73218,8.64,Aalborg
2026-09-22 08:00:00+00:00,12.0045,83.0,0.0,1026.5463,51.0,9.415231,243.43501,10.440001,Aalborg
2026-09-22 09:00:00+00:00,14.4045,76.0,0.0,1026.4579,42.0,8.759832,237.26477,13.32,Aalborg
2026-09-22 10:00:00+00:00,16.2545,62.0,0.0,1026.6663,82.0,9.4949875,242.48808,17.64,Aalborg
2026-09-22 11:00:00+00:00,17.404501,54.0,0.0,1026.6714,74.0,12.085172,242.31903,20.519999,Aalborg
2026-09-22 12:00:00+00:00,17.5045,51.0,0.0,1026.8717,73.0,15.08091,240.75127,26.64,Aalborg
2026-09-22 13:00:00+00:00,17.4545,55.0,0.0,1026.5718,65.0,15.2311945,245.50145,27.72,Aalborg
2026-09-22 14:00:00+00:00,17.404501,55.0,0.0,1026.3717,32.0,16.0987,249.59003,27.72,Aalborg
2026-09-22 15:00:00+00:00,17.404501,58.0,0.0,1026.2719,25.0,17.341312,258.91748,29.519999,Aalborg
2026-09-22 16:00:00+00:00,16.654501,63.0,0.0,1025.969,74.0,16.012428,265.60138,28.8,Aalborg
2026-09-22 17:00:00+00:00,15.7045,73.0,0.0,1025.7648,71.0,15.45488,267.3975,23.4,Aalborg
2026-09-22 18:00:00+00:00,15.054501,82.0,0.0,1025.5621,1.0,15.124728,266.00916,17.64,Aalborg
2026-09-22 19:00:00+00:00,14.7545,86.0,0.0,1025.8601,1.0,17.450132,260.15894,12.24,Aalborg
2026-09-22 20:00:00+00:00,14.5045,85.0,0.0,1025.9591,28.0,18.484844,253.45694,9.36,Aalborg
2026-09-22 21:00:00+00:00,14.2545,86.0,0.0,1025.5582,82.0,18.93641,246.52258,13.679999,Aalborg
2026-09-22 22:00:00+00:00,14.1545,86.0,0.0,1025.1586,98.0,19.152178,245.07826,15.84,Aalborg
2026-09-22 23:00:00+00:00,14.2045,87.0,0.0,1024.8591,100.0,19.630749,245.72557,16.199999,Aalborg
2026-09-23 00:00:00+00:00,14.304501,88.0,0.0,1024.2603,99.0,18.955908,239.4001,15.84,Aalborg
2026-09-23 01:00:00+00:00,14.2545,90.0,0.0,1023.9604,99.0,19.71992,246.3998,16.919998,Aalborg
2026-09-23 02:00:00+00:00,14.3545,93.0,0.0,1023.7613,100.0,19.544321,245.04529,18.359999,Aalborg
2026-09-23 03:00:00+00:00,14.554501,95.0,0.0,1023.16296,100.0,19.563211,240.44641,18.359999,Aalborg
2026-09-23 04:00:00+00:00,14.6045,95.0,0.0,1022.46387,100.0,20.176645,241.4294,15.4800005,Aalborg
2026-09-23 05:00:00+00:00,14.554501,96.0,0.0,1021.96454,100.0,20.550745,238.61685,18.359999,Aalborg
2026-09-23 06:00:00+00:00,14.6545,97.0,0.0,1021.6653,100.0,17.684916,233.47105,21.24,Aalborg
2026-09-23 07:00:00+00:00,14.9545,96.0,0.0,1021.46686,100.0,17.590677,231.07245,21.599998,Aalborg
2026-09-23 08:00:00+00:00,15.4045,95.0,0.0,1021.06964,100.0,17.298664,233.24623,22.319998,Aalborg
2026-09-23 09:00:00+00:00,15.6545,94.0,0.0,1020.6711,100.0,21.784555,239.51114,23.039999,Aalborg
2026-09-23 10:00:00+00:00,16.2545,92.0,0.0,1020.1746,100.0,19.703522,245.26051,22.68,Aalborg
2026-09-23 11:00:00+00:00,16.8545,93.0,0.0,1019.57825,100.0,18.050123,244.68034,24.119999,Aalborg
2026-09-23 12:00:00+00:00,17.5045,90.0,0.0,1018.78217,100.0,20.61057,239.28725,24.48,Aalborg
2026-09-23 13:00:00+00:00,18.3545,86.0,0.0,1018.087,100.0,17.194258,233.71463,25.919998,Aalborg
2026-09-23 14:00:00+00:00,18.0545,85.0,0.0,1017.18677,100.0,17.126095,217.92653,24.84,Aalborg
2026-09-23 15:00:00+00:00,17.9545,83.0,0.0,1016.48706,97.0,15.424974,213.87085,25.56,Aalborg
2026-09-23 16:00:00+00:00,17.8545,90.0,0.6,1015.488,100.0,15.646871,197.62239,25.199999,Aalborg
2026-09-23 17:00:00+00:00,17.5045,92.0,2.2,1014.48773,100.0,19.34964,184.15956,20.16,Aalborg
2026-09-23 18:00:00+00:00,17.0045,92.0,0.3,1013.38696,100.0,23.267136,203.08516,29.519999,Aalborg
2026-09-23 19:00:00+00:00,16.3545,89.0,0.7,1012.68463,100.0,25.658422,207.2658,35.28,Aalborg
2026-09-23 20:00:00+00:00,15.054501,94.0,0.4,1011.5804,100.0,26.340336,193.48091,27.359999,Aalborg
2026-09-23 21:00:00+00:00,14.7045,94.0,1.1,1011.07947,100.0,28.403265,186.02744,27.72,Aalborg
2026-09-23 22:00:00+00:00,14.304501,94.0,1.1,1010.47833,100.0,26.688023,182.26045,25.919998,Aalborg
2026-09-23 23:00:00+00:00,14.1545,95.0,0.6,1009.6788,100.0,23.02578,176.50543,24.48,Aalborg
2026-09-24 00:00:00+00:00,14.1545,96.0,0.3,1009.2793,100.0,22.808193,180.44072,25.199999,Aalborg
2026-09-24 01:00:00+00:00,14.054501,96.0,0.4,1009.07886,100.0,18.977003,199.44012,22.319998,Aalborg
2026-09-24 02:00:00+00:00,13.9045,96.0,0.1,1008.87854,100.0,13.418768,221.82008,26.28,Aalborg
2026-09-24 03:00:00+00:00,13.6045,94.0,0.0,1008.67755,100.0,10.597944,250.6651,22.68,Aalborg
2026-09-24 04:00:00+00:00,13.3545,93.0,0.0,1008.876,98.0,5.6578493,299.74478,18.0,Aalborg
2026-09-24 05:00:00+00:00,13.4545,95.0,0.0,1009.67554,91.0,8.8106365,35.272507,15.84,Aalborg
2026-09-24 06:00:00+00:00,13.5045,95.0,0.0,1010.77405,99.0,8.095106,29.898815,10.440001,Aalborg
2026-09-24 07:00:00+00:00,14.054501,94.0,0.0,1011.4757,100.0,10.579049,354.2895,8.28,Aalborg
2026-09-24 08:00:00+00:00,14.6045,96.0,0.0,1012.3771,100.0,9.704998,347.4712,15.4800005,Aalborg
2026-09-24 09:00:00+00:00,15.6545,94.0,0.0,1013.081,88.0,9.4949875,332.48807,14.4,Aalborg
2026-09-24 10:00:00+00:00,16.404501,89.0,0.0,1013.7835,92.0,8.479517,335.55606,14.759999,Aalborg
2026-09-24 11:00:00+00:00,17.3045,83.0,0.0,1014.18713,65.0,3.6884665,2.7262611,12.599999,Aalborg
2026-09-24 12:00:00+00:00,17.8545,79.0,0.0,1015.08856,77.0,4.069358,277.4313,9.72,Aalborg
2026-09-24 13:00:00+00:00,18.5045,77.0,0.0,1015.4909,68.0,7.926039,264.92047,10.440001,Aalborg
2026-09-24 14:00:00+00:00,18.654501,82.0,0.0,1016.09076,88.0,13.700248,279.58286,21.24,Aalborg
2026-09-24 15:00:00+00:00,17.5545,89.0,0.1,1016.4855,92.0,12.989852,286.47696,22.319998,Aalborg
2026-09-24 16:00:00+00:00,17.3045,90.0,0.0,1016.6839,89.0,12.262159,289.21277,11.5199995,Aalborg
2026-09-24 17:00:00+00:00,16.904501,89.0,0.0,1016.98157,38.0,15.5383,295.40768,16.199999,Aalborg
2026-09-24 18:00:00+00:00,15.7545,94.0,0.0,1017.4758,87.0,15.234226,298.92633,17.64,Aalborg
2026-09-24 19:00:00+00:00,15.4045,96.0,0.0,1017.1747,87.0,16.703928,287.1028,9.36,Aalborg
2026-09-24 20:00:00+00:00,15.1045,97.0,0.0,1017.4729,100.0,17.89857,268.8767,11.159999,Aalborg
2026-09-24 21:00:00+00:00,14.804501,93.0,0.0,1018.2703,100.0,18.955906,262.02,23.039999,Aalborg
2026-09-24 22:00:00+00:00,14.1545,90.0,0.1,1017.5685,100.0,21.789501,266.76904,22.319998,Aalborg
2026-09-24 23:00:00+00:00,13.7545,92.0,0.0,1017.36676,99.0,23.35758,267.41702,25.199999,Aalborg
2026-09-25 00:00:00+00:00,13.6045,90.0,0.0,1017.466,98.0,25.441576,269.20978,27.359999,Aalborg
2026-09-25 01:00:00+00:00,13.4545,89.0,0.0,1017.5652,63.0,25.269194,271.19345,27.72,Aalborg
2026-09-25 02:00:00+00:00,13.1545,86.0,0.0,1017.5636,20.0,26.14328,270.769,28.8,Aalborg
2026-09-25 03:00:00+00:00,12.4545,87.0,0.0,1017.161,49.0,23.515179,271.2825,27.72,Aalborg
2026-09-25 04:00:00+00:00,11.7545,90.0,0.0,1016.95807,82.0,23.511906,269.14493,22.68,Aalborg
2026-09-25 05:00:00+00:00,11.2545,91.0,0.0,1016.95544,72.0,23.574661,265.73218,20.880001,Aalborg
2026-09-25 06:00:00+00:00,11.054501,91.0,0.0,1016.85474,66.0,23.637249,264.0356,20.880001,Aalborg
2026-09-25 07:00:00+00:00,12.5045,89.0,0.0,1016.86163,69.0,25.269194,271.19345,30.960001,Aalborg
2026-09-25 08:00:00+00:00,13.4045,80.0,0.0,1016.766,83.0,20.285427,264.04297,35.64,Aalborg
2026-09-25 09:00:00+00:00,14.8545,77.0,0.0,1016.473,74.0,25.302671,266.82022,34.92,Aalborg
2026-09-25 10:00:00+00:00,15.4545,76.0,0.0,1016.0765,72.0,28.178045,264.99945,34.92,Aalborg
2026-09-25 11:00:00+00:00,16.2045,74.0,0.0,1015.8799,62.0,27.545025,260.83774,35.64,Aalborg
2026-09-25 12:00:00+00:00,16.904501,71.0,0.0,1015.4835,76.0,27.698248,259.046,37.44,Aalborg
2026-09-25 13:00:00+00:00,17.6045,71.0,0.0,1015.1872,66.0,27.835705,254.64981,37.8,Aalborg
2026-09-25 14:00:00+00:00,17.7045,72.0,0.0,1014.8882,83.0,26.630293,251.56496,37.8,Aalborg
2026-09-25 15:00:00+00:00,17.654501,75.0,0.0,1014.2886,98.0,26.389368,248.5522,38.16,Aalborg
2026-09-25 16:00:00+00:00,17.1045,78.0,0.0,1013.8866,100.0,25.84786,246.39288,34.56,Aalborg
2026-09-25 17:00:00+00:00,16.5545,83.0,0.0,1013.7841,100.0,25.547821,239.91359,33.839996,Aalborg
2026-09-25 18:00:00+00:00,16.154501,86.0,0.1,1013.483,100.0,29.930815,232.86134,33.48,Aalborg
2026-09-25 19:00:00+00:00,15.7545,89.0,0.2,1013.481,100.0,30.182735,238.06525,33.12,Aalborg
2026-09-25 20:00:00+00:00,15.5045,89.0,0.0,1013.18024,100.0,27.89756,240.21053,32.399998,Aalborg
2026-09-25 21:00:00+00:00,15.2545,93.0,0.2,1012.8797,100.0,25.405254,232.57608,34.2,Aalborg
