date,temperature_2m,relative_humidity_2m,precipitation,surface_pressure,cloud_cover,wind_speed_80m,wind_direction_80m,wind_gusts_10m,location,hour,day_of_week,month,wind_speed_80m_lag_1,wind_speed_80m_lag_2,wind_speed_80m_lag_3,wind_speed_80m_lag_24,wind_speed_80m_roll_3,wind_speed_80m_roll_6,wind_speed_80m_cubed,temp_wind_interaction,theoretical_energy,target_energy_next_hour
2026-07-02 22:00:00+00:00,19.5045,68.0,0.0,1007.30585,70.0,26.081396,275.4037,26.28,Aalborg,22,3,7,26.081396,26.081396,26.081396,26.081396,26.081396,26.081396,17741.58840136129,508.70458828200003,0.0,0.0
2026-07-02 23:00:00+00:00,19.5045,68.0,0.0,1007.30585,70.0,26.081396,275.4037,26.28,Aalborg,23,3,7,26.081396,26.081396,26.081396,26.081396,26.081396,26.081396,17741.58840136129,508.70458828200003,0.0,0.0
2026-07-03 00:00:00+00:00,19.5045,68.0,0.0,1007.30585,70.0,26.081396,275.4037,26.28,Aalborg,0,4,7,26.081396,26.081396,26.081396,26.081396,26.081396,26.081396,17741.58840136129,508.70458828200003,0.0,0.0
2026-07-03 01:00:00+00:00,19.5045,68.0,0.0,1007.30585,70.0,26.081396,275.4037,26.28,Aalborg,1,4,7,26.081396,26.081396,26.081396,26.081396,26.081396,26.081396,17741.58840136129,508.70458828200003,0.0,0.0
2026-07-03 02:00:00+00:00,19.5045,68.0,0.0,1007.30585,70.0,26.081396,275.4037,26.28,Aalborg,2,4,7,26.081396,26.081396,26.081396,26.081396,26.081396,26.081396,17741.58840136129,508.70458828200003,0.0,0.0
2026-07-03 03:00:00+00:00,19.5045,68.0,0.0,1007.30585,70.0,26.081396,275.4037,26.28,Aalborg,3,4,7,26.081396,26.081396,26.081396,26.081396,26.081396,26.081396,17741.58840136129,508.70458828200003,0.0,0.0
2026-07-03 04:00:00+00:00,19.5045,68.0,0.0,1007.30585,70.0,26.081396,275.4037,26.28,Aalborg,4,4,7,26.081396,26.081396,26.081396,26.081396,26.081396,26.081396,17741.58840136129,508.70458828200003,0.0,0.0
2026-07-03 05:00:00+00:00,19.5045,68.0,0.0,1007.30585,70.0,26.081396,275.4037,26.28,Aalborg,5,4,7,26.081396,26.081396,26.081396,26.081396,26.081396,26.081396,17741.58840136129,508.70458828200003,0.0,0.0
2026-07-03 06:00:00+00:00,19.5045,68.0,0.0,1007.30585,70.0,26.081396,275.4037,26.28,Aalborg,6,4,7,26.081396,26.081396,26.081396,26.081396,26.081396,26.081396,17741.58840136129,508.70458828200003,0.0,0.0
2026-07-03 07:00:00+00:00,19.5045,68.0,0.0,1007.30585,70.0,26.081396,275.4037,26.28,Aalborg,7,4,7,26.081396,26.081396,26.081396,26.081396,26.081396,26.081396,17741.58840136129,508.70458828200003,0.0,0.0
2026-07-03 08:00:00+00:00,19.5045,68.0,0.0,1007.30585,70.0,26.081396,275.4037,26.28,Aalborg,8,4,7,26.081396,26.081396,26.081396,26.081396,26.081396,26.081396,17741.58840136129,508.70458828200003,0.0,0.0
2026-07-03 09:00:00+00:00,19.5045,68.0,0.0,1007.30585,70.0,26.081396,275.4037,26.28,Aalborg,9,4,7,26.081396,26.081396,26.081396,26.081396,26.081396,26.081396,17741.58840136129,508.70458828200003,0.0,0.0
2026-07-03 10:00:00+00:00,19.5045,68.0,0.0,1007.30585,70.0,26.081396,275.4037,26.28,Aalborg,10,4,7,26.081396,26.081396,26.081396,26.081396,26.081396,26.081396,17741.58840136129,508.70458828200003,0.0,0.0
2026-07-03 11:00:00+00:00,19.5045,68.0,0.0,1007.30585,70.0,26.081396,275.4037,26.28,Aalborg,11,4,7,26.081396,26.081396,26.081396,26.081396,26.081396,26.081396,17741.58840136129,508.70458828200003,0.0,0.0
2026-07-03 12:00:00+00:00,19.5045,68.0,0.0,1007.30585,70.0,26.081396,275.4037,26.28,Aalborg,12,4,7,26.081396,26.081396,26.081396,26.081396,26.081396,26.081396,17741.58840136129,508.70458828200003,0.0,0.0
2026-07-03 13:00:00+00:00,19.5045,68.0,0.0,1007.30585,70.0,26.081396,275.4037,26.28,Aalborg,13,4,7,26.081396,26.081396,26.081396,26.081396,26.081396,26.081396,17741.58840136129,508.70458828200003,0.0,0.0
2026-07-03 14:00:00+00:00,19.5045,68.0,0.0,1007.30585,70.0,26.081396,275.4037,26.28,Aalborg,14,4,7,26.081396,26.081396,26.081396,26.081396,26.081396,26.081396,17741.58840136129,508.70458828200003,0.0,0.0
2026-07-03 15:00:00+00:00,19.5045,68.0,0.0,1007.30585,70.0,26.081396,275.4037,26.28,Aalborg,15,4,7,26.081396,26.081396,26.081396,26.081396,26.081396,26.081396,17741.58840136129,508.70458828200003,0.0,0.0
2026-07-03 16:00:00+00:00,19.5045,68.0,0.0,1007.30585,70.0,26.081396,275.4037,26.28,Aalborg,16,4,7,26.081396,26.081396,26.081396,26.081396,26.081396,26.081396,17741.58840136129,508.70458828200003,0.0,0.0
2026-07-03 17:00:00+00:00,19.5045,68.0,0.0,1007.30585,70.0,26.081396,275.4037,26.28,Aalborg,17,4,7,26.081396,26.081396,26.081396,26.081396,26.081396,26.081396,17741.58840136129,508.70458828200003,0.0,0.0
2026-07-03 18:00:00+00:00,19.5045,68.0,0.0,1007.30585,70.0,26.081396,275.4037,26.28,Aalborg,18,4,7,26.081396,26.081396,26.081396,26.081396,26.081396,26.081396,17741.58840136129,508.70458828200003,0.0,0.0
2026-07-03 19:00:00+00:00,19.5045,68.0,0.0,1007.30585,70.0,26.081396,275.4037,26.28,Aalborg,19,4,7,26.081396,26.081396,26.081396,26.081396,26.081396,26.081396,17741.58840136129,508.70458828200003,0.0,0.0
2026-07-03 20:00:00+00:00,19.5045,68.0,0.0,1007.30585,70.0,26.081396,275.4037,26.28,Aalborg,20,4,7,26.081396,26.081396,26.081396,26.081396,26.081396,26.081396,17741.58840136129,508.70458828200003,0.0,0.0
2026-07-03 21:00:00+00:00,19.5045,68.0,0.0,1007.30585,70.0,26.081396,275.4037,26.28,Aalborg,21,4,7,26.081396,26.081396,26.081396,26.081396,26.081396,26.081396,17741.58840136129,508.70458828200003,0.0,0.0
2026-07-03 22:00:00+00:00,19.5045,68.0,0.0,1007.30585,70.0,26.081396,275.4037,26.28,Aalborg,22,4,7,26.081396,26.081396,26.081396,26.081396,26.081396,26.081396,17741.58840136129,508.70458828200003,0.0,0.0
2026-07-03 23:00:00+00:00,19.5045,68.0,0.0,1007.30585,70.0,26.081396,275.4037,26.28,Aalborg,23,4,7,26.081396,26.081396,26.081396,26.081396,26.081396,26.081396,17741.58840136129,508.70458828200003,0.0,0.0
2026-07-04 00:00:00+00:00,19.5045,68.0,0.0,1007.30585,70.0,26.081396,275.4037,26.28,Aalborg,0,5,7,26.081396,26.081396,26.081396,26.081396,26.081396,26.081396,17741.58840136129,508.70458828200003,0.0,0.0
2026-07-04 01:00:00+00:00,19.5045,68.0,0.0,1007.30585,70.0,26.081396,275.4037,26.28,Aalborg,1,5,7,26.081396,26.081396,26.081396,26.081396,26.081396,26.081396,17741.58840136129,508.70458828200003,0.0,0.0
2026-07-04 02:00:00+00:00,19.5045,68.0,0.0,1007.30585,70.0,26.081396,275.4037,26.28,Aalborg,2,5,7,26.081396,26.081396,26.081396,26.081396,26.081396,26.081396,17741.58840136129,508.70458828200003,0.0,0.0
2026-07-04 03:00:00+00:00,19.5045,68.0,0.0,1007.30585,70.0,26.081396,275.4037,26.28,Aalborg,3,5,7,26.081396,26.081396,26.081396,26.081396,26.081396,26.081396,17741.58840136129,508.70458828200003,0.0,0.0
2026-07-04 04:00:00+00:00,19.5045,68.0,0.0,1007.30585,70.0,26.081396,275.4037,26.28,Aalborg,4,5,7,26.081396,26.081396,26.081396,26.081396,26.081396,26.081396,17741.58840136129,508.70458828200003,0.0,0.0
2026-07-04 05:00:00+00:00,19.5045,68.0,0.0,1007.30585,70.0,26.081396,275.4037,26.28,Aalborg,5,5,7,26.081396,26.081396,26.081396,26.081396,26.081396,26.081396,17741.58840136129,508.70458828200003,0.0,0.0
2026-07-04 06:00:00+00:00,19.5045,68.0,0.0,1007.30585,70.0,26.081396,275.4037,26.28,Aalborg,6,5,7,26.081396,26.081396,26.081396,26.081396,26.081396,26.081396,17741.58840136129,508.70458828200003,0.0,0.0
2026-07-04 07:00:00+00:00,19.5045,68.0,0.0,1007.30585,70.0,26.081396,275.4037,26.28,Aalborg,7,5,7,26.081396,26.081396,26.081396,26.081396,26.081396,26.081396,17741.58840136129,508.70458828200003,0.0,0.0
2026-07-04 08:00:00+00:00,19.5045,68.0,0.0,1007.30585,70.0,26.081396,275.4037,26.28,Aalborg,8,5,7,26.081396,26.081396,26.081396,26.081396,26.081396,26.081396,17741.58840136129,508.70458828200003,0.0,0.0
2026-07-04 09:00:00+00:00,19.5045,68.0,0.0,1007.30585,70.0,26.081396,275.4037,26.28,Aalborg,9,5,7,26.081396,26.081396,26.081396,26.081396,26.081396,26.081396,17741.58840136129,508.70458828200003,0.0,0.0
2026-07-04 10:00:00+00:00,19.5045,68.0,0.0,1007.30585,70.0,26.081396,275.4037,26.28,Aalborg,10,5,7,26.081396,26.081396,26.081396,26.081396,26.081396,26.081396,17741.58840136129,508.70458828200003,0.0,0.0
2026-07-04 11:00:00+00:00,19.5045,68.0,0.0,1007.30585,70.0,26.081396,275.4037,26.28,Aalborg,11,5,7,26.081396,26.081396,26.081396,26.081396,26.081396,26.081396,17741.58840136129,508.70458828200003,0.0,0.0
2026-07-04 12:00:00+00:00,19.5045,68.0,0.0,1007.30585,70.0,26.081396,275.4037,26.28,Aalborg,12,5,7,26.081396,26.081396,26.081396,26.081396,26.081396,26.081396,17741.58840136129,508.70458828200003,0.0,0.0
2026-07-04 13:00:00+00:00,19.5045,68.0,0.0,1007.30585,70.0,26.081396,275.4037,26.28,Aalborg,13,5,7,26.081396,26.081396,26.081396,26.081396,26.081396,26.081396,17741.58840136129,508.70458828200003,0.0,0.0
2026-07-04 14:00:00+00:00,19.5045,68.0,0.0,1007.30585,70.0,26.081396,275.4037,26.28,Aalborg,14,5,7,26.081396,26.081396,26.081396,26.081396,26.081396,26.081396,17741.58840136129,508.70458828200003,0.0,0.0
2026-07-04 15:00:00+00:00,19.5045,68.0,0.0,1007.30585,70.0,26.081396,275.4037,26.28,Aalborg,15,5,7,26.081396,26.081396,26.081396,26.081396,26.081396,26.081396,17741.58840136129,508.70458828200003,0.0,0.0
2026-07-04 16:00:00+00:00,19.5045,68.0,0.0,1007.30585,70.0,26.081396,275.4037,26.28,Aalborg,16,5,7,26.081396,26.081396,26.081396,26.081396,26.081396,26.081396,17741.58840136129,508.70458828200003,0.0,0.0
2026-07-04 17:00:00+00:00,19.5045,68.0,0.0,1007.30585,70.0,26.081396,275.4037,26.28,Aalborg,17,5,7,26.081396,26.081396,26.081396,26.081396,26.081396,26.081396,17741.58840136129,508.70458828200003,0.0,0.0
2026-07-04 18:00:00+00:00,19.5045,68.0,0.0,1007.30585,70.0,26.081396,275.4037,26.28,Aalborg,18,5,7,26.081396,26.081396,26.081396,26.081396,26.081396,26.081396,17741.58840136129,508.70458828200003,0.0,0.0
2026-07-04 19:00:00+00:00,19.5045,68.0,0.0,1007.30585,70.0,26.081396,275.4037,26.28,Aalborg,19,5,7,26.081396,26.081396,26.081396,26.081396,26.081396,26.081396,17741.58840136129,508.70458828200003,0.0,0.0
2026-07-04 20:00:00+00:00,19.5045,68.0,0.0,1007.30585,70.0,26.081396,275.4037,26.28,Aalborg,20,5,7,26.081396,26.081396,26.081396,26.081396,26.081396,26.081396,17741.58840136129,508.70458828200003,0.0,0.0
2026-07-04 21:00:00+00:00,19.5045,68.0,0.0,1007.30585,70.0,26.081396,275.4037,26.28,Aalborg,21,5,7,26.081396,26.081396,26.081396,26.081396,26.081396,26.081396,17741.58840136129,508.70458828200003,0.0,0.0
2026-07-04 22:00:00+00:00,19.5045,68.0,0.0,1007.30585,70.0,26.081396,275.4037,26.28,Aalborg,22,5,7,26.081396,26.081396,26.081396,26.081396,26.081396,26.081396,17741.58840136129,508.70458828200003,0.0,0.0
2026-07-04 23:00:00+00:00,19.5045,68.0,0.0,1007.30585,70.0,26.081396,275.4037,26.28,Aalborg,23,5,7,26.081396,26.081396,26.081396,26.081396,26.081396,26.081396,17741.58840136129,508.70458828200003,0.0,0.0
2026-07-05 00:00:00+00:00,19.5045,68.0,0.0,1007.30585,70.0,26.081396,275.4037,26.28,Aalborg,0,6,7,26.081396,26.081396,26.081396,26.081396,26.081396,26.081396,17741.58840136129,508.70458828200003,0.0,0.0
2026-07-05 01:00:00+00:00,19.5045,68.0,0.0,1007.30585,70.0,26.081396,275.4037,26.28,Aalborg,1,6,7,26.081396,26.081396,26.081396,26.081396,26.081396,26.081396,17741.58840136129,508.70458828200003,0.0,0.0
2026-07-05 02:00:00+00:00,19.5045,68.0,0.0,1007.30585,70.0,26.081396,275.4037,26.28,Aalborg,2,6,7,26.081396,26.081396,26.081396,26.081396,26.081396,26.081396,17741.58840136129,508.70458828200003,0.0,0.0
2026-07-05 03:00:00+00:00,19.5045,68.0,0.0,1007.30585,70.0,26.081396,275.4037,26.28,Aalborg,3,6,7,26.081396,26.081396,26.081396,26.081396,26.081396,26.081396,17741.58840136129,508.70458828200003,0.0,0.0
2026-07-05 04:00:00+00:00,19.5045,68.0,0.0,1007.30585,70.0,26.081396,275.4037,26.28,Aalborg,4,6,7,26.081396,26.081396,26.081396,26.081396,26.081396,26.081396,17741.58840136129,508.70458828200003,0.0,0.0
2026-07-05 05:00:00+00:00,19.5045,68.0,0.0,1007.30585,70.0,26.081396,275.4037,26.28,Aalborg,5,6,7,26.081396,26.081396,26.081396,26.081396,26.081396,26.081396,17741.58840136129,508.70458828200003,0.0,0.0
2026-07-05 06:00:00+00:00,19.5045,68.0,0.0,1007.30585,70.0,26.081396,275.4037,26.28,Aalborg,6,6,7,26.081396,26.081396,26.081396,26.081396,26.081396,26.081396,17741.58840136129,508.70458828200003,0.0,0.0
2026-07-05 07:00:00+00:00,19.5045,68.0,0.0,1007.30585,70.0,26.081396,275.4037,26.28,Aalborg,7,6,7,26.081396,26.081396,26.081396,26.081396,26.081396,26.081396,17741.58840136129,508.70458828200003,0.0,0.0
2026-07-05 08:00:00+00:00,19.5045,68.0,0.0,1007.30585,70.0,26.081396,275.4037,26.28,Aalborg,8,6,7,26.081396,26.081396,26.081396,26.081396,26.081396,26.081396,17741.58840136129,508.70458828200003,0.0,0.0
2026-07-05 09:00:00+00:00,19.5045,68.0,0.0,1007.30585,70.0,26.081396,275.4037,26.28,Aalborg,9,6,7,26.081396,26.081396,26.081396,26.081396,26.081396,26.081396,17741.58840136129,508.70458828200003,0.0,0.0
2026-07-05 10:00:00+00:00,19.5045,68.0,0.0,1007.30585,70.0,26.081396,275.4037,26.28,Aalborg,10,6,7,26.081396,26.081396,26.081396,26.081396,26.081396,26.081396,17741.58840136129,508.70458828200003,0.0,0.0
2026-07-05 11:00:00+00:00,19.5045,68.0,0.0,1007.30585,70.0,26.081396,275.4037,26.28,Aalborg,11,6,7,26.081396,26.081396,26.081396,26.081396,26.081396,26.081396,17741.58840136129,508.70458828200003,0.0,0.0
2026-07-05 12:00:00+00:00,19.5045,68.0,0.0,1007.30585,70.0,26.081396,275.4037,26.28,Aalborg,12,6,7,26.081396,26.081396,26.081396,26.081396,26.081396,26.081396,17741.58840136129,508.70458828200003,0.0,0.0
2026-07-05 13:00:00+00:00,19.5045,68.0,0.0,1007.30585,70.0,26.081396,275.4037,26.28,Aalborg,13,6,7,26.081396,26.081396,26.081396,26.081396,26.081396,26.081396,17741.58840136129,508.70458828200003,0.0,0.0
2026-07-05 14:00:00+00:00,19.5045,68.0,0.0,1007.30585,70.0,26.081396,275.4037,26.28,Aalborg,14,6,7,26.081396,26.081396,26.081396,26.081396,26.081396,26.081396,17741.58840136129,508.70458828200003,0.0,0.0
2026-07-05 15:00:00+00:00,19.5045,68.0,0.0,1007.30585,70.0,26.081396,275.4037,26.28,Aalborg,15,6,7,26.081396,26.081396,26.081396,26.081396,26.081396,26.081396,17741.58840136129,508.70458828200003,0.0,0.0
2026-07-05 16:00:00+00:00,19.5045,68.0,0.0,1007.30585,70.0,26.081396,275.4037,26.28,Aalborg,16,6,7,26.081396,26.081396,26.081396,26.081396,26.081396,26.081396,17741.58840136129,508.70458828200003,0.0,0.0
2026-07-05 17:00:00+00:00,19.5045,68.0,0.0,1007.30585,70.0,26.081396,275.4037,26.28,Aalborg,17,6,7,26.081396,26.081396,26.081396,26.081396,26.081396,26.081396,17741.58840136129,508.70458828200003,0.0,0.0
2026-07-05 18:00:00+00:00,19.5045,68.0,0.0,1007.30585,70.0,26.081396,275.4037,26.28,Aalborg,18,6,7,26.081396,26.081396,26.081396,26.081396,26.081396,26.081396,17741.58840136129,508.70458828200003,0.0,0.0
2026-07-05 19:00:00+00:00,19.5045,68.0,0.0,1007.30585,70.0,26.081396,275.4037,26.28,Aalborg,19,6,7,26.081396,26.081396,26.081396,26.081396,26.081396,26.081396,17741.58840136129,508.70458828200003,0.0,0.0
2026-07-05 20:00:00+00:00,19.5045,68.0,0.0,1007.30585,70.0,26.081396,275.4037,26.28,Aalborg,20,6,7,26.081396,26.081396,26.081396,26.081396,26.081396,26.081396,17741.58840136129,508.70458828200003,0.0,0.0
2026-07-05 21:00:00+00:00,19.5045,68.0,0.0,1007.30585,70.0,26.081396,275.4037,26.28,Aalborg,21,6,7,26.081396,26.081396,26.081396,26.081396,26.081396,26.081396,17741.58840136129,508.70458828200003,0.0,0.0
2026-07-05 22:00:00+00:00,19.5045,68.0,0.0,1007.30585,70.0,26.081396,275.4037,26.28,Aalborg,22,6,7,26.081396,26.081396,26.081396,26.081396,26.081396,26.081396,17741.58840136129,508.70458828200003,0.0,0.0
2026-07-05 23:00:00+00:00,19.5045,68.0,0.0,1007.30585,70.0,26.081396,275.4037,26.28,Aalborg,23,6,7,26.081396,26.081396,26.081396,26.081396,26.081396,26.081396,17741.58840136129,508.70458828200003,0.0,0.0
2026-07-06 00:00:00+00:00,19.5045,68.0,0.0,1007.30585,70.0,26.081396,275.4037,26.28,Aalborg,0,0,7,26.081396,26.081396,26.081396,26.081396,26.081396,26.081396,17741.58840136129,508.70458828200003,0.0,0.0
2026-07-06 01:00:00+00:00,19.5045,68.0,0.0,1007.30585,70.0,26.081396,275.4037,26.28,Aalborg,1,0,7,26.081396,26.081396,26.081396,26.081396,26.081396,26.081396,17741.58840136129,508.70458828200003,0.0,0.0
2026-07-06 02:00:00+00:00,19.5045,68.0,0.0,1007.30585,70.0,26.081396,275.4037,26.28,Aalborg,2,0,7,26.081396,26.081396,26.081396,26.081396,26.081396,26.081396,17741.58840136129,508.70458828200003,0.0,0.0
2026-07-06 03:00:00+00:00,19.5045,68.0,0.0,1007.30585,70.0,26.081396,275.4037,26.28,Aalborg,3,0,7,26.081396,26.081396,26.081396,26.081396,26.081396,26.081396,17741.58840136129,508.70458828200003,0.0,0.0
2026-07-06 04:00:00+00:00,19.5045,68.0,0.0,1007.30585,70.0,26.081396,275.4037,26.28,Aalborg,4,0,7,26.081396,26.081396,26.081396,26.081396,26.081396,26.081396,17741.58840136129,508.70458828200003,0.0,0.0
2026-07-06 05:00:00+00:00,19.5045,68.0,0.0,1007.30585,70.0,26.081396,275.4037,26.28,Aalborg,5,0,7,26.081396,26.081396,26.081396,26.081396,26.081396,26.081396,17741.58840136129,508.70458828200003,0.0,0.0
2026-07-06 06:00:00+00:00,19.5045,68.0,0.0,1007.30585,70.0,26.081396,275.4037,26.28,Aalborg,6,0,7,26.081396,26.081396,26.081396,26.081396,26.081396,26.081396,17741.58840136129,508.70458828200003,0.0,0.0
2026-07-06 07:00:00+00:00,19.5045,68.0,0.0,1007.30585,70.0,26.081396,275.4037,26.28,Aalborg,7,0,7,26.081396,26.081396,26.081396,26.081396,26.081396,26.081396,17741.58840136129,508.70458828200003,0.0,0.0
2026-07-06 08:00:00+00:00,19.5045,68.0,0.0,1007.30585,70.0,26.081396,275.4037,26.28,Aalborg,8,0,7,26.081396,26.081396,26.081396,26.081396,26.081396,26.081396,17741.58840136129,508.70458828200003,0.0,0.0
2026-07-06 09:00:00+00:00,19.5045,68.0,0.0,1007.30585,70.0,26.081396,275.4037,26.28,Aalborg,9,0,7,26.081396,26.081396,26.081396,26.081396,26.081396,26.081396,17741.58840136129,508.70458828200003,0.0,0.0
2026-07-06 10:00:00+00:00,19.5045,68.0,0.0,1007.30585,70.0,26.081396,275.4037,26.28,Aalborg,10,0,7,26.081396,26.081396,26.081396,26.081396,26.081396,26.081396,17741.58840136129,508.70458828200003,0.0,0.0
2026-07-06 11:00:00+00:00,19.5045,68.0,0.0,1007.30585,70.0,26.081396,275.4037,26.28,Aalborg,11,0,7,26.081396,26.081396,26.081396,26.081396,26.081396,26.081396,17741.58840136129,508.70458828200003,0.0,0.0
2026-07-06 12:00:00+00:00,19.5045,68.0,0.0,1007.30585,70.0,26.081396,275.4037,26.28,Aalborg,12,0,7,26.081396,26.081396,26.081396,26.081396,26.081396,26.081396,17741.58840136129,508.70458828200003,0.0,0.0
2026-07-06 13:00:00+00:00,19.5045,68.0,0.0,1007.30585,70.0,26.081396,275.4037,26.28,Aalborg,13,0,7,26.081396,26.081396,26.081396,26.081396,26.081396,26.081396,17741.58840136129,508.70458828200003,0.0,0.0
2026-07-06 14:00:00+00:00,19.5045,68.0,0.0,1007.30585,70.0,26.081396,275.4037,26.28,Aalborg,14,0,7,26.081396,26.081396,26.081396,26.081396,26.081396,26.081396,17741.58840136129,508.70458828200003,0.0,0.0
2026-07-06 15:00:00+00:00,19.5045,68.0,0.0,1007.30585,70.0,26.081396,275.4037,26.28,Aalborg,15,0,7,26.081396,26.081396,26.081396,26.081396,26.081396,26.081396,17741.58840136129,508.70458828200003,0.0,0.0
2026-07-06 16:00:00+00:00,19.5045,68.0,0.0,1007.30585,70.0,26.081396,275.4037,26.28,Aalborg,16,0,7,26.081396,26.081396,26.081396,26.081396,26.081396,26.081396,17741.58840136129,508.70458828200003,0.0,0.0
2026-07-06 17:00:00+00:00,19.5045,68.0,0.0,1007.30585,70.0,26.081396,275.4037,26.28,Aalborg,17,0,7,26.081396,26.081396,26.081396,26.081396,26.081396,26.081396,17741.58840136129,508.70458828200003,0.0,0.0
2026-07-06 18:00:00+00:00,19.5045,68.0,0.0,1007.30585,70.0,26.081396,275.4037,26.28,Aalborg,18,0,7,26.081396,26.081396,26.081396,26.081396,26.081396,26.081396,17741.58840136129,508.70458828200003,0.0,0.0
2026-07-06 19:00:00+00:00,19.5045,68.0,0.0,1007.30585,70.0,26.081396,275.4037,26.28,Aalborg,19,0,7,26.081396,26.081396,26.081396,26.081396,26.081396,26.081396,17741.58840136129,508.70458828200003,0.0,0.0
2026-07-06 20:00:00+00:00,19.5045,68.0,0.0,1007.30585,70.0,26.081396,275.4037,26.28,Aalborg,20,0,7,26.081396,26.081396,26.081396,26.081396,26.081396,26.081396,17741.58840136129,508.70458828200003,0.0,0.0
2026-07-06 21:00:00+00:00,19.5045,68.0,0.0,1007.30585,70.0,26.081396,275.4037,26.28,Aalborg,21,0,7,26.081396,26.081396,26.081396,26.081396,26.081396,26.081396,17741.58840136129,508.70458828200003,0.0,0.0
2026-07-06 22:00:00+00:00,19.5045,68.0,0.0,1007.30585,70.0,26.081396,275.4037,26.28,Aalborg,22,0,7,26.081396,26.081396,26.081396,26.081396,26.081396,26.081396,17741.58840136129,508.70458828200003,0.0,0.0
2026-07-06 23:00:00+00:00,19.5045,68.0,0.0,1007.30585,70.0,26.081396,275.4037,26.28,Aalborg,23,0,7,26.081396,26.081396,26.081396,26.081396,26.081396,26.081396,17741.58840136129,508.70458828200003,0.0,0.0
2026-07-07 00:00:00+00:00,19.5045,68.0,0.0,1007.30585,70.0,26.081396,275.4037,26.28,Aalborg,0,1,7,26.081396,26.081396,26.081396,26.081396,26.081396,26.081396,17741.58840136129,508.70458828200003,0.0,0.0
2026-07-07 01:00:00+00:00,19.5045,68.0,0.0,1007.30585,70.0,26.081396,275.4037,26.28,Aalborg,1,1,7,26.081396,26.081396,26.081396,26.081396,26.081396,26.081396,17741.58840136129,508.70458828200003,0.0,0.0
2026-07-07 02:00:00+00:00,19.5045,68.0,0.0,1007.30585,70.0,26.081396,275.4037,26.28,Aalborg,2,1,7,26.081396,26.081396,26.081396,26.081396,26.081396,26.081396,17741.58840136129,508.70458828200003,0.0,0.0
2026-07-07 03:00:00+00:00,19.5045,68.0,0.0,1007.30585,70.0,26.081396,275.4037,26.28,Aalborg,3,1,7,26.081396,26.081396,26.081396,26.081396,26.081396,26.081396,17741.58840136129,508.70458828200003,0.0,0.0
2026-07-07 04:00:00+00:00,19.5045,68.0,0.0,1007.30585,70.0,26.081396,275.4037,26.28,Aalborg,4,1,7,26.081396,26.081396,26.081396,26.081396,26.081396,26.081396,17741.58840136129,508.70458828200003,0.0,0.0
2026-07-07 05:00:00+00:00,19.5045,68.0,0.0,1007.30585,70.0,26.081396,275.4037,26.28,Aalborg,5,1,7,26.081396,26.081396,26.081396,26.081396,26.081396,26.081396,17741.58840136129,508.70458828200003,0.0,0.0
2026-07-07 06:00:00+00:00,19.5045,68.0,0.0,1007.30585,70.0,26.081396,275.4037,26.28,Aalborg,6,1,7,26.081396,26.081396,26.081396,26.081396,26.081396,26.081396,17741.58840136129,508.70458828200003,0.0,0.0
2026-07-07 07:00:00+00:00,19.5045,68.0,0.0,1007.30585,70.0,26.081396,275.4037,26.28,Aalborg,7,1,7,26.081396,26.081396,26.081396,26.081396,26.081396,26.081396,17741.58840136129,508.70458828200003,0.0,0.0
2026-07-07 08:00:00+00:00,19.5045,68.0,0.0,1007.30585,70.0,26.081396,275.4037,26.28,Aalborg,8,1,7,26.081396,26.081396,26.081396,26.081396,26.081396,26.081396,17741.58840136129,508.70458828200003,0.0,0.0
2026-07-07 09:00:00+00:00,19.5045,68.0,0.0,1007.30585,70.0,26.081396,275.4037,26.28,Aalborg,9,1,7,26.081396,26.081396,26.081396,26.081396,26.081396,26.081396,17741.58840136129,508.70458828200003,0.0,0.0
2026-07-07 10:00:00+00:00,19.5045,68.0,0.0,1007.30585,70.0,26.081396,275.4037,26.28,Aalborg,10,1,7,26.081396,26.081396,26.081396,26.081396,26.081396,26.081396,17741.58840136129,508.70458828200003,0.0,0.0
2026-07-07 11:00:00+00:00,19.5045,68.0,0.0,1007.30585,70.0,26.081396,275.4037,26.28,Aalborg,11,1,7,26.081396,26.081396,26.081396,26.081396,26.081396,26.081396,17741.58840136129,508.70458828200003,0.0,0.0
2026-07-07 12:00:00+00:00,19.5045,68.0,0.0,1007.30585,70.0,26.081396,275.4037,26.28,Aalborg,12,1,7,26.081396,26.081396,26.081396,26.081396,26.081396,26.081396,17741.58840136129,508.70458828200003,0.0,0.0
2026-07-07 13:00:00+00:00,19.5045,68.0,0.0,1007.30585,70.0,26.081396,275.4037,26.28,Aalborg,13,1,7,26.081396,26.081396,26.081396,26.081396,26.081396,26.081396,17741.58840136129,508.70458828200003,0.0,0.0
2026-07-07 14:00:00+00:00,19.5045,68.0,0.0,1007.30585,70.0,26.081396,275.4037,26.28,Aalborg,14,1,7,26.081396,26.081396,26.081396,26.081396,26.081396,26.081396,17741.58840136129,508.70458828200003,0.0,0.0
2026-07-07 15:00:00+00:00,19.5045,68.0,0.0,1007.30585,70.0,26.081396,275.4037,26.28,Aalborg,15,1,7,26.081396,26.081396,26.081396,26.081396,26.081396,26.081396,17741.58840136129,508.70458828200003,0.0,0.0
2026-07-07 16:00:00+00:00,19.5045,68.0,0.0,1007.30585,70.0,26.081396,275.4037,26.28,Aalborg,16,1,7,26.081396,26.081396,26.081396,26.081396,26.081396,26.081396,17741.58840136129,508.70458828200003,0.0,0.0
2026-07-07 17:00:00+00:00,19.5045,68.0,0.0,1007.30585,70.0,26.081396,275.4037,26.28,Aalborg,17,1,7,26.081396,26.081396,26.081396,26.081396,26.081396,26.081396,17741.58840136129,508.70458828200003,0.0,0.0
2026-07-07 18:00:00+00:00,19.5045,68.0,0.0,1007.30585,70.0,26.081396,275.4037,26.28,Aalborg,18,1,7,26.081396,26.081396,26.081396,26.081396,26.081396,26.081396,17741.58840136129,508.70458828200003,0.0,0.0
2026-07-07 19:00:00+00:00,19.5045,68.0,0.0,1007.30585,70.0,26.081396,275.4037,26.28,Aalborg,19,1,7,26.081396,26.081396,26.081396,26.081396,26.081396,26.081396,17741.58840136129,508.70458828200003,0.0,0.0
2026-07-07 20:00:00+00:00,19.5045,68.0,0.0,1007.30585,70.0,26.081396,275.4037,26.28,Aalborg,20,1,7,26.081396,26.081396,26.081396,26.081396,26.081396,26.081396,17741.58840136129,508.70458828200003,0.0,0.0
2026-07-07 21:00:00+00:00,19.5045,68.0,0.0,1007.30585,70.0,26.081396,275.4037,26.28,Aalborg,21,1,7,26.081396,26.081396,26.081396,26.081396,26.081396,26.081396,17741.58840136129,508.70458828200003,0.0,0.0
2026-07-07 22:00:00+00:00,19.5045,68.0,0.0,1007.30585,70.0,26.081396,275.4037,26.28,Aalborg,22,1,7,26.081396,26.081396,26.081396,26.081396,26.081396,26.081396,17741.58840136129,508.70458828200003,0.0,0.0
2026-07-07 23:00:00+00:00,19.5045,68.0,0.0,1007.30585,70.0,26.081396,275.4037,26.28,Aalborg,23,1,7,26.081396,26.081396,26.081396,26.081396,26.081396,26.081396,17741.58840136129,508.70458828200003,0.0,0.0
2026-07-08 00:00:00+00:00,19.5045,68.0,0.0,1007.30585,70.0,26.081396,275.4037,26.28,Aalborg,0,2,7,26.081396,26.081396,26.081396,26.081396,26.081396,26.081396,17741.58840136129,508.70458828200003,0.0,0.0
2026-07-08 01:00:00+00:00,19.5045,68.0,0.0,1007.30585,70.0,26.081396,275.4037,26.28,Aalborg,1,2,7,26.081396,26.081396,26.081396,26.081396,26.081396,26.081396,17741.58840136129,508.70458828200003,0.0,0.0
2026-07-08 02:00:00+00:00,19.5045,68.0,0.0,1007.30585,70.0,26.081396,275.4037,26.28,Aalborg,2,2,7,26.081396,26.081396,26.081396,26.081396,26.081396,26.081396,17741.58840136129,508.70458828200003,0.0,0.0
2026-07-08 03:00:00+00:00,19.5045,68.0,0.0,1007.30585,70.0,26.081396,275.4037,26.28,Aalborg,3,2,7,26.081396,26.081396,26.081396,26.081396,26.081396,26.081396,17741.58840136129,508.70458828200003,0.0,0.0
2026-07-08 04:00:00+00:00,19.5045,68.0,0.0,1007.30585,70.0,26.081396,275.4037,26.28,Aalborg,4,2,7,26.081396,26.081396,26.081396,26.081396,26.081396,26.081396,17741.58840136129,508.70458828200003,0.0,0.0
2026-07-08 05:00:00+00:00,19.5045,68.0,0.0,1007.30585,70.0,26.081396,275.4037,26.28,Aalborg,5,2,7,26.081396,26.081396,26.081396,26.081396,26.081396,26.081396,17741.58840136129,508.70458828200003,0.0,0.0
2026-07-08 06:00:00+00:00,19.5045,68.0,0.0,1007.30585,70.0,26.081396,275.4037,26.28,Aalborg,6,2,7,26.081396,26.081396,26.081396,26.081396,26.081396,26.081396,17741.58840136129,508.70458828200003,0.0,0.0
2026-07-08 07:00:00+00:00,19.5045,68.0,0.0,1007.30585,70.0,26.081396,275.4037,26.28,Aalborg,7,2,7,26.081396,26.081396,26.081396,26.081396,26.081396,26.081396,17741.58840136129,508.70458828200003,0.0,0.0
2026-07-08 08:00:00+00:00,19.5045,68.0,0.0,1007.30585,70.0,26.081396,275.4037,26.28,Aalborg,8,2,7,26.081396,26.081396,26.081396,26.081396,26.081396,26.081396,17741.58840136129,508.70458828200003,0.0,0.0
2026-07-08 09:00:00+00:00,19.5045,68.0,0.0,1007.30585,70.0,26.081396,275.4037,26.28,Aalborg,9,2,7,26.081396,26.081396,26.081396,26.081396,26.081396,26.081396,17741.58840136129,508.70458828200003,0.0,0.0
2026-07-08 10:00:00+00:00,19.5045,68.0,0.0,1007.30585,70.0,26.081396,275.4037,26.28,Aalborg,10,2,7,26.081396,26.081396,26.081396,26.081396,26.081396,26.081396,17741.58840136129,508.70458828200003,0.0,0.0
2026-07-08 11:00:00+00:00,19.5045,68.0,0.0,1007.30585,70.0,26.081396,275.4037,26.28,Aalborg,11,2,7,26.081396,26.081396,26.081396,26.081396,26.081396,26.081396,17741.58840136129,508.70458828200003,0.0,0.0
2026-07-08 12:00:00+00:00,19.5045,68.0,0.0,1007.30585,70.0,26.081396,275.4037,26.28,Aalborg,12,2,7,26.081396,26.081396,26.081396,26.081396,26.081396,26.081396,17741.58840136129,508.70458828200003,0.0,0.0
2026-07-08 13:00:00+00:00,19.5045,68.0,0.0,1007.30585,70.0,26.081396,275.4037,26.28,Aalborg,13,2,7,26.081396,26.081396,26.081396,26.081396,26.081396,26.081396,17741.58840136129,508.70458828200003,0.0,0.0
2026-07-08 14:00:00+00:00,19.5045,68.0,0.0,1007.30585,70.0,26.081396,275.4037,26.28,Aalborg,14,2,7,26.081396,26.081396,26.081396,26.081396,26.081396,26.081396,17741.58840136129,508.70458828200003,0.0,0.0
2026-07-08 15:00:00+00:00,19.5045,68.0,0.0,1007.30585,70.0,26.081396,275.4037,26.28,Aalborg,15,2,7,26.081396,26.081396,26.081396,26.081396,26.081396,26.081396,17741.58840136129,508.70458828200003,0.0,0.0
2026-07-08 16:00:00+00:00,19.5045,68.0,0.0,1007.30585,70.0,26.081396,275.4037,26.28,Aalborg,16,2,7,26.081396,26.081396,26.081396,26.081396,26.081396,26.081396,17741.58840136129,508.70458828200003,0.0,0.0
2026-07-08 17:00:00+00:00,19.5045,68.0,0.0,1007.30585,70.0,26.081396,275.4037,26.28,Aalborg,17,2,7,26.081396,26.081396,26.081396,26.081396,26.081396,26.081396,17741.58840136129,508.70458828200003,0.0,0.0
2026-07-08 18:00:00+00:00,19.5045,68.0,0.0,1007.30585,70.0,26.081396,275.4037,26.28,Aalborg,18,2,7,26.081396,26.081396,26.081396,26.081396,26.081396,26.081396,17741.58840136129,508.70458828200003,0.0,0.0
2026-07-08 19:00:00+00:00,19.5045,68.0,0.0,1007.30585,70.0,26.081396,275.4037,26.28,Aalborg,19,2,7,26.081396,26.081396,26.081396,26.081396,26.081396,26.081396,17741.58840136129,508.70458828200003,0.0,0.0
2026-07-08 20:00:00+00:00,19.5045,68.0,0.0,1007.30585,70.0,26.081396,275.4037,26.28,Aalborg,20,2,7,26.081396,26.081396,26.081396,26.081396,26.081396,26.081396,17741.58840136129,508.70458828200003,0.0,0.0
2026-07-08 21:00:00+00:00,19.5045,68.0,0.0,1007.30585,70.0,26.081396,275.4037,26.28,Aalborg,21,2,7,26.081396,26.081396,26.081396,26.081396,26.081396,26.081396,17741.58840136129,508.70458828200003,0.0,0.0
2026-07-08 22:00:00+00:00,19.5045,68.0,0.0,1007.30585,70.0,26.081396,275.4037,26.28,Aalborg,22,2,7,26.081396,26.081396,26.081396,26.081396,26.081396,26.081396,17741.58840136129,508.70458828200003,0.0,0.0
2026-07-08 23:00:00+00:00,19.5045,68.0,0.0,1007.30585,70.0,26.081396,275.4037,26.28,Aalborg,23,2,7,26.081396,26.081396,26.081396,26.081396,26.081396,26.081396,17741.58840136129,508.70458828200003,0.0,0.0
2026-07-09 00:00:00+00:00,19.5045,68.0,0.0,1007.30585,70.0,26.081396,275.4037,26.28,Aalborg,0,3,7,26.081396,26.081396,26.081396,26.081396,26.081396,26.081396,17741.58840136129,508.70458828200003,0.0,0.0
2026-07-09 01:00:00+00:00,19.5045,68.0,0.0,1007.30585,70.0,26.081396,275.4037,26.28,Aalborg,1,3,7,26.081396,26.081396,26.081396,26.081396,26.081396,26.081396,17741.58840136129,508.70458828200003,0.0,0.0
2026-07-09 02:00:00+00:00,19.5045,68.0,0.0,1007.30585,70.0,26.081396,275.4037,26.28,Aalborg,2,3,7,26.081396,26.081396,26.081396,26.081396,26.081396,26.081396,17741.58840136129,508.70458828200003,0.0,0.0
2026-07-09 03:00:00+00:00,19.5045,68.0,0.0,1007.30585,70.0,26.081396,275.4037,26.28,Aalborg,3,3,7,26.081396,26.081396,26.081396,26.081396,26.081396,26.081396,17741.58840136129,508.70458828200003,0.0,0.0
2026-07-09 04:00:00+00:00,19.5045,68.0,0.0,1007.30585,70.0,26.081396,275.4037,26.28,Aalborg,4,3,7,26.081396,26.081396,26.081396,26.081396,26.081396,26.081396,17741.58840136129,508.70458828200003,0.0,0.0
2026-07-09 05:00:00+00:00,19.5045,68.0,0.0,1007.30585,70.0,26.081396,275.4037,26.28,Aalborg,5,3,7,26.081396,26.081396,26.081396,26.081396,26.081396,26.081396,17741.58840136129,508.70458828200003,0.0,0.0
2026-07-09 06:00:00+00:00,19.5045,68.0,0.0,1007.30585,70.0,26.081396,275.4037,26.28,Aalborg,6,3,7,26.081396,26.081396,26.081396,26.081396,26.081396,26.081396,17741.58840136129,508.70458828200003,0.0,0.0
2026-07-09 07:00:00+00:00,19.5045,68.0,0.0,1007.30585,70.0,26.081396,275.4037,26.28,Aalborg,7,3,7,26.081396,26.081396,26.081396,26.081396,26.081396,26.081396,17741.58840136129,508.70458828200003,0.0,0.0
2026-07-09 08:00:00+00:00,19.5045,68.0,0.0,1007.30585,70.0,26.081396,275.4037,26.28,Aalborg,8,3,7,26.081396,26.081396,26.081396,26.081396,26.081396,26.081396,17741.58840136129,508.70458828200003,0.0,0.0
2026-07-09 09:00:00+00:00,19.5045,68.0,0.0,1007.30585,70.0,26.081396,275.4037,26.28,Aalborg,9,3,7,26.081396,26.081396,26.081396,26.081396,26.081396,26.081396,17741.58840136129,508.70458828200003,0.0,0.0
2026-07-09 10:00:00+00:00,19.5045,68.0,0.0,1007.30585,70.0,26.081396,275.4037,26.28,Aalborg,10,3,7,26.081396,26.081396,26.081396,26.081396,26.081396,26.081396,17741.58840136129,508.70458828200003,0.0,0.0
2026-07-09 11:00:00+00:00,19.5045,68.0,0.0,1007.30585,70.0,26.081396,275.4037,26.28,Aalborg,11,3,7,26.081396,26.081396,26.081396,26.081396,26.081396,26.081396,17741.58840136129,508.70458828200003,0.0,0.0
2026-07-09 12:00:00+00:00,19.5045,68.0,0.0,1007.30585,70.0,26.081396,275.4037,26.28,Aalborg,12,3,7,26.081396,26.081396,26.081396,26.081396,26.081396,26.081396,17741.58840136129,508.70458828200003,0.0,0.0
2026-07-09 13:00:00+00:00,19.5045,68.0,0.0,1007.30585,70.0,26.081396,275.4037,26.28,Aalborg,13,3,7,26.081396,26.081396,26.081396,26.081396,26.081396,26.081396,17741.58840136129,508.70458828200003,0.0,0.0
2026-07-09 14:00:00+00:00,19.5045,68.0,0.0,1007.30585,70.0,26.081396,275.4037,26.28,Aalborg,14,3,7,26.081396,26.081396,26.081396,26.081396,26.081396,26.081396,17741.58840136129,508.70458828200003,0.0,0.0
2026-07-09 15:00:00+00:00,19.5045,68.0,0.0,1007.30585,70.0,26.081396,275.4037,26.28,Aalborg,15,3,7,26.081396,26.081396,26.081396,26.081396,26.081396,26.081396,17741.58840136129,508.70458828200003,0.0,0.0
2026-07-09 16:00:00+00:00,19.5045,68.0,0.0,1007.30585,70.0,26.081396,275.4037,26.28,Aalborg,16,3,7,26.081396,26.081396,26.081396,26.081396,26.081396,26.081396,17741.58840136129,508.70458828200003,0.0,0.0
2026-07-09 17:00:00+00:00,19.5045,68.0,0.0,1007.30585,70.0,26.081396,275.4037,26.28,Aalborg,17,3,7,26.081396,26.081396,26.081396,26.081396,26.081396,26.081396,17741.58840136129,508.70458828200003,0.0,0.0
2026-07-09 18:00:00+00:00,19.5045,68.0,0.0,1007.30585,70.0,26.081396,275.4037,26.28,Aalborg,18,3,7,26.081396,26.081396,26.081396,26.081396,26.081396,26.081396,17741.58840136129,508.70458828200003,0.0,0.0
2026-07-09 19:00:00+00:00,19.5045,68.0,0.0,1007.30585,70.0,26.081396,275.4037,26.28,Aalborg,19,3,7,26.081396,26.081396,26.081396,26.081396,26.081396,26.081396,17741.58840136129,508.70458828200003,0.0,0.0
2026-07-09 20:00:00+00:00,19.5045,68.0,0.0,1007.30585,70.0,26.081396,275.4037,26.28,Aalborg,20,3,7,26.081396,26.081396,26.081396,26.081396,26.081396,26.081396,17741.58840136129,508.70458828200003,0.0,0.0
2026-07-09 21:00:00+00:00,19.5045,68.0,0.0,1007.30585,70.0,26.081396,275.4037,26.28,Aalborg,21,3,7,26.081396,26.081396,26.081396,26.081396,26.081396,26.081396,17741.58840136129,508.70458828200003,0.0,0.0
2026-07-09 22:00:00+00:00,19.5045,68.0,0.0,1007.30585,70.0,26.081396,275.4037,26.28,Aalborg,22,3,7,26.081396,26.081396,26.081396,26.081396,26.081396,26.081396,17741.58840136129,508.70458828200003,0.0,0.0
2026-07-09 23:00:00+00:00,19.5045,68.0,0.0,1007.30585,70.0,26.081396,275.4037,26.28,Aalborg,23,3,7,26.081396,26.081396,26.081396,26.081396,26.081396,26.081396,17741.58840136129,508.70458828200003,0.0,0.0
2026-07-10 00:00:00+00:00,19.5045,68.0,0.0,1007.30585,70.0,26.081396,275.4037,26.28,Aalborg,0,4,7,26.081396,26.081396,26.081396,26.081396,26.081396,26.081396,17741.58840136129,508.70458828200003,0.0,0.0
2026-07-10 01:00:00+00:00,19.5045,68.0,0.0,1007.30585,70.0,26.081396,275.4037,26.28,Aalborg,1,4,7,26.081396,26.081396,26.081396,26.081396,26.081396,26.081396,17741.58840136129,508.70458828200003,0.0,0.0
2026-07-10 02:00:00+00:00,19.5045,68.0,0.0,1007.30585,70.0,26.081396,275.4037,26.28,Aalborg,2,4,7,26.081396,26.081396,26.081396,26.081396,26.081396,26.081396,17741.58840136129,508.70458828200003,0.0,0.0
2026-07-10 03:00:00+00:00,19.5045,68.0,0.0,1007.30585,70.0,26.081396,275.4037,26.28,Aalborg,3,4,7,26.081396,26.081396,26.081396,26.081396,26.081396,26.081396,17741.58840136129,508.70458828200003,0.0,0.0
2026-07-10 04:00:00+00:00,19.5045,68.0,0.0,1007.30585,70.0,26.081396,275.4037,26.28,Aalborg,4,4,7,26.081396,26.081396,26.081396,26.081396,26.081396,26.081396,17741.58840136129,508.70458828200003,0.0,0.0
2026-07-10 05:00:00+00:00,19.5045,68.0,0.0,1007.30585,70.0,26.081396,275.4037,26.28,Aalborg,5,4,7,26.081396,26.081396,26.081396,26.081396,26.081396,26.081396,17741.58840136129,508.70458828200003,0.0,0.0
2026-07-10 06:00:00+00:00,19.5045,68.0,0.0,1007.30585,70.0,26.081396,275.4037,26.28,Aalborg,6,4,7,26.081396,26.081396,26.081396,26.081396,26.081396,26.081396,17741.58840136129,508.70458828200003,0.0,0.0
2026-07-10 07:00:00+00:00,19.5045,68.0,0.0,1007.30585,70.0,26.081396,275.4037,26.28,Aalborg,7,4,7,26.081396,26.081396,26.081396,26.081396,26.081396,26.081396,17741.58840136129,508.70458828200003,0.0,0.0
2026-07-10 08:00:00+00:00,19.5045,68.0,0.0,1007.30585,70.0,26.081396,275.4037,26.28,Aalborg,8,4,7,26.081396,26.081396,26.081396,26.081396,26.081396,26.081396,17741.58840136129,508.70458828200003,0.0,0.0
2026-07-10 09:00:00+00:00,19.5045,68.0,0.0,1007.30585,70.0,26.081396,275.4037,26.28,Aalborg,9,4,7,26.081396,26.081396,26.081396,26.081396,26.081396,26.081396,17741.58840136129,508.70458828200003,0.0,0.0
2026-07-10 10:00:00+00:00,19.5045,68.0,0.0,1007.30585,70.0,26.081396,275.4037,26.28,Aalborg,10,4,7,26.081396,26.081396,26.081396,26.081396,26.081396,26.081396,17741.58840136129,508.70458828200003,0.0,0.0
2026-07-10 11:00:00+00:00,19.5045,68.0,0.0,1007.30585,70.0,26.081396,275.4037,26.28,Aalborg,11,4,7,26.081396,26.081396,26.081396,26.081396,26.081396,26.081396,17741.58840136129,508.70458828200003,0.0,0.0
2026-07-10 12:00:00+00:00,19.5045,68.0,0.0,1007.30585,70.0,26.081396,275.4037,26.28,Aalborg,12,4,7,26.081396,26.081396,26.081396,26.081396,26.081396,26.081396,17741.58840136129,508.70458828200003,0.0,0.0
2026-07-10 13:00:00+00:00,19.5045,68.0,0.0,1007.30585,70.0,26.081396,275.4037,26.28,Aalborg,13,4,7,26.081396,26.081396,26.081396,26.081396,26.081396,26.081396,17741.58840136129,508.70458828200003,0.0,0.0
2026-07-10 14:00:00+00:00,19.5045,68.0,0.0,1007.30585,70.0,26.081396,275.4037,26.28,Aalborg,14,4,7,26.081396,26.081396,26.081396,26.081396,26.081396,26.081396,17741.58840136129,508.70458828200003,0.0,0.0
2026-07-10 15:00:00+00:00,19.5045,68.0,0.0,1007.30585,70.0,26.081396,275.4037,26.28,Aalborg,15,4,7,26.081396,26.081396,26.081396,26.081396,26.081396,26.081396,17741.58840136129,508.70458828200003,0.0,0.0
2026-07-10 16:00:00+00:00,19.5045,68.0,0.0,1007.30585,70.0,26.081396,275.4037,26.28,Aalborg,16,4,7,26.081396,26.081396,26.081396,26.081396,26.081396,26.081396,17741.58840136129,508.70458828200003,0.0,0.0
2026-07-10 17:00:00+00:00,19.5045,68.0,0.0,1007.30585,70.0,26.081396,275.4037,26.28,Aalborg,17,4,7,26.081396,26.081396,26.081396,26.081396,26.081396,26.081396,17741.58840136129,508.70458828200003,0.0,0.0
2026-07-10 18:00:00+00:00,19.5045,68.0,0.0,1007.30585,70.0,26.081396,275.4037,26.28,Aalborg,18,4,7,26.081396,26.081396,26.081396,26.081396,26.081396,26.081396,17741.58840136129,508.70458828200003,0.0,0.0
2026-07-10 19:00:00+00:00,19.5045,68.0,0.0,1007.30585,70.0,26.081396,275.4037,26.28,Aalborg,19,4,7,26.081396,26.081396,26.081396,26.081396,26.081396,26.081396,17741.58840136129,508.70458828200003,0.0,0.0
2026-07-10 20:00:00+00:00,19.5045,68.0,0.0,1007.30585,70.0,26.081396,275.4037,26.28,Aalborg,20,4,7,26.081396,26.081396,26.081396,26.081396,26.081396,26.081396,17741.58840136129,508.70458828200003,0.0,0.0
2026-07-10 21:00:00+00:00,19.5045,68.0,0.0,1007.30585,70.0,26.081396,275.4037,26.28,Aalborg,21,4,7,26.081396,26.081396,26.081396,26.081396,26.081396,26.081396,17741.58840136129,508.70458828200003,0.0,0.0
2026-07-10 22:00:00+00:00,19.5045,68.0,0.0,1007.30585,70.0,26.081396,275.4037,26.28,Aalborg,22,4,7,26.081396,26.081396,26.081396,26.081396,26.081396,26.081396,17741.58840136129,508.70458828200003,0.0,0.0
2026-07-10 23:00:00+00:00,19.5045,68.0,0.0,1007.30585,70.0,26.081396,275.4037,26.28,Aalborg,23,4,7,26.081396,26.081396,26.081396,26.081396,26.081396,26.081396,17741.58840136129,508.70458828200003,0.0,0.0
2026-07-11 00:00:00+00:00,19.5045,68.0,0.0,1007.30585,70.0,26.081396,275.4037,26.28,Aalborg,0,5,7,26.081396,26.081396,26.081396,26.081396,26.081396,26.081396,17741.58840136129,508.70458828200003,0.0,0.0
2026-07-11 01:00:00+00:00,19.5045,68.0,0.0,1007.30585,70.0,26.081396,275.4037,26.28,Aalborg,1,5,7,26.081396,26.081396,26.081396,26.081396,26.081396,26.081396,17741.58840136129,508.70458828200003,0.0,0.0
2026-07-11 02:00:00+00:00,19.5045,68.0,0.0,1007.30585,70.0,26.081396,275.4037,26.28,Aalborg,2,5,7,26.081396,26.081396,26.081396,26.081396,26.081396,26.081396,17741.58840136129,508.70458828200003,0.0,0.0
2026-07-11 03:00:00+00:00,19.5045,68.0,0.0,1007.30585,70.0,26.081396,275.4037,26.28,Aalborg,3,5,7,26.081396,26.081396,26.081396,26.081396,26.081396,26.081396,17741.58840136129,508.70458828200003,0.0,0.0
2026-07-11 04:00:00+00:00,19.5045,68.0,0.0,1007.30585,70.0,26.081396,275.4037,26.28,Aalborg,4,5,7,26.081396,26.081396,26.081396,26.081396,26.081396,26.081396,17741.58840136129,508.70458828200003,0.0,0.0
2026-07-11 05:00:00+00:00,19.5045,68.0,0.0,1007.30585,70.0,26.081396,275.4037,26.28,Aalborg,5,5,7,26.081396,26.081396,26.081396,26.081396,26.081396,26.081396,17741.58840136129,508.70458828200003,0.0,0.0
2026-07-11 06:00:00+00:00,19.5045,68.0,0.0,1007.30585,70.0,26.081396,275.4037,26.28,Aalborg,6,5,7,26.081396,26.081396,26.081396,26.081396,26.081396,26.081396,17741.58840136129,508.70458828200003,0.0,0.0
2026-07-11 07:00:00+00:00,19.5045,68.0,0.0,1007.30585,70.0,26.081396,275.4037,26.28,Aalborg,7,5,7,26.081396,26.081396,26.081396,26.081396,26.081396,26.081396,17741.58840136129,508.70458828200003,0.0,0.0
2026-07-11 08:00:00+00:00,19.5045,68.0,0.0,1007.30585,70.0,26.081396,275.4037,26.28,Aalborg,8,5,7,26.081396,26.081396,26.081396,26.081396,26.081396,26.081396,17741.58840136129,508.70458828200003,0.0,0.0
2026-07-11 09:00:00+00:00,19.5045,68.0,0.0,1007.30585,70.0,26.081396,275.4037,26.28,Aalborg,9,5,7,26.081396,26.081396,26.081396,26.081396,26.081396,26.081396,17741.58840136129,508.70458828200003,0.0,0.0
2026-07-11 10:00:00+00:00,19.5045,68.0,0.0,1007.30585,70.0,26.081396,275.4037,26.28,Aalborg,10,5,7,26.081396,26.081396,26.081396,26.081396,26.081396,26.081396,17741.58840136129,508.70458828200003,0.0,0.0
2026-07-11 11:00:00+00:00,19.5045,68.0,0.0,1007.30585,70.0,26.081396,275.4037,26.28,Aalborg,11,5,7,26.081396,26.081396,26.081396,26.081396,26.081396,26.081396,17741.58840136129,508.70458828200003,0.0,0.0
2026-07-11 12:00:00+00:00,19.5045,68.0,0.0,1007.30585,70.0,26.081396,275.4037,26.28,Aalborg,12,5,7,26.081396,26.081396,26.081396,26.081396,26.081396,26.081396,17741.58840136129,508.70458828200003,0.0,0.0
2026-07-11 13:00:00+00:00,19.5045,68.0,0.0,1007.30585,70.0,26.081396,275.4037,26.28,Aalborg,13,5,7,26.081396,26.081396,26.081396,26.081396,26.081396,26.081396,17741.58840136129,508.70458828200003,0.0,0.0
2026-07-11 14:00:00+00:00,19.5045,68.0,0.0,1007.30585,70.0,26.081396,275.4037,26.28,Aalborg,14,5,7,26.081396,26.081396,26.081396,26.081396,26.081396,26.081396,17741.58840136129,508.70458828200003,0.0,0.0
2026-07-11 15:00:00+00:00,19.5045,68.0,0.0,1007.30585,70.0,26.081396,275.4037,26.28,Aalborg,15,5,7,26.081396,26.081396,26.081396,26.081396,26.081396,26.081396,17741.58840136129,508.70458828200003,0.0,0.0
2026-07-11 16:00:00+00:00,19.5045,68.0,0.0,1007.30585,70.0,26.081396,275.4037,26.28,Aalborg,16,5,7,26.081396,26.081396,26.081396,26.081396,26.081396,26.081396,17741.58840136129,508.70458828200003,0.0,0.0
2026-07-11 17:00:00+00:00,19.5045,68.0,0.0,1007.30585,70.0,26.081396,275.4037,26.28,Aalborg,17,5,7,26.081396,26.081396,26.081396,26.081396,26.081396,26.081396,17741.58840136129,508.70458828200003,0.0,0.0
2026-07-11 18:00:00+00:00,19.5045,68.0,0.0,1007.30585,70.0,26.081396,275.4037,26.28,Aalborg,18,5,7,26.081396,26.081396,26.081396,26.081396,26.081396,26.081396,17741.58840136129,508.70458828200003,0.0,0.0
2026-07-11 19:00:00+00:00,19.5045,68.0,0.0,1007.30585,70.0,26.081396,275.4037,26.28,Aalborg,19,5,7,26.081396,26.081396,26.081396,26.081396,26.081396,26.081396,17741.58840136129,508.70458828200003,0.0,0.0
2026-07-11 20:00:00+00:00,19.5045,68.0,0.0,1007.30585,70.0,26.081396,275.4037,26.28,Aalborg,20,5,7,26.081396,26.081396,26.081396,26.081396,26.081396,26.081396,17741.58840136129,508.70458828200003,0.0,0.0
2026-07-11 21:00:00+00:00,19.5045,68.0,0.0,1007.30585,70.0,26.081396,275.4037,26.28,Aalborg,21,5,7,26.081396,26.081396,26.081396,26.081396,26.081396,26.081396,17741.58840136129,508.70458828200003,0.0,0.0
2026-07-11 22:00:00+00:00,19.5045,68.0,0.0,1007.30585,70.0,26.081396,275.4037,26.28,Aalborg,22,5,7,26.081396,26.081396,26.081396,26.081396,26.081396,26.081396,17741.58840136129,508.70458828200003,0.0,0.0
2026-07-11 23:00:00+00:00,19.5045,68.0,0.0,1007.30585,70.0,26.081396,275.4037,26.28,Aalborg,23,5,7,26.081396,26.081396,26.081396,26.081396,26.081396,26.081396,17741.58840136129,508.70458828200003,0.0,0.0
2026-07-12 00:00:00+00:00,19.5045,68.0,0.0,1007.30585,70.0,26.081396,275.4037,26.28,Aalborg,0,6,7,26.081396,26.081396,26.081396,26.081396,26.081396,26.081396,17741.58840136129,508.70458828200003,0.0,0.0
2026-07-12 01:00:00+00:00,19.5045,68.0,0.0,1007.30585,70.0,26.081396,275.4037,26.28,Aalborg,1,6,7,26.081396,26.081396,26.081396,26.081396,26.081396,26.081396,17741.58840136129,508.70458828200003,0.0,0.0
2026-07-12 02:00:00+00:00,19.5045,68.0,0.0,1007.30585,70.0,26.081396,275.4037,26.28,Aalborg,2,6,7,26.081396,26.081396,26.081396,26.081396,26.081396,26.081396,17741.58840136129,508.70458828200003,0.0,0.0
2026-07-12 03:00:00+00:00,19.5045,68.0,0.0,1007.30585,70.0,26.081396,275.4037,26.28,Aalborg,3,6,7,26.081396,26.081396,26.081396,26.081396,26.081396,26.081396,17741.58840136129,508.70458828200003,0.0,0.0
2026-07-12 04:00:00+00:00,19.5045,68.0,0.0,1007.30585,70.0,26.081396,275.4037,26.28,Aalborg,4,6,7,26.081396,26.081396,26.081396,26.081396,26.081396,26.081396,17741.58840136129,508.70458828200003,0.0,0.0
2026-07-12 05:00:00+00:00,19.5045,68.0,0.0,1007.30585,70.0,26.081396,275.4037,26.28,Aalborg,5,6,7,26.081396,26.081396,26.081396,26.081396,26.081396,26.081396,17741.58840136129,508.70458828200003,0.0,0.0
2026-07-12 06:00:00+00:00,19.5045,68.0,0.0,1007.30585,70.0,26.081396,275.4037,26.28,Aalborg,6,6,7,26.081396,26.081396,26.081396,26.081396,26.081396,26.081396,17741.58840136129,508.70458828200003,0.0,0.0
2026-07-12 07:00:00+00:00,19.5045,68.0,0.0,1007.30585,70.0,26.081396,275.4037,26.28,Aalborg,7,6,7,26.081396,26.081396,26.081396,26.081396,26.081396,26.081396,17741.58840136129,508.70458828200003,0.0,0.0
2026-07-12 08:00:00+00:00,19.5045,68.0,0.0,1007.30585,70.0,26.081396,275.4037,26.28,Aalborg,8,6,7,26.081396,26.081396,26.081396,26.081396,26.081396,26.081396,17741.58840136129,508.70458828200003,0.0,0.0
2026-07-12 09:00:00+00:00,19.5045,68.0,0.0,1007.30585,70.0,26.081396,275.4037,26.28,Aalborg,9,6,7,26.081396,26.081396,26.081396,26.081396,26.081396,26.081396,17741.58840136129,508.70458828200003,0.0,0.0
2026-07-12 10:00:00+00:00,19.5045,68.0,0.0,1007.30585,70.0,26.081396,275.4037,26.28,Aalborg,10,6,7,26.081396,26.081396,26.081396,26.081396,26.081396,26.081396,17741.58840136129,508.70458828200003,0.0,0.0
2026-07-12 11:00:00+00:00,19.5045,68.0,0.0,1007.30585,70.0,26.081396,275.4037,26.28,Aalborg,11,6,7,26.081396,26.081396,26.081396,26.081396,26.081396,26.081396,17741.58840136129,508.70458828200003,0.0,0.0
2026-07-12 12:00:00+00:00,19.5045,68.0,0.0,1007.30585,70.0,26.081396,275.4037,26.28,Aalborg,12,6,7,26.081396,26.081396,26.081396,26.081396,26.081396,26.081396,17741.58840136129,508.70458828200003,0.0,0.0
2026-07-12 13:00:00+00:00,19.5045,68.0,0.0,1007.30585,70.0,26.081396,275.4037,26.28,Aalborg,13,6,7,26.081396,26.081396,26.081396,26.081396,26.081396,26.081396,17741.58840136129,508.70458828200003,0.0,0.0
2026-07-12 14:00:00+00:00,19.5045,68.0,0.0,1007.30585,70.0,26.081396,275.4037,26.28,Aalborg,14,6,7,26.081396,26.081396,26.081396,26.081396,26.081396,26.081396,17741.58840136129,508.70458828200003,0.0,0.0
2026-07-12 15:00:00+00:00,19.5045,68.0,0.0,1007.30585,70.0,26.081396,275.4037,26.28,Aalborg,15,6,7,26.081396,26.081396,26.081396,26.081396,26.081396,26.081396,17741.58840136129,508.70458828200003,0.0,0.0
2026-07-12 16:00:00+00:00,19.5045,68.0,0.0,1007.30585,70.0,26.081396,275.4037,26.28,Aalborg,16,6,7,26.081396,26.081396,26.081396,26.081396,26.081396,26.081396,17741.58840136129,508.70458828200003,0.0,0.0
2026-07-12 17:00:00+00:00,19.5045,68.0,0.0,1007.30585,70.0,26.081396,275.4037,26.28,Aalborg,17,6,7,26.081396,26.081396,26.081396,26.081396,26.081396,26.081396,17741.58840136129,508.70458828200003,0.0,0.0
2026-07-12 18:00:00+00:00,19.5045,68.0,0.0,1007.30585,70.0,26.081396,275.4037,26.28,Aalborg,18,6,7,26.081396,26.081396,26.081396,26.081396,26.081396,26.081396,17741.58840136129,508.70458828200003,0.0,0.0
2026-07-12 19:00:00+00:00,19.5045,68.0,0.0,1007.30585,70.0,26.081396,275.4037,26.28,Aalborg,19,6,7,26.081396,26.081396,26.081396,26.081396,26.081396,26.081396,17741.58840136129,508.70458828200003,0.0,0.0
2026-07-12 20:00:00+00:00,19.5045,68.0,0.0,1007.30585,70.0,26.081396,275.4037,26.28,Aalborg,20,6,7,26.081396,26.081396,26.081396,26.081396,26.081396,26.081396,17741.58840136129,508.70458828200003,0.0,0.0
2026-07-12 21:00:00+00:00,19.5045,68.0,0.0,1007.30585,70.0,26.081396,275.4037,26.28,Aalborg,21,6,7,26.081396,26.081396,26.081396,26.081396,26.081396,26.081396,17741.58840136129,508.70458828200003,0.0,0.0
2026-07-12 22:00:00+00:00,19.5045,68.0,0.0,1007.30585,70.0,26.081396,275.4037,26.28,Aalborg,22,6,7,26.081396,26.081396,26.081396,26.081396,26.081396,26.081396,17741.58840136129,508.70458828200003,0.0,0.0
2026-07-12 23:00:00+00:00,19.5045,68.0,0.0,1007.30585,70.0,26.081396,275.4037,26.28,Aalborg,23,6,7,26.081396,26.081396,26.081396,26.081396,26.081396,26.081396,17741.58840136129,508.70458828200003,0.0,0.0
2026-07-13 00:00:00+00:00,19.5045,68.0,0.0,1007.30585,70.0,26.081396,275.4037,26.28,Aalborg,0,0,7,26.081396,26.081396,26.081396,26.081396,26.081396,26.081396,17741.58840136129,508.70458828200003,0.0,0.0
2026-07-13 01:00:00+00:00,19.5045,68.0,0.0,1007.30585,70.0,26.081396,275.4037,26.28,Aalborg,1,0,7,26.081396,26.081396,26.081396,26.081396,26.081396,26.081396,17741.58840136129,508.70458828200003,0.0,0.0
2026-07-13 02:00:00+00:00,19.5045,68.0,0.0,1007.30585,70.0,26.081396,275.4037,26.28,Aalborg,2,0,7,26.081396,26.081396,26.081396,26.081396,26.081396,26.081396,17741.58840136129,508.70458828200003,0.0,0.0
2026-07-13 03:00:00+00:00,19.5045,68.0,0.0,1007.30585,70.0,26.081396,275.4037,26.28,Aalborg,3,0,7,26.081396,26.081396,26.081396,26.081396,26.081396,26.081396,17741.58840136129,508.70458828200003,0.0,0.0
2026-07-13 04:00:00+00:00,19.5045,68.0,0.0,1007.30585,70.0,26.081396,275.4037,26.28,Aalborg,4,0,7,26.081396,26.081396,26.081396,26.081396,26.081396,26.081396,17741.58840136129,508.70458828200003,0.0,0.0
2026-07-13 05:00:00+00:00,19.5045,68.0,0.0,1007.30585,70.0,26.081396,275.4037,26.28,Aalborg,5,0,7,26.081396,26.081396,26.081396,26.081396,26.081396,26.081396,17741.58840136129,508.70458828200003,0.0,0.0
2026-07-13 06:00:00+00:00,19.5045,68.0,0.0,1007.30585,70.0,26.081396,275.4037,26.28,Aalborg,6,0,7,26.081396,26.081396,26.081396,26.081396,26.081396,26.081396,17741.58840136129,508.70458828200003,0.0,0.0
2026-07-13 07:00:00+00:00,19.5045,68.0,0.0,1007.30585,70.0,26.081396,275.4037,26.28,Aalborg,7,0,7,26.081396,26.081396,26.081396,26.081396,26.081396,26.081396,17741.58840136129,508.70458828200003,0.0,0.0
2026-07-13 08:00:00+00:00,19.5045,68.0,0.0,1007.30585,70.0,26.081396,275.4037,26.28,Aalborg,8,0,7,26.081396,26.081396,26.081396,26.081396,26.081396,26.081396,17741.58840136129,508.70458828200003,0.0,0.0
2026-07-13 09:00:00+00:00,19.5045,68.0,0.0,1007.30585,70.0,26.081396,275.4037,26.28,Aalborg,9,0,7,26.081396,26.081396,26.081396,26.081396,26.081396,26.081396,17741.58840136129,508.70458828200003,0.0,0.0
2026-07-13 10:00:00+00:00,19.5045,68.0,0.0,1007.30585,70.0,26.081396,275.4037,26.28,Aalborg,10,0,7,26.081396,26.081396,26.081396,26.081396,26.081396,26.081396,17741.58840136129,508.70458828200003,0.0,0.0
2026-07-13 11:00:00+00:00,19.5045,68.0,0.0,1007.30585,70.0,26.081396,275.4037,26.28,Aalborg,11,0,7,26.081396,26.081396,26.081396,26.081396,26.081396,26.081396,17741.58840136129,508.70458828200003,0.0,0.0
2026-07-13 12:00:00+00:00,19.5045,68.0,0.0,1007.30585,70.0,26.081396,275.4037,26.28,Aalborg,12,0,7,26.081396,26.081396,26.081396,26.081396,26.081396,26.081396,17741.58840136129,508.70458828200003,0.0,0.0
2026-07-13 13:00:00+00:00,19.5045,68.0,0.0,1007.30585,70.0,26.081396,275.4037,26.28,Aalborg,13,0,7,26.081396,26.081396,26.081396,26.081396,26.081396,26.081396,17741.58840136129,508.70458828200003,0.0,0.0
2026-07-13 14:00:00+00:00,19.5045,68.0,0.0,1007.30585,70.0,26.081396,275.4037,26.28,Aalborg,14,0,7,26.081396,26.081396,26.081396,26.081396,26.081396,26.081396,17741.58840136129,508.70458828200003,0.0,0.0
2026-07-13 15:00:00+00:00,19.5045,68.0,0.0,1007.30585,70.0,26.081396,275.4037,26.28,Aalborg,15,0,7,26.081396,26.081396,26.081396,26.081396,26.081396,26.081396,17741.58840136129,508.70458828200003,0.0,0.0
2026-07-13 16:00:00+00:00,19.5045,68.0,0.0,1007.30585,70.0,26.081396,275.4037,26.28,Aalborg,16,0,7,26.081396,26.081396,26.081396,26.081396,26.081396,26.081396,17741.58840136129,508.70458828200003,0.0,0.0
2026-07-13 17:00:00+00:00,19.5045,68.0,0.0,1007.30585,70.0,26.081396,275.4037,26.28,Aalborg,17,0,7,26.081396,26.081396,26.081396,26.081396,26.081396,26.081396,17741.58840136129,508.70458828200003,0.0,0.0
2026-07-13 18:00:00+00:00,19.5045,68.0,0.0,1007.30585,70.0,26.081396,275.4037,26.28,Aalborg,18,0,7,26.081396,26.081396,26.081396,26.081396,26.081396,26.081396,17741.58840136129,508.70458828200003,0.0,0.0
2026-07-13 19:00:00+00:00,19.5045,68.0,0.0,1007.30585,70.0,26.081396,275.4037,26.28,Aalborg,19,0,7,26.081396,26.081396,26.081396,26.081396,26.081396,26.081396,17741.58840136129,508.70458828200003,0.0,0.0
2026-07-13 20:00:00+00:00,19.5045,68.0,0.0,1007.30585,70.0,26.081396,275.4037,26.28,Aalborg,20,0,7,26.081396,26.081396,26.081396,26.081396,26.081396,26.081396,17741.58840136129,508.70458828200003,0.0,0.0
2026-07-13 21:00:00+00:00,19.5045,68.0,0.0,1007.30585,70.0,26.081396,275.4037,26.28,Aalborg,21,0,7,26.081396,26.081396,26.081396,26.081396,26.081396,26.081396,17741.58840136129,508.70458828200003,0.0,0.0
2026-07-13 22:00:00+00:00,19.5045,68.0,0.0,1007.30585,70.0,26.081396,275.4037,26.28,Aalborg,22,0,7,26.081396,26.081396,26.081396,26.081396,26.081396,26.081396,17741.58840136129,508.70458828200003,0.0,0.0
2026-07-13 23:00:00+00:00,19.5045,68.0,0.0,1007.30585,70.0,26.081396,275.4037,26.28,Aalborg,23,0,7,26.081396,26.081396,26.081396,26.081396,26.081396,26.081396,17741.58840136129,508.70458828200003,0.0,0.0
2026-07-14 00:00:00+00:00,19.5045,68.0,0.0,1007.30585,70.0,26.081396,275.4037,26.28,Aalborg,0,1,7,26.081396,26.081396,26.081396,26.081396,26.081396,26.081396,17741.58840136129,508.70458828200003,0.0,0.0
2026-07-14 01:00:00+00:00,19.5045,68.0,0.0,1007.30585,70.0,26.081396,275.4037,26.28,Aalborg,1,1,7,26.081396,26.081396,26.081396,26.081396,26.081396,26.081396,17741.58840136129,508.70458828200003,0.0,0.0
2026-07-14 02:00:00+00:00,19.5045,68.0,0.0,1007.30585,70.0,26.081396,275.4037,26.28,Aalborg,2,1,7,26.081396,26.081396,26.081396,26.081396,26.081396,26.081396,17741.58840136129,508.70458828200003,0.0,0.0
2026-07-14 03:00:00+00:00,19.5045,68.0,0.0,1007.30585,70.0,26.081396,275.4037,26.28,Aalborg,3,1,7,26.081396,26.081396,26.081396,26.081396,26.081396,26.081396,17741.58840136129,508.70458828200003,0.0,0.0
2026-07-14 04:00:00+00:00,19.5045,68.0,0.0,1007.30585,70.0,26.081396,275.4037,26.28,Aalborg,4,1,7,26.081396,26.081396,26.081396,26.081396,26.081396,26.081396,17741.58840136129,508.70458828200003,0.0,0.0
2026-07-14 05:00:00+00:00,19.5045,68.0,0.0,1007.30585,70.0,26.081396,275.4037,26.28,Aalborg,5,1,7,26.081396,26.081396,26.081396,26.081396,26.081396,26.081396,17741.58840136129,508.70458828200003,0.0,0.0
2026-07-14 06:00:00+00:00,19.5045,68.0,0.0,1007.30585,70.0,26.081396,275.4037,26.28,Aalborg,6,1,7,26.081396,26.081396,26.081396,26.081396,26.081396,26.081396,17741.58840136129,508.70458828200003,0.0,0.0
2026-07-14 07:00:00+00:00,19.5045,68.0,0.0,1007.30585,70.0,26.081396,275.4037,26.28,Aalborg,7,1,7,26.081396,26.081396,26.081396,26.081396,26.081396,26.081396,17741.58840136129,508.70458828200003,0.0,0.0
2026-07-14 08:00:00+00:00,19.5045,68.0,0.0,1007.30585,70.0,26.081396,275.4037,26.28,Aalborg,8,1,7,26.081396,26.081396,26.081396,26.081396,26.081396,26.081396,17741.58840136129,508.70458828200003,0.0,0.0
2026-07-14 09:00:00+00:00,19.5045,68.0,0.0,1007.30585,70.0,26.081396,275.4037,26.28,Aalborg,9,1,7,26.081396,26.081396,26.081396,26.081396,26.081396,26.081396,17741.58840136129,508.70458828200003,0.0,0.0
2026-07-14 10:00:00+00:00,19.5045,68.0,0.0,1007.30585,70.0,26.081396,275.4037,26.28,Aalborg,10,1,7,26.081396,26.081396,26.081396,26.081396,26.081396,26.081396,17741.58840136129,508.70458828200003,0.0,0.0
2026-07-14 11:00:00+00:00,19.5045,68.0,0.0,1007.30585,70.0,26.081396,275.4037,26.28,Aalborg,11,1,7,26.081396,26.081396,26.081396,26.081396,26.081396,26.081396,17741.58840136129,508.70458828200003,0.0,0.0
2026-07-14 12:00:00+00:00,19.5045,68.0,0.0,1007.30585,70.0,26.081396,275.4037,26.28,Aalborg,12,1,7,26.081396,26.081396,26.081396,26.081396,26.081396,26.081396,17741.58840136129,508.70458828200003,0.0,0.0
2026-07-14 13:00:00+00:00,19.5045,68.0,0.0,1007.30585,70.0,26.081396,275.4037,26.28,Aalborg,13,1,7,26.081396,26.081396,26.081396,26.081396,26.081396,26.081396,17741.58840136129,508.70458828200003,0.0,0.0
2026-07-14 14:00:00+00:00,19.5045,68.0,0.0,1007.30585,70.0,26.081396,275.4037,26.28,Aalborg,14,1,7,26.081396,26.081396,26.081396,26.081396,26.081396,26.081396,17741.58840136129,508.70458828200003,0.0,0.0
2026-07-14 15:00:00+00:00,19.5045,68.0,0.0,1007.30585,70.0,26.081396,275.4037,26.28,Aalborg,15,1,7,26.081396,26.081396,26.081396,26.081396,26.081396,26.081396,17741.58840136129,508.70458828200003,0.0,0.0
2026-07-14 16:00:00+00:00,19.5045,68.0,0.0,1007.30585,70.0,26.081396,275.4037,26.28,Aalborg,16,1,7,26.081396,26.081396,26.081396,26.081396,26.081396,26.081396,17741.58840136129,508.70458828200003,0.0,0.0
2026-07-14 17:00:00+00:00,19.5045,68.0,0.0,1007.30585,70.0,26.081396,275.4037,26.28,Aalborg,17,1,7,26.081396,26.081396,26.081396,26.081396,26.081396,26.081396,17741.58840136129,508.70458828200003,0.0,0.0
2026-07-14 18:00:00+00:00,19.5045,68.0,0.0,1007.30585,70.0,26.081396,275.4037,26.28,Aalborg,18,1,7,26.081396,26.081396,26.081396,26.081396,26.081396,26.081396,17741.58840136129,508.70458828200003,0.0,0.0
2026-07-14 19:00:00+00:00,19.5045,68.0,0.0,1007.30585,70.0,26.081396,275.4037,26.28,Aalborg,19,1,7,26.081396,26.081396,26.081396,26.081396,26.081396,26.081396,17741.58840136129,508.70458828200003,0.0,0.0
2026-07-14 20:00:00+00:00,19.5045,68.0,0.0,1007.30585,70.0,26.081396,275.4037,26.28,Aalborg,20,1,7,26.081396,26.081396,26.081396,26.081396,26.081396,26.081396,17741.58840136129,508.70458828200003,0.0,0.0
2026-07-14 21:00:00+00:00,19.5045,68.0,0.0,1007.30585,70.0,26.081396,275.4037,26.28,Aalborg,21,1,7,26.081396,26.081396,26.081396,26.081396,26.081396,26.081396,17741.58840136129,508.70458828200003,0.0,0.0
2026-07-14 22:00:00+00:00,19.5045,68.0,0.0,1007.30585,70.0,26.081396,275.4037,26.28,Aalborg,22,1,7,26.081396,26.081396,26.081396,26.081396,26.081396,26.081396,17741.58840136129,508.70458828200003,0.0,0.0
2026-07-14 23:00:00+00:00,19.5045,68.0,0.0,1007.30585,70.0,26.081396,275.4037,26.28,Aalborg,23,1,7,26.081396,26.081396,26.081396,26.081396,26.081396,26.081396,17741.58840136129,508.70458828200003,0.0,0.0
2026-07-15 00:00:00+00:00,19.5045,68.0,0.0,1007.30585,70.0,26.081396,275.4037,26.28,Aalborg,0,2,7,26.081396,26.081396,26.081396,26.081396,26.081396,26.081396,17741.58840136129,508.70458828200003,0.0,0.0
2026-07-15 01:00:00+00:00,19.5045,68.0,0.0,1007.30585,70.0,26.081396,275.4037,26.28,Aalborg,1,2,7,26.081396,26.081396,26.081396,26.081396,26.081396,26.081396,17741.58840136129,508.70458828200003,0.0,0.0
2026-07-15 02:00:00+00:00,19.5045,68.0,0.0,1007.30585,70.0,26.081396,275.4037,26.28,Aalborg,2,2,7,26.081396,26.081396,26.081396,26.081396,26.081396,26.081396,17741.58840136129,508.70458828200003,0.0,0.0
2026-07-15 03:00:00+00:00,19.5045,68.0,0.0,1007.30585,70.0,26.081396,275.4037,26.28,Aalborg,3,2,7,26.081396,26.081396,26.081396,26.081396,26.081396,26.081396,17741.58840136129,508.70458828200003,0.0,0.0
2026-07-15 04:00:00+00:00,19.5045,68.0,0.0,1007.30585,70.0,26.081396,275.4037,26.28,Aalborg,4,2,7,26.081396,26.081396,26.081396,26.081396,26.081396,26.081396,17741.58840136129,508.70458828200003,0.0,0.0
2026-07-15 05:00:00+00:00,19.5045,68.0,0.0,1007.30585,70.0,26.081396,275.4037,26.28,Aalborg,5,2,7,26.081396,26.081396,26.081396,26.081396,26.081396,26.081396,17741.58840136129,508.70458828200003,0.0,0.0
2026-07-15 06:00:00+00:00,19.5045,68.0,0.0,1007.30585,70.0,26.081396,275.4037,26.28,Aalborg,6,2,7,26.081396,26.081396,26.081396,26.081396,26.081396,26.081396,17741.58840136129,508.70458828200003,0.0,0.0
2026-07-15 07:00:00+00:00,19.5045,68.0,0.0,1007.30585,70.0,26.081396,275.4037,26.28,Aalborg,7,2,7,26.081396,26.081396,26.081396,26.081396,26.081396,26.081396,17741.58840136129,508.70458828200003,0.0,0.0
2026-07-15 08:00:00+00:00,19.5045,68.0,0.0,1007.30585,70.0,26.081396,275.4037,26.28,Aalborg,8,2,7,26.081396,26.081396,26.081396,26.081396,26.081396,26.081396,17741.58840136129,508.70458828200003,0.0,0.0
2026-07-15 09:00:00+00:00,19.5045,68.0,0.0,1007.30585,70.0,26.081396,275.4037,26.28,Aalborg,9,2,7,26.081396,26.081396,26.081396,26.081396,26.081396,26.081396,17741.58840136129,508.70458828200003,0.0,0.0
2026-07-15 10:00:00+00:00,19.5045,68.0,0.0,1007.30585,70.0,26.081396,275.4037,26.28,Aalborg,10,2,7,26.081396,26.081396,26.081396,26.081396,26.081396,26.081396,17741.58840136129,508.70458828200003,0.0,0.0
2026-07-15 11:00:00+00:00,19.5045,68.0,0.0,1007.30585,70.0,26.081396,275.4037,26.28,Aalborg,11,2,7,26.081396,26.081396,26.081396,26.081396,26.081396,26.081396,17741.58840136129,508.70458828200003,0.0,0.0
2026-07-15 12:00:00+00:00,19.5045,68.0,0.0,1007.30585,70.0,26.081396,275.4037,26.28,Aalborg,12,2,7,26.081396,26.081396,26.081396,26.081396,26.081396,26.081396,17741.58840136129,508.70458828200003,0.0,0.0
2026-07-15 13:00:00+00:00,19.5045,68.0,0.0,1007.30585,70.0,26.081396,275.4037,26.28,Aalborg,13,2,7,26.081396,26.081396,26.081396,26.081396,26.081396,26.081396,17741.58840136129,508.70458828200003,0.0,0.0
2026-07-15 14:00:00+00:00,19.5045,68.0,0.0,1007.30585,70.0,26.081396,275.4037,26.28,Aalborg,14,2,7,26.081396,26.081396,26.081396,26.081396,26.081396,26.081396,17741.58840136129,508.70458828200003,0.0,0.0
2026-07-15 15:00:00+00:00,19.5045,68.0,0.0,1007.30585,70.0,26.081396,275.4037,26.28,Aalborg,15,2,7,26.081396,26.081396,26.081396,26.081396,26.081396,26.081396,17741.58840136129,508.70458828200003,0.0,0.0
2026-07-15 16:00:00+00:00,19.5045,68.0,0.0,1007.30585,70.0,26.081396,275.4037,26.28,Aalborg,16,2,7,26.081396,26.081396,26.081396,26.081396,26.081396,26.081396,17741.58840136129,508.70458828200003,0.0,0.0
2026-07-15 17:00:00+00:00,19.5045,68.0,0.0,1007.30585,70.0,26.081396,275.4037,26.28,Aalborg,17,2,7,26.081396,26.081396,26.081396,26.081396,26.081396,26.081396,17741.58840136129,508.70458828200003,0.0,0.0
2026-07-15 18:00:00+00:00,19.5045,68.0,0.0,1007.30585,70.0,26.081396,275.4037,26.28,Aalborg,18,2,7,26.081396,26.081396,26.081396,26.081396,26.081396,26.081396,17741.58840136129,508.70458828200003,0.0,0.0
2026-07-15 19:00:00+00:00,19.5045,68.0,0.0,1007.30585,70.0,26.081396,275.4037,26.28,Aalborg,19,2,7,26.081396,26.081396,26.081396,26.081396,26.081396,26.081396,17741.58840136129,508.70458828200003,0.0,0.0
2026-07-15 20:00:00+00:00,19.5045,68.0,0.0,1007.30585,70.0,26.081396,275.4037,26.28,Aalborg,20,2,7,26.081396,26.081396,26.081396,26.081396,26.081396,26.081396,17741.58840136129,508.70458828200003,0.0,0.0
2026-07-15 21:00:00+00:00,19.5045,68.0,0.0,1007.30585,70.0,26.081396,275.4037,26.28,Aalborg,21,2,7,26.081396,26.081396,26.081396,26.081396,26.081396,26.081396,17741.58840136129,508.70458828200003,0.0,0.0
2026-07-15 22:00:00+00:00,19.5045,68.0,0.0,1007.30585,70.0,26.081396,275.4037,26.28,Aalborg,22,2,7,26.081396,26.081396,26.081396,26.081396,26.081396,26.081396,17741.58840136129,508.70458828200003,0.0,0.0
2026-07-15 23:00:00+00:00,19.5045,68.0,0.0,1007.30585,70.0,26.081396,275.4037,26.28,Aalborg,23,2,7,26.081396,26.081396,26.081396,26.081396,26.081396,26.081396,17741.58840136129,508.70458828200003,0.0,0.0
2026-07-16 00:00:00+00:00,19.5045,68.0,0.0,1007.30585,70.0,26.081396,275.4037,26.28,Aalborg,0,3,7,26.081396,26.081396,26.081396,26.081396,26.081396,26.081396,17741.58840136129,508.70458828200003,0.0,0.0
2026-07-16 01:00:00+00:00,19.5045,68.0,0.0,1007.30585,70.0,26.081396,275.4037,26.28,Aalborg,1,3,7,26.081396,26.081396,26.081396,26.081396,26.081396,26.081396,17741.58840136129,508.70458828200003,0.0,0.0
2026-07-16 02:00:00+00:00,19.5045,68.0,0.0,1007.30585,70.0,26.081396,275.4037,26.28,Aalborg,2,3,7,26.081396,26.081396,26.081396,26.081396,26.081396,26.081396,17741.58840136129,508.70458828200003,0.0,0.0
2026-07-16 03:00:00+00:00,19.5045,68.0,0.0,1007.30585,70.0,26.081396,275.4037,26.28,Aalborg,3,3,7,26.081396,26.081396,26.081396,26.081396,26.081396,26.081396,17741.58840136129,508.70458828200003,0.0,0.0
2026-07-16 04:00:00+00:00,19.5045,68.0,0.0,1007.30585,70.0,26.081396,275.4037,26.28,Aalborg,4,3,7,26.081396,26.081396,26.081396,26.081396,26.081396,26.081396,17741.58840136129,508.70458828200003,0.0,0.0
2026-07-16 05:00:00+00:00,19.5045,68.0,0.0,1007.30585,70.0,26.081396,275.4037,26.28,Aalborg,5,3,7,26.081396,26.081396,26.081396,26.081396,26.081396,26.081396,17741.58840136129,508.70458828200003,0.0,0.0
2026-07-16 06:00:00+00:00,19.5045,68.0,0.0,1007.30585,70.0,26.081396,275.4037,26.28,Aalborg,6,3,7,26.081396,26.081396,26.081396,26.081396,26.081396,26.081396,17741.58840136129,508.70458828200003,0.0,0.0
2026-07-16 07:00:00+00:00,19.5045,68.0,0.0,1007.30585,70.0,26.081396,275.4037,26.28,Aalborg,7,3,7,26.081396,26.081396,26.081396,26.081396,26.081396,26.081396,17741.58840136129,508.70458828200003,0.0,0.0
2026-07-16 08:00:00+00:00,19.5045,68.0,0.0,1007.30585,70.0,26.081396,275.4037,26.28,Aalborg,8,3,7,26.081396,26.081396,26.081396,26.081396,26.081396,26.081396,17741.58840136129,508.70458828200003,0.0,0.0
2026-07-16 09:00:00+00:00,19.5045,68.0,0.0,1007.30585,70.0,26.081396,275.4037,26.28,Aalborg,9,3,7,26.081396,26.081396,26.081396,26.081396,26.081396,26.081396,17741.58840136129,508.70458828200003,0.0,0.0
2026-07-16 10:00:00+00:00,19.5045,68.0,0.0,1007.30585,70.0,26.081396,275.4037,26.28,Aalborg,10,3,7,26.081396,26.081396,26.081396,26.081396,26.081396,26.081396,17741.58840136129,508.70458828200003,0.0,0.0
2026-07-16 11:00:00+00:00,19.5045,68.0,0.0,1007.30585,70.0,26.081396,275.4037,26.28,Aalborg,11,3,7,26.081396,26.081396,26.081396,26.081396,26.081396,26.081396,17741.58840136129,508.70458828200003,0.0,0.0
2026-07-16 12:00:00+00:00,19.5045,68.0,0.0,1007.30585,70.0,26.081396,275.4037,26.28,Aalborg,12,3,7,26.081396,26.081396,26.081396,26.081396,26.081396,26.081396,17741.58840136129,508.70458828200003,0.0,0.0
2026-07-16 13:00:00+00:00,19.5045,68.0,0.0,1007.30585,70.0,26.081396,275.4037,26.28,Aalborg,13,3,7,26.081396,26.081396,26.081396,26.081396,26.081396,26.081396,17741.58840136129,508.70458828200003,0.0,0.0
2026-07-16 14:00:00+00:00,19.5045,68.0,0.0,1007.30585,70.0,26.081396,275.4037,26.28,Aalborg,14,3,7,26.081396,26.081396,26.081396,26.081396,26.081396,26.081396,17741.58840136129,508.70458828200003,0.0,0.0
2026-07-16 15:00:00+00:00,19.5045,68.0,0.0,1007.30585,70.0,26.081396,275.4037,26.28,Aalborg,15,3,7,26.081396,26.081396,26.081396,26.081396,26.081396,26.081396,17741.58840136129,508.70458828200003,0.0,0.0
2026-07-16 16:00:00+00:00,19.5045,68.0,0.0,1007.30585,70.0,26.081396,275.4037,26.28,Aalborg,16,3,7,26.081396,26.081396,26.081396,26.081396,26.081396,26.081396,17741.58840136129,508.70458828200003,0.0,0.0
2026-07-16 17:00:00+00:00,19.5045,68.0,0.0,1007.30585,70.0,26.081396,275.4037,26.28,Aalborg,17,3,7,26.081396,26.081396,26.081396,26.081396,26.081396,26.081396,17741.58840136129,508.70458828200003,0.0,0.0
2026-07-16 18:00:00+00:00,19.5045,68.0,0.0,1007.30585,70.0,26.081396,275.4037,26.28,Aalborg,18,3,7,26.081396,26.081396,26.081396,26.081396,26.081396,26.081396,17741.58840136129,508.70458828200003,0.0,0.0
2026-07-16 19:00:00+00:00,19.5045,68.0,0.0,1007.30585,70.0,26.081396,275.4037,26.28,Aalborg,19,3,7,26.081396,26.081396,26.081396,26.081396,26.081396,26.081396,17741.58840136129,508.70458828200003,0.0,0.0
2026-07-16 20:00:00+00:00,19.5045,68.0,0.0,1007.30585,70.0,26.081396,275.4037,26.28,Aalborg,20,3,7,26.081396,26.081396,26.081396,26.081396,26.081396,26.081396,17741.58840136129,508.70458828200003,0.0,0.0
2026-07-16 21:00:00+00:00,19.5045,68.0,0.0,1007.30585,70.0,26.081396,275.4037,26.28,Aalborg,21,3,7,26.081396,26.081396,26.081396,26.081396,26.081396,26.081396,17741.58840136129,508.70458828200003,0.0,0.0
2026-07-16 22:00:00+00:00,19.5045,68.0,0.0,1007.30585,70.0,26.081396,275.4037,26.28,Aalborg,22,3,7,26.081396,26.081396,26.081396,26.081396,26.081396,26.081396,17741.58840136129,508.70458828200003,0.0,0.0
2026-07-16 23:00:00+00:00,19.5045,68.0,0.0,1007.30585,70.0,26.081396,275.4037,26.28,Aalborg,23,3,7,26.081396,26.081396,26.081396,26.081396,26.081396,26.081396,17741.58840136129,508.70458828200003,0.0,0.0
2026-07-17 00:00:00+00:00,19.5045,68.0,0.0,1007.30585,70.0,26.081396,275.4037,26.28,Aalborg,0,4,7,26.081396,26.081396,26.081396,26.081396,26.081396,26.081396,17741.58840136129,508.70458828200003,0.0,0.0
2026-07-17 01:00:00+00:00,19.5045,68.0,0.0,1007.30585,70.0,26.081396,275.4037,26.28,Aalborg,1,4,7,26.081396,26.081396,26.081396,26.081396,26.081396,26.081396,17741.58840136129,508.70458828200003,0.0,0.0
2026-07-17 02:00:00+00:00,19.5045,68.0,0.0,1007.30585,70.0,26.081396,275.4037,26.28,Aalborg,2,4,7,26.081396,26.081396,26.081396,26.081396,26.081396,26.081396,17741.58840136129,508.70458828200003,0.0,0.0
2026-07-17 03:00:00+00:00,19.5045,68.0,0.0,1007.30585,70.0,26.081396,275.4037,26.28,Aalborg,3,4,7,26.081396,26.081396,26.081396,26.081396,26.081396,26.081396,17741.58840136129,508.70458828200003,0.0,0.0
2026-07-17 04:00:00+00:00,19.5045,68.0,0.0,1007.30585,70.0,26.081396,275.4037,26.28,Aalborg,4,4,7,26.081396,26.081396,26.081396,26.081396,26.081396,26.081396,17741.58840136129,508.70458828200003,0.0,0.0
2026-07-17 05:00:00+00:00,19.5045,68.0,0.0,1007.30585,70.0,26.081396,275.4037,26.28,Aalborg,5,4,7,26.081396,26.081396,26.081396,26.081396,26.081396,26.081396,17741.58840136129,508.70458828200003,0.0,0.0
2026-07-17 06:00:00+00:00,19.5045,68.0,0.0,1007.30585,70.0,26.081396,275.4037,26.28,Aalborg,6,4,7,26.081396,26.081396,26.081396,26.081396,26.081396,26.081396,17741.58840136129,508.70458828200003,0.0,0.0
2026-07-17 07:00:00+00:00,19.5045,68.0,0.0,1007.30585,70.0,26.081396,275.4037,26.28,Aalborg,7,4,7,26.081396,26.081396,26.081396,26.081396,26.081396,26.081396,17741.58840136129,508.70458828200003,0.0,0.0
2026-07-17 08:00:00+00:00,19.5045,68.0,0.0,1007.30585,70.0,26.081396,275.4037,26.28,Aalborg,8,4,7,26.081396,26.081396,26.081396,26.081396,26.081396,26.081396,17741.58840136129,508.70458828200003,0.0,0.0
2026-07-17 09:00:00+00:00,19.5045,68.0,0.0,1007.30585,70.0,26.081396,275.4037,26.28,Aalborg,9,4,7,26.081396,26.081396,26.081396,26.081396,26.081396,26.081396,17741.58840136129,508.70458828200003,0.0,0.0
2026-07-17 10:00:00+00:00,19.5045,68.0,0.0,1007.30585,70.0,26.081396,275.4037,26.28,Aalborg,10,4,7,26.081396,26.081396,26.081396,26.081396,26.081396,26.081396,17741.58840136129,508.70458828200003,0.0,0.0
2026-07-17 11:00:00+00:00,19.5045,68.0,0.0,1007.30585,70.0,26.081396,275.4037,26.28,Aalborg,11,4,7,26.081396,26.081396,26.081396,26.081396,26.081396,26.081396,17741.58840136129,508.70458828200003,0.0,0.0
2026-07-17 12:00:00+00:00,19.5045,68.0,0.0,1007.30585,70.0,26.081396,275.4037,26.28,Aalborg,12,4,7,26.081396,26.081396,26.081396,26.081396,26.081396,26.081396,17741.58840136129,508.70458828200003,0.0,0.0
2026-07-17 13:00:00+00:00,19.5045,68.0,0.0,1007.30585,70.0,26.081396,275.4037,26.28,Aalborg,13,4,7,26.081396,26.081396,26.081396,26.081396,26.081396,26.081396,17741.58840136129,508.70458828200003,0.0,0.0
2026-07-17 14:00:00+00:00,19.5045,68.0,0.0,1007.30585,70.0,26.081396,275.4037,26.28,Aalborg,14,4,7,26.081396,26.081396,26.081396,26.081396,26.081396,26.081396,17741.58840136129,508.70458828200003,0.0,0.0
2026-07-17 15:00:00+00:00,19.5045,68.0,0.0,1007.30585,70.0,26.081396,275.4037,26.28,Aalborg,15,4,7,26.081396,26.081396,26.081396,26.081396,26.081396,26.081396,17741.58840136129,508.70458828200003,0.0,0.0
2026-07-17 16:00:00+00:00,19.5045,68.0,0.0,1007.30585,70.0,26.081396,275.4037,26.28,Aalborg,16,4,7,26.081396,26.081396,26.081396,26.081396,26.081396,26.081396,17741.58840136129,508.70458828200003,0.0,0.0
2026-07-17 17:00:00+00:00,19.5045,68.0,0.0,1007.30585,70.0,26.081396,275.4037,26.28,Aalborg,17,4,7,26.081396,26.081396,26.081396,26.081396,26.081396,26.081396,17741.58840136129,508.70458828200003,0.0,0.0
2026-07-17 18:00:00+00:00,19.5045,68.0,0.0,1007.30585,70.0,26.081396,275.4037,26.28,Aalborg,18,4,7,26.081396,26.081396,26.081396,26.081396,26.081396,26.081396,17741.58840136129,508.70458828200003,0.0,0.0
2026-07-17 19:00:00+00:00,19.5045,68.0,0.0,1007.30585,70.0,26.081396,275.4037,26.28,Aalborg,19,4,7,26.081396,26.081396,26.081396,26.081396,26.081396,26.081396,17741.58840136129,508.70458828200003,0.0,0.0
2026-07-17 20:00:00+00:00,19.5045,68.0,0.0,1007.30585,70.0,26.081396,275.4037,26.28,Aalborg,20,4,7,26.081396,26.081396,26.081396,26.081396,26.081396,26.081396,17741.58840136129,508.70458828200003,0.0,0.0
2026-07-17 21:00:00+00:00,19.5045,68.0,0.0,1007.30585,70.0,26.081396,275.4037,26.28,Aalborg,21,4,7,26.081396,26.081396,26.081396,26.081396,26.081396,26.081396,17741.58840136129,508.70458828200003,0.0,0.0
2026-07-17 22:00:00+00:00,19.5045,68.0,0.0,1007.30585,70.0,26.081396,275.4037,26.28,Aalborg,22,4,7,26.081396,26.081396,26.081396,26.081396,26.081396,26.081396,17741.58840136129,508.70458828200003,0.0,0.0
2026-07-17 23:00:00+00:00,19.5045,68.0,0.0,1007.30585,70.0,26.081396,275.4037,26.28,Aalborg,23,4,7,26.081396,26.081396,26.081396,26.081396,26.081396,26.081396,17741.58840136129,508.70458828200003,0.0,0.0
2026-07-18 00:00:00+00:00,19.5045,68.0,0.0,1007.30585,70.0,26.081396,275.4037,26.28,Aalborg,0,5,7,26.081396,26.081396,26.081396,26.081396,26.081396,26.081396,17741.58840136129,508.70458828200003,0.0,0.0
2026-07-18 01:00:00+00:00,19.5045,68.0,0.0,1007.30585,70.0,26.081396,275.4037,26.28,Aalborg,1,5,7,26.081396,26.081396,26.081396,26.081396,26.081396,26.081396,17741.58840136129,508.70458828200003,0.0,0.0
2026-07-18 02:00:00+00:00,19.5045,68.0,0.0,1007.30585,70.0,26.081396,275.4037,26.28,Aalborg,2,5,7,26.081396,26.081396,26.081396,26.081396,26.081396,26.081396,17741.58840136129,508.70458828200003,0.0,0.0
2026-07-18 03:00:00+00:00,19.5045,68.0,0.0,1007.30585,70.0,26.081396,275.4037,26.28,Aalborg,3,5,7,26.081396,26.081396,26.081396,26.081396,26.081396,26.081396,17741.58840136129,508.70458828200003,0.0,0.0
2026-07-18 04:00:00+00:00,19.5045,68.0,0.0,1007.30585,70.0,26.081396,275.4037,26.28,Aalborg,4,5,7,26.081396,26.081396,26.081396,26.081396,26.081396,26.081396,17741.58840136129,508.70458828200003,0.0,0.0
2026-07-18 05:00:00+00:00,19.5045,68.0,0.0,1007.30585,70.0,26.081396,275.4037,26.28,Aalborg,5,5,7,26.081396,26.081396,26.081396,26.081396,26.081396,26.081396,17741.58840136129,508.70458828200003,0.0,0.0
2026-07-18 06:00:00+00:00,19.5045,68.0,0.0,1007.30585,70.0,26.081396,275.4037,26.28,Aalborg,6,5,7,26.081396,26.081396,26.081396,26.081396,26.081396,26.081396,17741.58840136129,508.70458828200003,0.0,0.0
2026-07-18 07:00:00+00:00,19.5045,68.0,0.0,1007.30585,70.0,26.081396,275.4037,26.28,Aalborg,7,5,7,26.081396,26.081396,26.081396,26.081396,26.081396,26.081396,17741.58840136129,508.70458828200003,0.0,0.0
2026-07-18 08:00:00+00:00,19.5045,68.0,0.0,1007.30585,70.0,26.081396,275.4037,26.28,Aalborg,8,5,7,26.081396,26.081396,26.081396,26.081396,26.081396,26.081396,17741.58840136129,508.70458828200003,0.0,0.0
2026-07-18 09:00:00+00:00,19.5045,68.0,0.0,1007.30585,70.0,26.081396,275.4037,26.28,Aalborg,9,5,7,26.081396,26.081396,26.081396,26.081396,26.081396,26.081396,17741.58840136129,508.70458828200003,0.0,0.0
2026-07-18 10:00:00+00:00,19.5045,68.0,0.0,1007.30585,70.0,26.081396,275.4037,26.28,Aalborg,10,5,7,26.081396,26.081396,26.081396,26.081396,26.081396,26.081396,17741.58840136129,508.70458828200003,0.0,0.0
2026-07-18 11:00:00+00:00,19.5045,68.0,0.0,1007.30585,70.0,26.081396,275.4037,26.28,Aalborg,11,5,7,26.081396,26.081396,26.081396,26.081396,26.081396,26.081396,17741.58840136129,508.70458828200003,0.0,0.0
2026-07-18 12:00:00+00:00,19.5045,68.0,0.0,1007.30585,70.0,26.081396,275.4037,26.28,Aalborg,12,5,7,26.081396,26.081396,26.081396,26.081396,26.081396,26.081396,17741.58840136129,508.70458828200003,0.0,0.0
2026-07-18 13:00:00+00:00,19.5045,68.0,0.0,1007.30585,70.0,26.081396,275.4037,26.28,Aalborg,13,5,7,26.081396,26.081396,26.081396,26.081396,26.081396,26.081396,17741.58840136129,508.70458828200003,0.0,0.0
2026-07-18 14:00:00+00:00,19.5045,68.0,0.0,1007.30585,70.0,26.081396,275.4037,26.28,Aalborg,14,5,7,26.081396,26.081396,26.081396,26.081396,26.081396,26.081396,17741.58840136129,508.70458828200003,0.0,0.0
2026-07-18 15:00:00+00:00,19.5045,68.0,0.0,1007.30585,70.0,26.081396,275.4037,26.28,Aalborg,15,5,7,26.081396,26.081396,26.081396,26.081396,26.081396,26.081396,17741.58840136129,508.70458828200003,0.0,0.0
2026-07-18 16:00:00+00:00,19.5045,68.0,0.0,1007.30585,70.0,26.081396,275.4037,26.28,Aalborg,16,5,7,26.081396,26.081396,26.081396,26.081396,26.081396,26.081396,17741.58840136129,508.70458828200003,0.0,0.0
2026-07-18 17:00:00+00:00,19.5045,68.0,0.0,1007.30585,70.0,26.081396,275.4037,26.28,Aalborg,17,5,7,26.081396,26.081396,26.081396,26.081396,26.081396,26.081396,17741.58840136129,508.70458828200003,0.0,0.0
2026-07-18 18:00:00+00:00,19.5045,68.0,0.0,1007.30585,70.0,26.081396,275.4037,26.28,Aalborg,18,5,7,26.081396,26.081396,26.081396,26.081396,26.081396,26.081396,17741.58840136129,508.70458828200003,0.0,0.0
2026-07-18 19:00:00+00:00,19.5045,68.0,0.0,1007.30585,70.0,26.081396,275.4037,26.28,Aalborg,19,5,7,26.081396,26.081396,26.081396,26.081396,26.081396,26.081396,17741.58840136129,508.70458828200003,0.0,0.0
2026-07-18 20:00:00+00:00,19.5045,68.0,0.0,1007.30585,70.0,26.081396,275.4037,26.28,Aalborg,20,5,7,26.081396,26.081396,26.081396,26.081396,26.081396,26.081396,17741.58840136129,508.70458828200003,0.0,0.0
2026-07-18 21:00:00+00:00,19.5045,68.0,0.0,1007.30585,70.0,26.081396,275.4037,26.28,Aalborg,21,5,7,26.081396,26.081396,26.081396,26.081396,26.081396,26.081396,17741.58840136129,508.70458828200003,0.0,0.0
2026-07-18 22:00:00+00:00,19.5045,68.0,0.0,1007.30585,70.0,26.081396,275.4037,26.28,Aalborg,22,5,7,26.081396,26.081396,26.081396,26.081396,26.081396,26.081396,17741.58840136129,508.70458828200003,0.0,0.0
2026-07-18 23:00:00+00:00,19.5045,68.0,0.0,1007.30585,70.0,26.081396,275.4037,26.28,Aalborg,23,5,7,26.081396,26.081396,26.081396,26.081396,26.081396,26.081396,17741.58840136129,508.70458828200003,0.0,0.0
2026-07-19 00:00:00+00:00,19.5045,68.0,0.0,1007.30585,70.0,26.081396,275.4037,26.28,Aalborg,0,6,7,26.081396,26.081396,26.081396,26.081396,26.081396,26.081396,17741.58840136129,508.70458828200003,0.0,0.0
2026-07-19 01:00:00+00:00,19.5045,68.0,0.0,1007.30585,70.0,26.081396,275.4037,26.28,Aalborg,1,6,7,26.081396,26.081396,26.081396,26.081396,26.081396,26.081396,17741.58840136129,508.70458828200003,0.0,0.0
2026-07-19 02:00:00+00:00,19.5045,68.0,0.0,1007.30585,70.0,26.081396,275.4037,26.28,Aalborg,2,6,7,26.081396,26.081396,26.081396,26.081396,26.081396,26.081396,17741.58840136129,508.70458828200003,0.0,0.0
2026-07-19 03:00:00+00:00,19.5045,68.0,0.0,1007.30585,70.0,26.081396,275.4037,26.28,Aalborg,3,6,7,26.081396,26.081396,26.081396,26.081396,26.081396,26.081396,17741.58840136129,508.70458828200003,0.0,0.0
2026-07-19 04:00:00+00:00,19.5045,68.0,0.0,1007.30585,70.0,26.081396,275.4037,26.28,Aalborg,4,6,7,26.081396,26.081396,26.081396,26.081396,26.081396,26.081396,17741.58840136129,508.70458828200003,0.0,0.0
2026-07-19 05:00:00+00:00,19.5045,68.0,0.0,1007.30585,70.0,26.081396,275.4037,26.28,Aalborg,5,6,7,26.081396,26.081396,26.081396,26.081396,26.081396,26.081396,17741.58840136129,508.70458828200003,0.0,0.0
2026-07-19 06:00:00+00:00,19.5045,68.0,0.0,1007.30585,70.0,26.081396,275.4037,26.28,Aalborg,6,6,7,26.081396,26.081396,26.081396,26.081396,26.081396,26.081396,17741.58840136129,508.70458828200003,0.0,0.0
2026-07-19 07:00:00+00:00,19.5045,68.0,0.0,1007.30585,70.0,26.081396,275.4037,26.28,Aalborg,7,6,7,26.081396,26.081396,26.081396,26.081396,26.081396,26.081396,17741.58840136129,508.70458828200003,0.0,0.0
2026-07-19 08:00:00+00:00,19.5045,68.0,0.0,1007.30585,70.0,26.081396,275.4037,26.28,Aalborg,8,6,7,26.081396,26.081396,26.081396,26.081396,26.081396,26.081396,17741.58840136129,508.70458828200003,0.0,0.0
2026-07-19 09:00:00+00:00,19.5045,68.0,0.0,1007.30585,70.0,26.081396,275.4037,26.28,Aalborg,9,6,7,26.081396,26.081396,26.081396,26.081396,26.081396,26.081396,17741.58840136129,508.70458828200003,0.0,0.0
2026-07-19 10:00:00+00:00,19.5045,68.0,0.0,1007.30585,70.0,26.081396,275.4037,26.28,Aalborg,10,6,7,26.081396,26.081396,26.081396,26.081396,26.081396,26.081396,17741.58840136129,508.70458828200003,0.0,0.0
2026-07-19 11:00:00+00:00,19.5045,68.0,0.0,1007.30585,70.0,26.081396,275.4037,26.28,Aalborg,11,6,7,26.081396,26.081396,26.081396,26.081396,26.081396,26.081396,17741.58840136129,508.70458828200003,0.0,0.0
2026-07-19 12:00:00+00:00,19.5045,68.0,0.0,1007.30585,70.0,26.081396,275.4037,26.28,Aalborg,12,6,7,26.081396,26.081396,26.081396,26.081396,26.081396,26.081396,17741.58840136129,508.70458828200003,0.0,0.0
2026-07-19 13:00:00+00:00,19.5045,68.0,0.0,1007.30585,70.0,26.081396,275.4037,26.28,Aalborg,13,6,7,26.081396,26.081396,26.081396,26.081396,26.081396,26.081396,17741.58840136129,508.70458828200003,0.0,0.0
2026-07-19 14:00:00+00:00,19.5045,68.0,0.0,1007.30585,70.0,26.081396,275.4037,26.28,Aalborg,14,6,7,26.081396,26.081396,26.081396,26.081396,26.081396,26.081396,17741.58840136129,508.70458828200003,0.0,0.0
2026-07-19 15:00:00+00:00,19.5045,68.0,0.0,1007.30585,70.0,26.081396,275.4037,26.28,Aalborg,15,6,7,26.081396,26.081396,26.081396,26.081396,26.081396,26.081396,17741.58840136129,508.70458828200003,0.0,0.0
2026-07-19 16:00:00+00:00,19.5045,68.0,0.0,1007.30585,70.0,26.081396,275.4037,26.28,Aalborg,16,6,7,26.081396,26.081396,26.081396,26.081396,26.081396,26.081396,17741.58840136129,508.70458828200003,0.0,0.0
2026-07-19 17:00:00+00:00,19.5045,68.0,0.0,1007.30585,70.0,26.081396,275.4037,26.28,Aalborg,17,6,7,26.081396,26.081396,26.081396,26.081396,26.081396,26.081396,17741.58840136129,508.70458828200003,0.0,0.0
2026-07-19 18:00:00+00:00,19.5045,68.0,0.0,1007.30585,70.0,26.081396,275.4037,26.28,Aalborg,18,6,7,26.081396,26.081396,26.081396,26.081396,26.081396,26.081396,17741.58840136129,508.70458828200003,0.0,0.0
2026-07-19 19:00:00+00:00,19.5045,68.0,0.0,1007.30585,70.0,26.081396,275.4037,26.28,Aalborg,19,6,7,26.081396,26.081396,26.081396,26.081396,26.081396,26.081396,17741.58840136129,508.70458828200003,0.0,0.0
2026-07-19 20:00:00+00:00,19.5045,68.0,0.0,1007.30585,70.0,26.081396,275.4037,26.28,Aalborg,20,6,7,26.081396,26.081396,26.081396,26.081396,26.081396,26.081396,17741.58840136129,508.70458828200003,0.0,0.0
2026-07-19 21:00:00+00:00,19.5045,68.0,0.0,1007.30585,70.0,26.081396,275.4037,26.28,Aalborg,21,6,7,26.081396,26.081396,26.081396,26.081396,26.081396,26.081396,17741.58840136129,508.70458828200003,0.0,0.0
2026-07-19 22:00:00+00:00,19.5045,68.0,0.0,1007.30585,70.0,26.081396,275.4037,26.28,Aalborg,22,6,7,26.081396,26.081396,26.081396,26.081396,26.081396,26.081396,17741.58840136129,508.70458828200003,0.0,0.0
2026-07-19 23:00:00+00:00,19.5045,68.0,0.0,1007.30585,70.0,26.081396,275.4037,26.28,Aalborg,23,6,7,26.081396,26.081396,26.081396,26.081396,26.081396,26.081396,17741.58840136129,508.70458828200003,0.0,0.0
2026-07-20 00:00:00+00:00,19.5045,68.0,0.0,1007.30585,70.0,26.081396,275.4037,26.28,Aalborg,0,0,7,26.081396,26.081396,26.081396,26.081396,26.081396,26.081396,17741.58840136129,508.70458828200003,0.0,0.0
2026-07-20 01:00:00+00:00,19.5045,68.0,0.0,1007.30585,70.0,26.081396,275.4037,26.28,Aalborg,1,0,7,26.081396,26.081396,26.081396,26.081396,26.081396,26.081396,17741.58840136129,508.70458828200003,0.0,0.0
2026-07-20 02:00:00+00:00,19.5045,68.0,0.0,1007.30585,70.0,26.081396,275.4037,26.28,Aalborg,2,0,7,26.081396,26.081396,26.081396,26.081396,26.081396,26.081396,17741.58840136129,508.70458828200003,0.0,0.0
2026-07-20 03:00:00+00:00,19.5045,68.0,0.0,1007.30585,70.0,26.081396,275.4037,26.28,Aalborg,3,0,7,26.081396,26.081396,26.081396,26.081396,26.081396,26.081396,17741.58840136129,508.70458828200003,0.0,0.0
2026-07-20 04:00:00+00:00,19.5045,68.0,0.0,1007.30585,70.0,26.081396,275.4037,26.28,Aalborg,4,0,7,26.081396,26.081396,26.081396,26.081396,26.081396,26.081396,17741.58840136129,508.70458828200003,0.0,0.0
2026-07-20 05:00:00+00:00,19.5045,68.0,0.0,1007.30585,70.0,26.081396,275.4037,26.28,Aalborg,5,0,7,26.081396,26.081396,26.081396,26.081396,26.081396,26.081396,17741.58840136129,508.70458828200003,0.0,0.0
2026-07-20 06:00:00+00:00,19.5045,68.0,0.0,1007.30585,70.0,26.081396,275.4037,26.28,Aalborg,6,0,7,26.081396,26.081396,26.081396,26.081396,26.081396,26.081396,17741.58840136129,508.70458828200003,0.0,0.0
2026-07-20 07:00:00+00:00,19.5045,68.0,0.0,1007.30585,70.0,26.081396,275.4037,26.28,Aalborg,7,0,7,26.081396,26.081396,26.081396,26.081396,26.081396,26.081396,17741.58840136129,508.70458828200003,0.0,0.0
2026-07-20 08:00:00+00:00,19.5045,68.0,0.0,1007.30585,70.0,26.081396,275.4037,26.28,Aalborg,8,0,7,26.081396,26.081396,26.081396,26.081396,26.081396,26.081396,17741.58840136129,508.70458828200003,0.0,0.0
2026-07-20 09:00:00+00:00,19.5045,68.0,0.0,1007.30585,70.0,26.081396,275.4037,26.28,Aalborg,9,0,7,26.081396,26.081396,26.081396,26.081396,26.081396,26.081396,17741.58840136129,508.70458828200003,0.0,0.0
2026-07-20 10:00:00+00:00,19.5045,68.0,0.0,1007.30585,70.0,26.081396,275.4037,26.28,Aalborg,10,0,7,26.081396,26.081396,26.081396,26.081396,26.081396,26.081396,17741.58840136129,508.70458828200003,0.0,0.0
2026-07-20 11:00:00+00:00,19.5045,68.0,0.0,1007.30585,70.0,26.081396,275.4037,26.28,Aalborg,11,0,7,26.081396,26.081396,26.081396,26.081396,26.081396,26.081396,17741.58840136129,508.70458828200003,0.0,0.0
2026-07-20 12:00:00+00:00,19.5045,68.0,0.0,1007.30585,70.0,26.081396,275.4037,26.28,Aalborg,12,0,7,26.081396,26.081396,26.081396,26.081396,26.081396,26.081396,17741.58840136129,508.70458828200003,0.0,0.0
2026-07-20 13:00:00+00:00,19.5045,68.0,0.0,1007.30585,70.0,26.081396,275.4037,26.28,Aalborg,13,0,7,26.081396,26.081396,26.081396,26.081396,26.081396,26.081396,17741.58840136129,508.70458828200003,0.0,0.0
2026-07-20 14:00:00+00:00,19.5045,68.0,0.0,1007.30585,70.0,26.081396,275.4037,26.28,Aalborg,14,0,7,26.081396,26.081396,26.081396,26.081396,26.081396,26.081396,17741.58840136129,508.70458828200003,0.0,0.0
2026-07-20 15:00:00+00:00,19.5045,68.0,0.0,1007.30585,70.0,26.081396,275.4037,26.28,Aalborg,15,0,7,26.081396,26.081396,26.081396,26.081396,26.081396,26.081396,17741.58840136129,508.70458828200003,0.0,0.0
2026-07-20 16:00:00+00:00,19.5045,68.0,0.0,1007.30585,70.0,26.081396,275.4037,26.28,Aalborg,16,0,7,26.081396,26.081396,26.081396,26.081396,26.081396,26.081396,17741.58840136129,508.70458828200003,0.0,0.0
2026-07-20 17:00:00+00:00,19.5045,68.0,0.0,1007.30585,70.0,26.081396,275.4037,26.28,Aalborg,17,0,7,26.081396,26.081396,26.081396,26.081396,26.081396,26.081396,17741.58840136129,508.70458828200003,0.0,0.0
2026-07-20 18:00:00+00:00,19.5045,68.0,0.0,1007.30585,70.0,26.081396,275.4037,26.28,Aalborg,18,0,7,26.081396,26.081396,26.081396,26.081396,26.081396,26.081396,17741.58840136129,508.70458828200003,0.0,0.0
2026-07-20 19:00:00+00:00,19.5045,68.0,0.0,1007.30585,70.0,26.081396,275.4037,26.28,Aalborg,19,0,7,26.081396,26.081396,26.081396,26.081396,26.081396,26.081396,17741.58840136129,508.70458828200003,0.0,0.0
2026-07-20 20:00:00+00:00,19.5045,68.0,0.0,1007.30585,70.0,26.081396,275.4037,26.28,Aalborg,20,0,7,26.081396,26.081396,26.081396,26.081396,26.081396,26.081396,17741.58840136129,508.70458828200003,0.0,0.0
2026-07-20 21:00:00+00:00,19.5045,68.0,0.0,1007.30585,70.0,26.081396,275.4037,26.28,Aalborg,21,0,7,26.081396,26.081396,26.081396,26.081396,26.081396,26.081396,17741.58840136129,508.70458828200003,0.0,0.0
2026-07-20 22:00:00+00:00,19.5045,68.0,0.0,1007.30585,70.0,26.081396,275.4037,26.28,Aalborg,22,0,7,26.081396,26.081396,26.081396,26.081396,26.081396,26.081396,17741.58840136129,508.70458828200003,0.0,0.0
2026-07-20 23:00:00+00:00,19.5045,68.0,0.0,1007.30585,70.0,26.081396,275.4037,26.28,Aalborg,23,0,7,26.081396,26.081396,26.081396,26.081396,26.081396,26.081396,17741.58840136129,508.70458828200003,0.0,0.0
2026-07-21 00:00:00+00:00,19.5045,68.0,0.0,1007.30585,70.0,26.081396,275.4037,26.28,Aalborg,0,1,7,26.081396,26.081396,26.081396,26.081396,26.081396,26.081396,17741.58840136129,508.70458828200003,0.0,0.0
2026-07-21 01:00:00+00:00,19.5045,68.0,0.0,1007.30585,70.0,26.081396,275.4037,26.28,Aalborg,1,1,7,26.081396,26.081396,26.081396,26.081396,26.081396,26.081396,17741.58840136129,508.70458828200003,0.0,0.0
2026-07-21 02:00:00+00:00,19.5045,68.0,0.0,1007.30585,70.0,26.081396,275.4037,26.28,Aalborg,2,1,7,26.081396,26.081396,26.081396,26.081396,26.081396,26.081396,17741.58840136129,508.70458828200003,0.0,0.0
2026-07-21 03:00:00+00:00,19.5045,68.0,0.0,1007.30585,70.0,26.081396,275.4037,26.28,Aalborg,3,1,7,26.081396,26.081396,26.081396,26.081396,26.081396,26.081396,17741.58840136129,508.70458828200003,0.0,0.0
2026-07-21 04:00:00+00:00,19.5045,68.0,0.0,1007.30585,70.0,26.081396,275.4037,26.28,Aalborg,4,1,7,26.081396,26.081396,26.081396,26.081396,26.081396,26.081396,17741.58840136129,508.70458828200003,0.0,0.0
2026-07-21 05:00:00+00:00,19.5045,68.0,0.0,1007.30585,70.0,26.081396,275.4037,26.28,Aalborg,5,1,7,26.081396,26.081396,26.081396,26.081396,26.081396,26.081396,17741.58840136129,508.70458828200003,0.0,0.0
2026-07-21 06:00:00+00:00,19.5045,68.0,0.0,1007.30585,70.0,26.081396,275.4037,26.28,Aalborg,6,1,7,26.081396,26.081396,26.081396,26.081396,26.081396,26.081396,17741.58840136129,508.70458828200003,0.0,0.0
2026-07-21 07:00:00+00:00,19.5045,68.0,0.0,1007.30585,70.0,26.081396,275.4037,26.28,Aalborg,7,1,7,26.081396,26.081396,26.081396,26.081396,26.081396,26.081396,17741.58840136129,508.70458828200003,0.0,0.0
2026-07-21 08:00:00+00:00,19.5045,68.0,0.0,1007.30585,70.0,26.081396,275.4037,26.28,Aalborg,8,1,7,26.081396,26.081396,26.081396,26.081396,26.081396,26.081396,17741.58840136129,508.70458828200003,0.0,0.0
2026-07-21 09:00:00+00:00,19.5045,68.0,0.0,1007.30585,70.0,26.081396,275.4037,26.28,Aalborg,9,1,7,26.081396,26.081396,26.081396,26.081396,26.081396,26.081396,17741.58840136129,508.70458828200003,0.0,0.0
2026-07-21 10:00:00+00:00,19.5045,68.0,0.0,1007.30585,70.0,26.081396,275.4037,26.28,Aalborg,10,1,7,26.081396,26.081396,26.081396,26.081396,26.081396,26.081396,17741.58840136129,508.70458828200003,0.0,0.0
2026-07-21 11:00:00+00:00,19.5045,68.0,0.0,1007.30585,70.0,26.081396,275.4037,26.28,Aalborg,11,1,7,26.081396,26.081396,26.081396,26.081396,26.081396,26.081396,17741.58840136129,508.70458828200003,0.0,0.0
2026-07-21 12:00:00+00:00,19.5045,68.0,0.0,1007.30585,70.0,26.081396,275.4037,26.28,Aalborg,12,1,7,26.081396,26.081396,26.081396,26.081396,26.081396,26.081396,17741.58840136129,508.70458828200003,0.0,0.0
2026-07-21 13:00:00+00:00,19.5045,68.0,0.0,1007.30585,70.0,26.081396,275.4037,26.28,Aalborg,13,1,7,26.081396,26.081396,26.081396,26.081396,26.081396,26.081396,17741.58840136129,508.70458828200003,0.0,0.0
2026-07-21 14:00:00+00:00,19.5045,68.0,0.0,1007.30585,70.0,26.081396,275.4037,26.28,Aalborg,14,1,7,26.081396,26.081396,26.081396,26.081396,26.081396,26.081396,17741.58840136129,508.70458828200003,0.0,0.0
2026-07-21 15:00:00+00:00,19.5045,68.0,0.0,1007.30585,70.0,26.081396,275.4037,26.28,Aalborg,15,1,7,26.081396,26.081396,26.081396,26.081396,26.081396,26.081396,17741.58840136129,508.70458828200003,0.0,0.0
2026-07-21 16:00:00+00:00,19.5045,68.0,0.0,1007.30585,70.0,26.081396,275.4037,26.28,Aalborg,16,1,7,26.081396,26.081396,26.081396,26.081396,26.081396,26.081396,17741.58840136129,508.70458828200003,0.0,0.0
2026-07-21 17:00:00+00:00,19.5045,68.0,0.0,1007.30585,70.0,26.081396,275.4037,26.28,Aalborg,17,1,7,26.081396,26.081396,26.081396,26.081396,26.081396,26.081396,17741.58840136129,508.70458828200003,0.0,0.0
2026-07-21 18:00:00+00:00,19.5045,68.0,0.0,1007.30585,70.0,26.081396,275.4037,26.28,Aalborg,18,1,7,26.081396,26.081396,26.081396,26.081396,26.081396,26.081396,17741.58840136129,508.70458828200003,0.0,0.0
2026-07-21 19:00:00+00:00,19.5045,68.0,0.0,1007.30585,70.0,26.081396,275.4037,26.28,Aalborg,19,1,7,26.081396,26.081396,26.081396,26.081396,26.081396,26.081396,17741.58840136129,508.70458828200003,0.0,0.0
2026-07-21 20:00:00+00:00,19.5045,68.0,0.0,1007.30585,70.0,26.081396,275.4037,26.28,Aalborg,20,1,7,26.081396,26.081396,26.081396,26.081396,26.081396,26.081396,17741.58840136129,508.70458828200003,0.0,0.0
2026-07-21 21:00:00+00:00,19.5045,68.0,0.0,1007.30585,70.0,26.081396,275.4037,26.28,Aalborg,21,1,7,26.081396,26.081396,26.081396,26.081396,26.081396,26.081396,17741.58840136129,508.70458828200003,0.0,0.0
2026-07-21 22:00:00+00:00,19.5045,68.0,0.0,1007.30585,70.0,26.081396,275.4037,26.28,Aalborg,22,1,7,26.081396,26.081396,26.081396,26.081396,26.081396,26.081396,17741.58840136129,508.70458828200003,0.0,0.0
2026-07-21 23:00:00+00:00,19.5045,68.0,0.0,1007.30585,70.0,26.081396,275.4037,26.28,Aalborg,23,1,7,26.081396,26.081396,26.081396,26.081396,26.081396,26.081396,17741.58840136129,508.70458828200003,0.0,0.0
2026-07-22 00:00:00+00:00,19.5045,68.0,0.0,1007.30585,70.0,26.081396,275.4037,26.28,Aalborg,0,2,7,26.081396,26.081396,26.081396,26.081396,26.081396,26.081396,17741.58840136129,508.70458828200003,0.0,0.0
2026-07-22 01:00:00+00:00,19.5045,68.0,0.0,1007.30585,70.0,26.081396,275.4037,26.28,Aalborg,1,2,7,26.081396,26.081396,26.081396,26.081396,26.081396,26.081396,17741.58840136129,508.70458828200003,0.0,0.0
2026-07-22 02:00:00+00:00,19.5045,68.0,0.0,1007.30585,70.0,26.081396,275.4037,26.28,Aalborg,2,2,7,26.081396,26.081396,26.081396,26.081396,26.081396,26.081396,17741.58840136129,508.70458828200003,0.0,0.0
2026-07-22 03:00:00+00:00,19.5045,68.0,0.0,1007.30585,70.0,26.081396,275.4037,26.28,Aalborg,3,2,7,26.081396,26.081396,26.081396,26.081396,26.081396,26.081396,17741.58840136129,508.70458828200003,0.0,0.0
2026-07-22 04:00:00+00:00,19.5045,68.0,0.0,1007.30585,70.0,26.081396,275.4037,26.28,Aalborg,4,2,7,26.081396,26.081396,26.081396,26.081396,26.081396,26.081396,17741.58840136129,508.70458828200003,0.0,0.0
2026-07-22 05:00:00+00:00,19.5045,68.0,0.0,1007.30585,70.0,26.081396,275.4037,26.28,Aalborg,5,2,7,26.081396,26.081396,26.081396,26.081396,26.081396,26.081396,17741.58840136129,508.70458828200003,0.0,0.0
2026-07-22 06:00:00+00:00,19.5045,68.0,0.0,1007.30585,70.0,26.081396,275.4037,26.28,Aalborg,6,2,7,26.081396,26.081396,26.081396,26.081396,26.081396,26.081396,17741.58840136129,508.70458828200003,0.0,0.0
2026-07-22 07:00:00+00:00,19.5045,68.0,0.0,1007.30585,70.0,26.081396,275.4037,26.28,Aalborg,7,2,7,26.081396,26.081396,26.081396,26.081396,26.081396,26.081396,17741.58840136129,508.70458828200003,0.0,0.0
2026-07-22 08:00:00+00:00,19.5045,68.0,0.0,1007.30585,70.0,26.081396,275.4037,26.28,Aalborg,8,2,7,26.081396,26.081396,26.081396,26.081396,26.081396,26.081396,17741.58840136129,508.70458828200003,0.0,0.0
2026-07-22 09:00:00+00:00,19.5045,68.0,0.0,1007.30585,70.0,26.081396,275.4037,26.28,Aalborg,9,2,7,26.081396,26.081396,26.081396,26.081396,26.081396,26.081396,17741.58840136129,508.70458828200003,0.0,0.0
2026-07-22 10:00:00+00:00,19.5045,68.0,0.0,1007.30585,70.0,26.081396,275.4037,26.28,Aalborg,10,2,7,26.081396,26.081396,26.081396,26.081396,26.081396,26.081396,17741.58840136129,508.70458828200003,0.0,0.0
2026-07-22 11:00:00+00:00,19.5045,68.0,0.0,1007.30585,70.0,26.081396,275.4037,26.28,Aalborg,11,2,7,26.081396,26.081396,26.081396,26.081396,26.081396,26.081396,17741.58840136129,508.70458828200003,0.0,0.0
2026-07-22 12:00:00+00:00,19.5045,68.0,0.0,1007.30585,70.0,26.081396,275.4037,26.28,Aalborg,12,2,7,26.081396,26.081396,26.081396,26.081396,26.081396,26.081396,17741.58840136129,508.70458828200003,0.0,0.0
2026-07-22 13:00:00+00:00,19.5045,68.0,0.0,1007.30585,70.0,26.081396,275.4037,26.28,Aalborg,13,2,7,26.081396,26.081396,26.081396,26.081396,26.081396,26.081396,17741.58840136129,508.70458828200003,0.0,0.0
2026-07-22 14:00:00+00:00,19.5045,68.0,0.0,1007.30585,70.0,26.081396,275.4037,26.28,Aalborg,14,2,7,26.081396,26.081396,26.081396,26.081396,26.081396,26.081396,17741.58840136129,508.70458828200003,0.0,0.0
2026-07-22 15:00:00+00:00,19.5045,68.0,0.0,1007.30585,70.0,26.081396,275.4037,26.28,Aalborg,15,2,7,26.081396,26.081396,26.081396,26.081396,26.081396,26.081396,17741.58840136129,508.70458828200003,0.0,0.0
2026-07-22 16:00:00+00:00,19.5045,68.0,0.0,1007.30585,70.0,26.081396,275.4037,26.28,Aalborg,16,2,7,26.081396,26.081396,26.081396,26.081396,26.081396,26.081396,17741.58840136129,508.70458828200003,0.0,0.0
2026-07-22 17:00:00+00:00,19.5045,68.0,0.0,1007.30585,70.0,26.081396,275.4037,26.28,Aalborg,17,2,7,26.081396,26.081396,26.081396,26.081396,26.081396,26.081396,17741.58840136129,508.70458828200003,0.0,0.0
2026-07-22 18:00:00+00:00,19.5045,68.0,0.0,1007.30585,70.0,26.081396,275.4037,26.28,Aalborg,18,2,7,26.081396,26.081396,26.081396,26.081396,26.081396,26.081396,17741.58840136129,508.70458828200003,0.0,0.0
2026-07-22 19:00:00+00:00,19.5045,68.0,0.0,1007.30585,70.0,26.081396,275.4037,26.28,Aalborg,19,2,7,26.081396,26.081396,26.081396,26.081396,26.081396,26.081396,17741.58840136129,508.70458828200003,0.0,0.0
2026-07-22 20:00:00+00:00,19.5045,68.0,0.0,1007.30585,70.0,26.081396,275.4037,26.28,Aalborg,20,2,7,26.081396,26.081396,26.081396,26.081396,26.081396,26.081396,17741.58840136129,508.70458828200003,0.0,0.0
2026-07-22 21:00:00+00:00,19.5045,68.0,0.0,1007.30585,70.0,26.081396,275.4037,26.28,Aalborg,21,2,7,26.081396,26.081396,26.081396,26.081396,26.081396,26.081396,17741.58840136129,508.70458828200003,0.0,0.0
2026-07-22 22:00:00+00:00,19.5045,68.0,0.0,1007.30585,70.0,26.081396,275.4037,26.28,Aalborg,22,2,7,26.081396,26.081396,26.081396,26.081396,26.081396,26.081396,17741.58840136129,508.70458828200003,0.0,0.0
2026-07-22 23:00:00+00:00,19.5045,68.0,0.0,1007.30585,70.0,26.081396,275.4037,26.28,Aalborg,23,2,7,26.081396,26.081396,26.081396,26.081396,26.081396,26.081396,17741.58840136129,508.70458828200003,0.0,0.0
2026-07-23 00:00:00+00:00,19.5045,68.0,0.0,1007.30585,70.0,26.081396,275.4037,26.28,Aalborg,0,3,7,26.081396,26.081396,26.081396,26.081396,26.081396,26.081396,17741.58840136129,508.70458828200003,0.0,0.0
2026-07-23 01:00:00+00:00,19.5045,68.0,0.0,1007.30585,70.0,26.081396,275.4037,26.28,Aalborg,1,3,7,26.081396,26.081396,26.081396,26.081396,26.081396,26.081396,17741.58840136129,508.70458828200003,0.0,0.0
2026-07-23 02:00:00+00:00,19.5045,68.0,0.0,1007.30585,70.0,26.081396,275.4037,26.28,Aalborg,2,3,7,26.081396,26.081396,26.081396,26.081396,26.081396,26.081396,17741.58840136129,508.70458828200003,0.0,0.0
2026-07-23 03:00:00+00:00,19.5045,68.0,0.0,1007.30585,70.0,26.081396,275.4037,26.28,Aalborg,3,3,7,26.081396,26.081396,26.081396,26.081396,26.081396,26.081396,17741.58840136129,508.70458828200003,0.0,0.0
2026-07-23 04:00:00+00:00,19.5045,68.0,0.0,1007.30585,70.0,26.081396,275.4037,26.28,Aalborg,4,3,7,26.081396,26.081396,26.081396,26.081396,26.081396,26.081396,17741.58840136129,508.70458828200003,0.0,0.0
2026-07-23 05:00:00+00:00,19.5045,68.0,0.0,1007.30585,70.0,26.081396,275.4037,26.28,Aalborg,5,3,7,26.081396,26.081396,26.081396,26.081396,26.081396,26.081396,17741.58840136129,508.70458828200003,0.0,0.0
2026-07-23 06:00:00+00:00,19.5045,68.0,0.0,1007.30585,70.0,26.081396,275.4037,26.28,Aalborg,6,3,7,26.081396,26.081396,26.081396,26.081396,26.081396,26.081396,17741.58840136129,508.70458828200003,0.0,0.0
2026-07-23 07:00:00+00:00,19.5045,68.0,0.0,1007.30585,70.0,26.081396,275.4037,26.28,Aalborg,7,3,7,26.081396,26.081396,26.081396,26.081396,26.081396,26.081396,17741.58840136129,508.70458828200003,0.0,0.0
2026-07-23 08:00:00+00:00,19.5045,68.0,0.0,1007.30585,70.0,26.081396,275.4037,26.28,Aalborg,8,3,7,26.081396,26.081396,26.081396,26.081396,26.081396,26.081396,17741.58840136129,508.70458828200003,0.0,0.0
2026-07-23 09:00:00+00:00,19.5045,68.0,0.0,1007.30585,70.0,26.081396,275.4037,26.28,Aalborg,9,3,7,26.081396,26.081396,26.081396,26.081396,26.081396,26.081396,17741.58840136129,508.70458828200003,0.0,0.0
2026-07-23 10:00:00+00:00,19.5045,68.0,0.0,1007.30585,70.0,26.081396,275.4037,26.28,Aalborg,10,3,7,26.081396,26.081396,26.081396,26.081396,26.081396,26.081396,17741.58840136129,508.70458828200003,0.0,0.0
2026-07-23 11:00:00+00:00,19.5045,68.0,0.0,1007.30585,70.0,26.081396,275.4037,26.28,Aalborg,11,3,7,26.081396,26.081396,26.081396,26.081396,26.081396,26.081396,17741.58840136129,508.70458828200003,0.0,0.0
2026-07-23 12:00:00+00:00,19.5045,68.0,0.0,1007.30585,70.0,26.081396,275.4037,26.28,Aalborg,12,3,7,26.081396,26.081396,26.081396,26.081396,26.081396,26.081396,17741.58840136129,508.70458828200003,0.0,0.0
2026-07-23 13:00:00+00:00,19.5045,68.0,0.0,1007.30585,70.0,26.081396,275.4037,26.28,Aalborg,13,3,7,26.081396,26.081396,26.081396,26.081396,26.081396,26.081396,17741.58840136129,508.70458828200003,0.0,0.0
2026-07-23 14:00:00+00:00,19.5045,68.0,0.0,1007.30585,70.0,26.081396,275.4037,26.28,Aalborg,14,3,7,26.081396,26.081396,26.081396,26.081396,26.081396,26.081396,17741.58840136129,508.70458828200003,0.0,0.0
2026-07-23 15:00:00+00:00,19.5045,68.0,0.0,1007.30585,70.0,26.081396,275.4037,26.28,Aalborg,15,3,7,26.081396,26.081396,26.081396,26.081396,26.081396,26.081396,17741.58840136129,508.70458828200003,0.0,0.0
2026-07-23 16:00:00+00:00,19.5045,68.0,0.0,1007.30585,70.0,26.081396,275.4037,26.28,Aalborg,16,3,7,26.081396,26.081396,26.081396,26.081396,26.081396,26.081396,17741.58840136129,508.70458828200003,0.0,0.0
2026-07-23 17:00:00+00:00,19.5045,68.0,0.0,1007.30585,70.0,26.081396,275.4037,26.28,Aalborg,17,3,7,26.081396,26.081396,26.081396,26.081396,26.081396,26.081396,17741.58840136129,508.70458828200003,0.0,0.0
2026-07-23 18:00:00+00:00,19.5045,68.0,0.0,1007.30585,70.0,26.081396,275.4037,26.28,Aalborg,18,3,7,26.081396,26.081396,26.081396,26.081396,26.081396,26.081396,17741.58840136129,508.70458828200003,0.0,0.0
2026-07-23 19:00:00+00:00,19.5045,68.0,0.0,1007.30585,70.0,26.081396,275.4037,26.28,Aalborg,19,3,7,26.081396,26.081396,26.081396,26.081396,26.081396,26.081396,17741.58840136129,508.70458828200003,0.0,0.0
2026-07-23 20:00:00+00:00,19.5045,68.0,0.0,1007.30585,70.0,26.081396,275.4037,26.28,Aalborg,20,3,7,26.081396,26.081396,26.081396,26.081396,26.081396,26.081396,17741.58840136129,508.70458828200003,0.0,0.0
2026-07-23 21:00:00+00:00,19.5045,68.0,0.0,1007.30585,70.0,26.081396,275.4037,26.28,Aalborg,21,3,7,26.081396,26.081396,26.081396,26.081396,26.081396,26.081396,17741.58840136129,508.70458828200003,0.0,0.0
2026-07-23 22:00:00+00:00,19.5045,68.0,0.0,1007.30585,70.0,26.081396,275.4037,26.28,Aalborg,22,3,7,26.081396,26.081396,26.081396,26.081396,26.081396,26.081396,17741.58840136129,508.70458828200003,0.0,0.0
2026-07-23 23:00:00+00:00,19.5045,68.0,0.0,1007.30585,70.0,26.081396,275.4037,26.28,Aalborg,23,3,7,26.081396,26.081396,26.081396,26.081396,26.081396,26.081396,17741.58840136129,508.70458828200003,0.0,0.0
2026-07-24 00:00:00+00:00,19.5045,68.0,0.0,1007.30585,70.0,26.081396,275.4037,26.28,Aalborg,0,4,7,26.081396,26.081396,26.081396,26.081396,26.081396,26.081396,17741.58840136129,508.70458828200003,0.0,0.0
2026-07-24 01:00:00+00:00,19.5045,68.0,0.0,1007.30585,70.0,26.081396,275.4037,26.28,Aalborg,1,4,7,26.081396,26.081396,26.081396,26.081396,26.081396,26.081396,17741.58840136129,508.70458828200003,0.0,0.0
2026-07-24 02:00:00+00:00,19.5045,68.0,0.0,1007.30585,70.0,26.081396,275.4037,26.28,Aalborg,2,4,7,26.081396,26.081396,26.081396,26.081396,26.081396,26.081396,17741.58840136129,508.70458828200003,0.0,0.0
2026-07-24 03:00:00+00:00,19.5045,68.0,0.0,1007.30585,70.0,26.081396,275.4037,26.28,Aalborg,3,4,7,26.081396,26.081396,26.081396,26.081396,26.081396,26.081396,17741.58840136129,508.70458828200003,0.0,0.0
2026-07-24 04:00:00+00:00,19.5045,68.0,0.0,1007.30585,70.0,26.081396,275.4037,26.28,Aalborg,4,4,7,26.081396,26.081396,26.081396,26.081396,26.081396,26.081396,17741.58840136129,508.70458828200003,0.0,0.0
2026-07-24 05:00:00+00:00,19.5045,68.0,0.0,1007.30585,70.0,26.081396,275.4037,26.28,Aalborg,5,4,7,26.081396,26.081396,26.081396,26.081396,26.081396,26.081396,17741.58840136129,508.70458828200003,0.0,0.0
2026-07-24 06:00:00+00:00,19.5045,68.0,0.0,1007.30585,70.0,26.081396,275.4037,26.28,Aalborg,6,4,7,26.081396,26.081396,26.081396,26.081396,26.081396,26.081396,17741.58840136129,508.70458828200003,0.0,0.0
2026-07-24 07:00:00+00:00,19.5045,68.0,0.0,1007.30585,70.0,26.081396,275.4037,26.28,Aalborg,7,4,7,26.081396,26.081396,26.081396,26.081396,26.081396,26.081396,17741.58840136129,508.70458828200003,0.0,0.0
2026-07-24 08:00:00+00:00,19.5045,68.0,0.0,1007.30585,70.0,26.081396,275.4037,26.28,Aalborg,8,4,7,26.081396,26.081396,26.081396,26.081396,26.081396,26.081396,17741.58840136129,508.70458828200003,0.0,0.0
2026-07-24 09:00:00+00:00,19.5045,68.0,0.0,1007.30585,70.0,26.081396,275.4037,26.28,Aalborg,9,4,7,26.081396,26.081396,26.081396,26.081396,26.081396,26.081396,17741.58840136129,508.70458828200003,0.0,0.0
2026-07-24 10:00:00+00:00,19.5045,68.0,0.0,1007.30585,70.0,26.081396,275.4037,26.28,Aalborg,10,4,7,26.081396,26.081396,26.081396,26.081396,26.081396,26.081396,17741.58840136129,508.70458828200003,0.0,0.0
2026-07-24 11:00:00+00:00,19.5045,68.0,0.0,1007.30585,70.0,26.081396,275.4037,26.28,Aalborg,11,4,7,26.081396,26.081396,26.081396,26.081396,26.081396,26.081396,17741.58840136129,508.70458828200003,0.0,0.0
2026-07-24 12:00:00+00:00,19.5045,68.0,0.0,1007.30585,70.0,26.081396,275.4037,26.28,Aalborg,12,4,7,26.081396,26.081396,26.081396,26.081396,26.081396,26.081396,17741.58840136129,508.70458828200003,0.0,0.0
2026-07-24 13:00:00+00:00,19.5045,68.0,0.0,1007.30585,70.0,26.081396,275.4037,26.28,Aalborg,13,4,7,26.081396,26.081396,26.081396,26.081396,26.081396,26.081396,17741.58840136129,508.70458828200003,0.0,0.0
2026-07-24 14:00:00+00:00,19.5045,68.0,0.0,1007.30585,70.0,26.081396,275.4037,26.28,Aalborg,14,4,7,26.081396,26.081396,26.081396,26.081396,26.081396,26.081396,17741.58840136129,508.70458828200003,0.0,0.0
2026-07-24 15:00:00+00:00,19.5045,68.0,0.0,1007.30585,70.0,26.081396,275.4037,26.28,Aalborg,15,4,7,26.081396,26.081396,26.081396,26.081396,26.081396,26.081396,17741.58840136129,508.70458828200003,0.0,0.0
2026-07-24 16:00:00+00:00,19.5045,68.0,0.0,1007.30585,70.0,26.081396,275.4037,26.28,Aalborg,16,4,7,26.081396,26.081396,26.081396,26.081396,26.081396,26.081396,17741.58840136129,508.70458828200003,0.0,0.0
2026-07-24 17:00:00+00:00,19.5045,68.0,0.0,1007.30585,70.0,26.081396,275.4037,26.28,Aalborg,17,4,7,26.081396,26.081396,26.081396,26.081396,26.081396,26.081396,17741.58840136129,508.70458828200003,0.0,0.0
2026-07-24 18:00:00+00:00,19.5045,68.0,0.0,1007.30585,70.0,26.081396,275.4037,26.28,Aalborg,18,4,7,26.081396,26.081396,26.081396,26.081396,26.081396,26.081396,17741.58840136129,508.70458828200003,0.0,0.0
2026-07-24 19:00:00+00:00,19.5045,68.0,0.0,1007.30585,70.0,26.081396,275.4037,26.28,Aalborg,19,4,7,26.081396,26.081396,26.081396,26.081396,26.081396,26.081396,17741.58840136129,508.70458828200003,0.0,0.0
2026-07-24 20:00:00+00:00,19.5045,68.0,0.0,1007.30585,70.0,26.081396,275.4037,26.28,Aalborg,20,4,7,26.081396,26.081396,26.081396,26.081396,26.081396,26.081396,17741.58840136129,508.70458828200003,0.0,0.0
2026-07-24 21:00:00+00:00,19.5045,68.0,0.0,1007.30585,70.0,26.081396,275.4037,26.28,Aalborg,21,4,7,26.081396,26.081396,26.081396,26.081396,26.081396,26.081396,17741.58840136129,508.70458828200003,0.0,0.0
2026-07-24 22:00:00+00:00,19.5045,68.0,0.0,1007.30585,70.0,26.081396,275.4037,26.28,Aalborg,22,4,7,26.081396,26.081396,26.081396,26.081396,26.081396,26.081396,17741.58840136129,508.70458828200003,0.0,0.0
2026-07-24 23:00:00+00:00,19.5045,68.0,0.0,1007.30585,70.0,26.081396,275.4037,26.28,Aalborg,23,4,7,26.081396,26.081396,26.081396,26.081396,26.081396,26.081396,17741.58840136129,508.70458828200003,0.0,0.0
2026-07-25 00:00:00+00:00,19.5045,68.0,0.0,1007.30585,70.0,26.081396,275.4037,26.28,Aalborg,0,5,7,26.081396,26.081396,26.081396,26.081396,26.081396,26.081396,17741.58840136129,508.70458828200003,0.0,0.0
2026-07-25 01:00:00+00:00,19.5045,68.0,0.0,1007.30585,70.0,26.081396,275.4037,26.28,Aalborg,1,5,7,26.081396,26.081396,26.081396,26.081396,26.081396,26.081396,17741.58840136129,508.70458828200003,0.0,0.0
2026-07-25 02:00:00+00:00,19.5045,68.0,0.0,1007.30585,70.0,26.081396,275.4037,26.28,Aalborg,2,5,7,26.081396,26.081396,26.081396,26.081396,26.081396,26.081396,17741.58840136129,508.70458828200003,0.0,0.0
2026-07-25 03:00:00+00:00,19.5045,68.0,0.0,1007.30585,70.0,26.081396,275.4037,26.28,Aalborg,3,5,7,26.081396,26.081396,26.081396,26.081396,26.081396,26.081396,17741.58840136129,508.70458828200003,0.0,0.0
2026-07-25 04:00:00+00:00,19.5045,68.0,0.0,1007.30585,70.0,26.081396,275.4037,26.28,Aalborg,4,5,7,26.081396,26.081396,26.081396,26.081396,26.081396,26.081396,17741.58840136129,508.70458828200003,0.0,0.0
2026-07-25 05:00:00+00:00,19.5045,68.0,0.0,1007.30585,70.0,26.081396,275.4037,26.28,Aalborg,5,5,7,26.081396,26.081396,26.081396,26.081396,26.081396,26.081396,17741.58840136129,508.70458828200003,0.0,0.0
2026-07-25 06:00:00+00:00,19.5045,68.0,0.0,1007.30585,70.0,26.081396,275.4037,26.28,Aalborg,6,5,7,26.081396,26.081396,26.081396,26.081396,26.081396,26.081396,17741.58840136129,508.70458828200003,0.0,0.0
2026-07-25 07:00:00+00:00,19.5045,68.0,0.0,1007.30585,70.0,26.081396,275.4037,26.28,Aalborg,7,5,7,26.081396,26.081396,26.081396,26.081396,26.081396,26.081396,17741.58840136129,508.70458828200003,0.0,0.0
2026-07-25 08:00:00+00:00,19.5045,68.0,0.0,1007.30585,70.0,26.081396,275.4037,26.28,Aalborg,8,5,7,26.081396,26.081396,26.081396,26.081396,26.081396,26.081396,17741.58840136129,508.70458828200003,0.0,0.0
2026-07-25 09:00:00+00:00,19.5045,68.0,0.0,1007.30585,70.0,26.081396,275.4037,26.28,Aalborg,9,5,7,26.081396,26.081396,26.081396,26.081396,26.081396,26.081396,17741.58840136129,508.70458828200003,0.0,0.0
2026-07-25 10:00:00+00:00,19.5045,68.0,0.0,1007.30585,70.0,26.081396,275.4037,26.28,Aalborg,10,5,7,26.081396,26.081396,26.081396,26.081396,26.081396,26.081396,17741.58840136129,508.70458828200003,0.0,0.0
2026-07-25 11:00:00+00:00,19.5045,68.0,0.0,1007.30585,70.0,26.081396,275.4037,26.28,Aalborg,11,5,7,26.081396,26.081396,26.081396,26.081396,26.081396,26.081396,17741.58840136129,508.70458828200003,0.0,0.0
2026-07-25 12:00:00+00:00,19.5045,68.0,0.0,1007.30585,70.0,26.081396,275.4037,26.28,Aalborg,12,5,7,26.081396,26.081396,26.081396,26.081396,26.081396,26.081396,17741.58840136129,508.70458828200003,0.0,0.0
2026-07-25 13:00:00+00:00,19.5045,68.0,0.0,1007.30585,70.0,26.081396,275.4037,26.28,Aalborg,13,5,7,26.081396,26.081396,26.081396,26.081396,26.081396,26.081396,17741.58840136129,508.70458828200003,0.0,0.0
2026-07-25 14:00:00+00:00,19.5045,68.0,0.0,1007.30585,70.0,26.081396,275.4037,26.28,Aalborg,14,5,7,26.081396,26.081396,26.081396,26.081396,26.081396,26.081396,17741.58840136129,508.70458828200003,0.0,0.0
2026-07-25 15:00:00+00:00,19.5045,68.0,0.0,1007.30585,70.0,26.081396,275.4037,26.28,Aalborg,15,5,7,26.081396,26.081396,26.081396,26.081396,26.081396,26.081396,17741.58840136129,508.70458828200003,0.0,0.0
2026-07-25 16:00:00+00:00,19.5045,68.0,0.0,1007.30585,70.0,26.081396,275.4037,26.28,Aalborg,16,5,7,26.081396,26.081396,26.081396,26.081396,26.081396,26.081396,17741.58840136129,508.70458828200003,0.0,0.0
2026-07-25 17:00:00+00:00,19.5045,68.0,0.0,1007.30585,70.0,26.081396,275.4037,26.28,Aalborg,17,5,7,26.081396,26.081396,26.081396,26.081396,26.081396,26.081396,17741.58840136129,508.70458828200003,0.0,0.0
2026-07-25 18:00:00+00:00,19.5045,68.0,0.0,1007.30585,70.0,26.081396,275.4037,26.28,Aalborg,18,5,7,26.081396,26.081396,26.081396,26.081396,26.081396,26.081396,17741.58840136129,508.70458828200003,0.0,0.0
2026-07-25 19:00:00+00:00,19.5045,68.0,0.0,1007.30585,70.0,26.081396,275.4037,26.28,Aalborg,19,5,7,26.081396,26.081396,26.081396,26.081396,26.081396,26.081396,17741.58840136129,508.70458828200003,0.0,0.0
2026-07-25 20:00:00+00:00,19.5045,68.0,0.0,1007.30585,70.0,26.081396,275.4037,26.28,Aalborg,20,5,7,26.081396,26.081396,26.081396,26.081396,26.081396,26.081396,17741.58840136129,508.70458828200003,0.0,0.0
2026-07-25 21:00:00+00:00,19.5045,68.0,0.0,1007.30585,70.0,26.081396,275.4037,26.28,Aalborg,21,5,7,26.081396,26.081396,26.081396,26.081396,26.081396,26.081396,17741.58840136129,508.70458828200003,0.0,0.0
2026-07-25 22:00:00+00:00,19.5045,68.0,0.0,1007.30585,70.0,26.081396,275.4037,26.28,Aalborg,22,5,7,26.081396,26.081396,26.081396,26.081396,26.081396,26.081396,17741.58840136129,508.70458828200003,0.0,0.0
2026-07-25 23:00:00+00:00,19.5045,68.0,0.0,1007.30585,70.0,26.081396,275.4037,26.28,Aalborg,23,5,7,26.081396,26.081396,26.081396,26.081396,26.081396,26.081396,17741.58840136129,508.70458828200003,0.0,0.0
2026-07-26 00:00:00+00:00,19.5045,68.0,0.0,1007.30585,70.0,26.081396,275.4037,26.28,Aalborg,0,6,7,26.081396,26.081396,26.081396,26.081396,26.081396,26.081396,17741.58840136129,508.70458828200003,0.0,0.0
2026-07-26 01:00:00+00:00,19.5045,68.0,0.0,1007.30585,70.0,26.081396,275.4037,26.28,Aalborg,1,6,7,26.081396,26.081396,26.081396,26.081396,26.081396,26.081396,17741.58840136129,508.70458828200003,0.0,0.0
2026-07-26 02:00:00+00:00,19.5045,68.0,0.0,1007.30585,70.0,26.081396,275.4037,26.28,Aalborg,2,6,7,26.081396,26.081396,26.081396,26.081396,26.081396,26.081396,17741.58840136129,508.70458828200003,0.0,0.0
2026-07-26 03:00:00+00:00,19.5045,68.0,0.0,1007.30585,70.0,26.081396,275.4037,26.28,Aalborg,3,6,7,26.081396,26.081396,26.081396,26.081396,26.081396,26.081396,17741.58840136129,508.70458828200003,0.0,0.0
2026-07-26 04:00:00+00:00,19.5045,68.0,0.0,1007.30585,70.0,26.081396,275.4037,26.28,Aalborg,4,6,7,26.081396,26.081396,26.081396,26.081396,26.081396,26.081396,17741.58840136129,508.70458828200003,0.0,0.0
2026-07-26 05:00:00+00:00,19.5045,68.0,0.0,1007.30585,70.0,26.081396,275.4037,26.28,Aalborg,5,6,7,26.081396,26.081396,26.081396,26.081396,26.081396,26.081396,17741.58840136129,508.70458828200003,0.0,0.0
2026-07-26 06:00:00+00:00,19.5045,68.0,0.0,1007.30585,70.0,26.081396,275.4037,26.28,Aalborg,6,6,7,26.081396,26.081396,26.081396,26.081396,26.081396,26.081396,17741.58840136129,508.70458828200003,0.0,0.0
2026-07-26 07:00:00+00:00,19.5045,68.0,0.0,1007.30585,70.0,26.081396,275.4037,26.28,Aalborg,7,6,7,26.081396,26.081396,26.081396,26.081396,26.081396,26.081396,17741.58840136129,508.70458828200003,0.0,0.0
2026-07-26 08:00:00+00:00,19.5045,68.0,0.0,1007.30585,70.0,26.081396,275.4037,26.28,Aalborg,8,6,7,26.081396,26.081396,26.081396,26.081396,26.081396,26.081396,17741.58840136129,508.70458828200003,0.0,0.0
2026-07-26 09:00:00+00:00,19.5045,68.0,0.0,1007.30585,70.0,26.081396,275.4037,26.28,Aalborg,9,6,7,26.081396,26.081396,26.081396,26.081396,26.081396,26.081396,17741.58840136129,508.70458828200003,0.0,0.0
2026-07-26 10:00:00+00:00,19.5045,68.0,0.0,1007.30585,70.0,26.081396,275.4037,26.28,Aalborg,10,6,7,26.081396,26.081396,26.081396,26.081396,26.081396,26.081396,17741.58840136129,508.70458828200003,0.0,0.0
2026-07-26 11:00:00+00:00,19.5045,68.0,0.0,1007.30585,70.0,26.081396,275.4037,26.28,Aalborg,11,6,7,26.081396,26.081396,26.081396,26.081396,26.081396,26.081396,17741.58840136129,508.70458828200003,0.0,0.0
2026-07-26 12:00:00+00:00,19.5045,68.0,0.0,1007.30585,70.0,26.081396,275.4037,26.28,Aalborg,12,6,7,26.081396,26.081396,26.081396,26.081396,26.081396,26.081396,17741.58840136129,508.70458828200003,0.0,0.0
2026-07-26 13:00:00+00:00,19.5045,68.0,0.0,1007.30585,70.0,26.081396,275.4037,26.28,Aalborg,13,6,7,26.081396,26.081396,26.081396,26.081396,26.081396,26.081396,17741.58840136129,508.70458828200003,0.0,0.0
2026-07-26 14:00:00+00:00,19.5045,68.0,0.0,1007.30585,70.0,26.081396,275.4037,26.28,Aalborg,14,6,7,26.081396,26.081396,26.081396,26.081396,26.081396,26.081396,17741.58840136129,508.70458828200003,0.0,0.0
2026-07-26 15:00:00+00:00,19.5045,68.0,0.0,1007.30585,70.0,26.081396,275.4037,26.28,Aalborg,15,6,7,26.081396,26.081396,26.081396,26.081396,26.081396,26.081396,17741.58840136129,508.70458828200003,0.0,0.0
2026-07-26 16:00:00+00:00,19.5045,68.0,0.0,1007.30585,70.0,26.081396,275.4037,26.28,Aalborg,16,6,7,26.081396,26.081396,26.081396,26.081396,26.081396,26.081396,17741.58840136129,508.70458828200003,0.0,0.0
2026-07-26 17:00:00+00:00,19.5045,68.0,0.0,1007.30585,70.0,26.081396,275.4037,26.28,Aalborg,17,6,7,26.081396,26.081396,26.081396,26.081396,26.081396,26.081396,17741.58840136129,508.70458828200003,0.0,0.0
2026-07-26 18:00:00+00:00,19.5045,68.0,0.0,1007.30585,70.0,26.081396,275.4037,26.28,Aalborg,18,6,7,26.081396,26.081396,26.081396,26.081396,26.081396,26.081396,17741.58840136129,508.70458828200003,0.0,0.0
2026-07-26 19:00:00+00:00,19.5045,68.0,0.0,1007.30585,70.0,26.081396,275.4037,26.28,Aalborg,19,6,7,26.081396,26.081396,26.081396,26.081396,26.081396,26.081396,17741.58840136129,508.70458828200003,0.0,0.0
2026-07-26 20:00:00+00:00,19.5045,68.0,0.0,1007.30585,70.0,26.081396,275.4037,26.28,Aalborg,20,6,7,26.081396,26.081396,26.081396,26.081396,26.081396,26.081396,17741.58840136129,508.70458828200003,0.0,0.0
2026-07-26 21:00:00+00:00,19.5045,68.0,0.0,1007.30585,70.0,26.081396,275.4037,26.28,Aalborg,21,6,7,26.081396,26.081396,26.081396,26.081396,26.081396,26.081396,17741.58840136129,508.70458828200003,0.0,0.0
2026-07-26 22:00:00+00:00,19.5045,68.0,0.0,1007.30585,70.0,26.081396,275.4037,26.28,Aalborg,22,6,7,26.081396,26.081396,26.081396,26.081396,26.081396,26.081396,17741.58840136129,508.70458828200003,0.0,0.0
2026-07-26 23:00:00+00:00,19.5045,68.0,0.0,1007.30585,70.0,26.081396,275.4037,26.28,Aalborg,23,6,7,26.081396,26.081396,26.081396,26.081396,26.081396,26.081396,17741.58840136129,508.70458828200003,0.0,0.0
2026-07-27 00:00:00+00:00,19.5045,68.0,0.0,1007.30585,70.0,26.081396,275.4037,26.28,Aalborg,0,0,7,26.081396,26.081396,26.081396,26.081396,26.081396,26.081396,17741.58840136129,508.70458828200003,0.0,0.0
2026-07-27 01:00:00+00:00,19.5045,68.0,0.0,1007.30585,70.0,26.081396,275.4037,26.28,Aalborg,1,0,7,26.081396,26.081396,26.081396,26.081396,26.081396,26.081396,17741.58840136129,508.70458828200003,0.0,0.0
2026-07-27 02:00:00+00:00,19.5045,68.0,0.0,1007.30585,70.0,26.081396,275.4037,26.28,Aalborg,2,0,7,26.081396,26.081396,26.081396,26.081396,26.081396,26.081396,17741.58840136129,508.70458828200003,0.0,0.0
2026-07-27 03:00:00+00:00,19.5045,68.0,0.0,1007.30585,70.0,26.081396,275.4037,26.28,Aalborg,3,0,7,26.081396,26.081396,26.081396,26.081396,26.081396,26.081396,17741.58840136129,508.70458828200003,0.0,0.0
2026-07-27 04:00:00+00:00,19.5045,68.0,0.0,1007.30585,70.0,26.081396,275.4037,26.28,Aalborg,4,0,7,26.081396,26.081396,26.081396,26.081396,26.081396,26.081396,17741.58840136129,508.70458828200003,0.0,0.0
2026-07-27 05:00:00+00:00,19.5045,68.0,0.0,1007.30585,70.0,26.081396,275.4037,26.28,Aalborg,5,0,7,26.081396,26.081396,26.081396,26.081396,26.081396,26.081396,17741.58840136129,508.70458828200003,0.0,0.0
2026-07-27 06:00:00+00:00,19.5045,68.0,0.0,1007.30585,70.0,26.081396,275.4037,26.28,Aalborg,6,0,7,26.081396,26.081396,26.081396,26.081396,26.081396,26.081396,17741.58840136129,508.70458828200003,0.0,0.0
2026-07-27 07:00:00+00:00,19.5045,68.0,0.0,1007.30585,70.0,26.081396,275.4037,26.28,Aalborg,7,0,7,26.081396,26.081396,26.081396,26.081396,26.081396,26.081396,17741.58840136129,508.70458828200003,0.0,0.0
2026-07-27 08:00:00+00:00,19.5045,68.0,0.0,1007.30585,70.0,26.081396,275.4037,26.28,Aalborg,8,0,7,26.081396,26.081396,26.081396,26.081396,26.081396,26.081396,17741.58840136129,508.70458828200003,0.0,0.0
2026-07-27 09:00:00+00:00,19.5045,68.0,0.0,1007.30585,70.0,26.081396,275.4037,26.28,Aalborg,9,0,7,26.081396,26.081396,26.081396,26.081396,26.081396,26.081396,17741.58840136129,508.70458828200003,0.0,0.0
2026-07-27 10:00:00+00:00,19.5045,68.0,0.0,1007.30585,70.0,26.081396,275.4037,26.28,Aalborg,10,0,7,26.081396,26.081396,26.081396,26.081396,26.081396,26.081396,17741.58840136129,508.70458828200003,0.0,0.0
2026-07-27 11:00:00+00:00,19.5045,68.0,0.0,1007.30585,70.0,26.081396,275.4037,26.28,Aalborg,11,0,7,26.081396,26.081396,26.081396,26.081396,26.081396,26.081396,17741.58840136129,508.70458828200003,0.0,0.0
2026-07-27 12:00:00+00:00,19.5045,68.0,0.0,1007.30585,70.0,26.081396,275.4037,26.28,Aalborg,12,0,7,26.081396,26.081396,26.081396,26.081396,26.081396,26.081396,17741.58840136129,508.70458828200003,0.0,0.0
2026-07-27 13:00:00+00:00,19.5045,68.0,0.0,1007.30585,70.0,26.081396,275.4037,26.28,Aalborg,13,0,7,26.081396,26.081396,26.081396,26.081396,26.081396,26.081396,17741.58840136129,508.70458828200003,0.0,0.0
2026-07-27 14:00:00+00:00,19.5045,68.0,0.0,1007.30585,70.0,26.081396,275.4037,26.28,Aalborg,14,0,7,26.081396,26.081396,26.081396,26.081396,26.081396,26.081396,17741.58840136129,508.70458828200003,0.0,0.0
2026-07-27 15:00:00+00:00,19.5045,68.0,0.0,1007.30585,70.0,26.081396,275.4037,26.28,Aalborg,15,0,7,26.081396,26.081396,26.081396,26.081396,26.081396,26.081396,17741.58840136129,508.70458828200003,0.0,0.0
2026-07-27 16:00:00+00:00,19.5045,68.0,0.0,1007.30585,70.0,26.081396,275.4037,26.28,Aalborg,16,0,7,26.081396,26.081396,26.081396,26.081396,26.081396,26.081396,17741.58840136129,508.70458828200003,0.0,0.0
2026-07-27 17:00:00+00:00,19.5045,68.0,0.0,1007.30585,70.0,26.081396,275.4037,26.28,Aalborg,17,0,7,26.081396,26.081396,26.081396,26.081396,26.081396,26.081396,17741.58840136129,508.70458828200003,0.0,0.0
2026-07-27 18:00:00+00:00,19.5045,68.0,0.0,1007.30585,70.0,26.081396,275.4037,26.28,Aalborg,18,0,7,26.081396,26.081396,26.081396,26.081396,26.081396,26.081396,17741.58840136129,508.70458828200003,0.0,0.0
2026-07-27 19:00:00+00:00,19.5045,68.0,0.0,1007.30585,70.0,26.081396,275.4037,26.28,Aalborg,19,0,7,26.081396,26.081396,26.081396,26.081396,26.081396,26.081396,17741.58840136129,508.70458828200003,0.0,0.0
2026-07-27 20:00:00+00:00,19.5045,68.0,0.0,1007.30585,70.0,26.081396,275.4037,26.28,Aalborg,20,0,7,26.081396,26.081396,26.081396,26.081396,26.081396,26.081396,17741.58840136129,508.70458828200003,0.0,0.0
2026-07-27 21:00:00+00:00,19.5045,68.0,0.0,1007.30585,70.0,26.081396,275.4037,26.28,Aalborg,21,0,7,26.081396,26.081396,26.081396,26.081396,26.081396,26.081396,17741.58840136129,508.70458828200003,0.0,0.0
2026-07-27 22:00:00+00:00,19.5045,68.0,0.0,1007.30585,70.0,26.081396,275.4037,26.28,Aalborg,22,0,7,26.081396,26.081396,26.081396,26.081396,26.081396,26.081396,17741.58840136129,508.70458828200003,0.0,0.0
2026-07-27 23:00:00+00:00,19.5045,68.0,0.0,1007.30585,70.0,26.081396,275.4037,26.28,Aalborg,23,0,7,26.081396,26.081396,26.081396,26.081396,26.081396,26.081396,17741.58840136129,508.70458828200003,0.0,0.0
2026-07-28 00:00:00+00:00,19.5045,68.0,0.0,1007.30585,70.0,26.081396,275.4037,26.28,Aalborg,0,1,7,26.081396,26.081396,26.081396,26.081396,26.081396,26.081396,17741.58840136129,508.70458828200003,0.0,0.0
2026-07-28 01:00:00+00:00,19.5045,68.0,0.0,1007.30585,70.0,26.081396,275.4037,26.28,Aalborg,1,1,7,26.081396,26.081396,26.081396,26.081396,26.081396,26.081396,17741.58840136129,508.70458828200003,0.0,0.0
2026-07-28 02:00:00+00:00,19.5045,68.0,0.0,1007.30585,70.0,26.081396,275.4037,26.28,Aalborg,2,1,7,26.081396,26.081396,26.081396,26.081396,26.081396,26.081396,17741.58840136129,508.70458828200003,0.0,0.0
2026-07-28 03:00:00+00:00,19.5045,68.0,0.0,1007.30585,70.0,26.081396,275.4037,26.28,Aalborg,3,1,7,26.081396,26.081396,26.081396,26.081396,26.081396,26.081396,17741.58840136129,508.70458828200003,0.0,0.0
2026-07-28 04:00:00+00:00,19.5045,68.0,0.0,1007.30585,70.0,26.081396,275.4037,26.28,Aalborg,4,1,7,26.081396,26.081396,26.081396,26.081396,26.081396,26.081396,17741.58840136129,508.70458828200003,0.0,0.0
2026-07-28 05:00:00+00:00,19.5045,68.0,0.0,1007.30585,70.0,26.081396,275.4037,26.28,Aalborg,5,1,7,26.081396,26.081396,26.081396,26.081396,26.081396,26.081396,17741.58840136129,508.70458828200003,0.0,0.0
2026-07-28 06:00:00+00:00,19.5045,68.0,0.0,1007.30585,70.0,26.081396,275.4037,26.28,Aalborg,6,1,7,26.081396,26.081396,26.081396,26.081396,26.081396,26.081396,17741.58840136129,508.70458828200003,0.0,0.0
2026-07-28 07:00:00+00:00,19.5045,68.0,0.0,1007.30585,70.0,26.081396,275.4037,26.28,Aalborg,7,1,7,26.081396,26.081396,26.081396,26.081396,26.081396,26.081396,17741.58840136129,508.70458828200003,0.0,0.0
2026-07-28 08:00:00+00:00,19.5045,68.0,0.0,1007.30585,70.0,26.081396,275.4037,26.28,Aalborg,8,1,7,26.081396,26.081396,26.081396,26.081396,26.081396,26.081396,17741.58840136129,508.70458828200003,0.0,0.0
2026-07-28 09:00:00+00:00,19.5045,68.0,0.0,1007.30585,70.0,26.081396,275.4037,26.28,Aalborg,9,1,7,26.081396,26.081396,26.081396,26.081396,26.081396,26.081396,17741.58840136129,508.70458828200003,0.0,0.0
2026-07-28 10:00:00+00:00,19.5045,68.0,0.0,1007.30585,70.0,26.081396,275.4037,26.28,Aalborg,10,1,7,26.081396,26.081396,26.081396,26.081396,26.081396,26.081396,17741.58840136129,508.70458828200003,0.0,0.0
2026-07-28 11:00:00+00:00,19.5045,68.0,0.0,1007.30585,70.0,26.081396,275.4037,26.28,Aalborg,11,1,7,26.081396,26.081396,26.081396,26.081396,26.081396,26.081396,17741.58840136129,508.70458828200003,0.0,0.0
2026-07-28 12:00:00+00:00,19.5045,68.0,0.0,1007.30585,70.0,26.081396,275.4037,26.28,Aalborg,12,1,7,26.081396,26.081396,26.081396,26.081396,26.081396,26.081396,17741.58840136129,508.70458828200003,0.0,0.0
2026-07-28 13:00:00+00:00,19.5045,68.0,0.0,1007.30585,70.0,26.081396,275.4037,26.28,Aalborg,13,1,7,26.081396,26.081396,26.081396,26.081396,26.081396,26.081396,17741.58840136129,508.70458828200003,0.0,0.0
2026-07-28 14:00:00+00:00,19.5045,68.0,0.0,1007.30585,70.0,26.081396,275.4037,26.28,Aalborg,14,1,7,26.081396,26.081396,26.081396,26.081396,26.081396,26.081396,17741.58840136129,508.70458828200003,0.0,0.0
2026-07-28 15:00:00+00:00,19.5045,68.0,0.0,1007.30585,70.0,26.081396,275.4037,26.28,Aalborg,15,1,7,26.081396,26.081396,26.081396,26.081396,26.081396,26.081396,17741.58840136129,508.70458828200003,0.0,0.0
2026-07-28 16:00:00+00:00,19.5045,68.0,0.0,1007.30585,70.0,26.081396,275.4037,26.28,Aalborg,16,1,7,26.081396,26.081396,26.081396,26.081396,26.081396,26.081396,17741.58840136129,508.70458828200003,0.0,0.0
2026-07-28 17:00:00+00:00,19.5045,68.0,0.0,1007.30585,70.0,26.081396,275.4037,26.28,Aalborg,17,1,7,26.081396,26.081396,26.081396,26.081396,26.081396,26.081396,17741.58840136129,508.70458828200003,0.0,0.0
2026-07-28 18:00:00+00:00,19.5045,68.0,0.0,1007.30585,70.0,26.081396,275.4037,26.28,Aalborg,18,1,7,26.081396,26.081396,26.081396,26.081396,26.081396,26.081396,17741.58840136129,508.70458828200003,0.0,0.0
2026-07-28 19:00:00+00:00,19.5045,68.0,0.0,1007.30585,70.0,26.081396,275.4037,26.28,Aalborg,19,1,7,26.081396,26.081396,26.081396,26.081396,26.081396,26.081396,17741.58840136129,508.70458828200003,0.0,0.0
2026-07-28 20:00:00+00:00,19.5045,68.0,0.0,1007.30585,70.0,26.081396,275.4037,26.28,Aalborg,20,1,7,26.081396,26.081396,26.081396,26.081396,26.081396,26.081396,17741.58840136129,508.70458828200003,0.0,0.0
2026-07-28 21:00:00+00:00,19.5045,68.0,0.0,1007.30585,70.0,26.081396,275.4037,26.28,Aalborg,21,1,7,26.081396,26.081396,26.081396,26.081396,26.081396,26.081396,17741.58840136129,508.70458828200003,0.0,0.0
2026-07-28 22:00:00+00:00,19.5045,68.0,0.0,1007.30585,70.0,26.081396,275.4037,26.28,Aalborg,22,1,7,26.081396,26.081396,26.081396,26.081396,26.081396,26.081396,17741.58840136129,508.70458828200003,0.0,0.0
2026-07-28 23:00:00+00:00,19.5045,68.0,0.0,1007.30585,70.0,26.081396,275.4037,26.28,Aalborg,23,1,7,26.081396,26.081396,26.081396,26.081396,26.081396,26.081396,17741.58840136129,508.70458828200003,0.0,0.0
2026-07-29 00:00:00+00:00,19.5045,68.0,0.0,1007.30585,70.0,26.081396,275.4037,26.28,Aalborg,0,2,7,26.081396,26.081396,26.081396,26.081396,26.081396,26.081396,17741.58840136129,508.70458828200003,0.0,0.0
2026-07-29 01:00:00+00:00,19.5045,68.0,0.0,1007.30585,70.0,26.081396,275.4037,26.28,Aalborg,1,2,7,26.081396,26.081396,26.081396,26.081396,26.081396,26.081396,17741.58840136129,508.70458828200003,0.0,0.0
2026-07-29 02:00:00+00:00,19.5045,68.0,0.0,1007.30585,70.0,26.081396,275.4037,26.28,Aalborg,2,2,7,26.081396,26.081396,26.081396,26.081396,26.081396,26.081396,17741.58840136129,508.70458828200003,0.0,0.0
2026-07-29 03:00:00+00:00,19.5045,68.0,0.0,1007.30585,70.0,26.081396,275.4037,26.28,Aalborg,3,2,7,26.081396,26.081396,26.081396,26.081396,26.081396,26.081396,17741.58840136129,508.70458828200003,0.0,0.0
2026-07-29 04:00:00+00:00,19.5045,68.0,0.0,1007.30585,70.0,26.081396,275.4037,26.28,Aalborg,4,2,7,26.081396,26.081396,26.081396,26.081396,26.081396,26.081396,17741.58840136129,508.70458828200003,0.0,0.0
2026-07-29 05:00:00+00:00,19.5045,68.0,0.0,1007.30585,70.0,26.081396,275.4037,26.28,Aalborg,5,2,7,26.081396,26.081396,26.081396,26.081396,26.081396,26.081396,17741.58840136129,508.70458828200003,0.0,0.0
2026-07-29 06:00:00+00:00,19.5045,68.0,0.0,1007.30585,70.0,26.081396,275.4037,26.28,Aalborg,6,2,7,26.081396,26.081396,26.081396,26.081396,26.081396,26.081396,17741.58840136129,508.70458828200003,0.0,0.0
2026-07-29 07:00:00+00:00,19.5045,68.0,0.0,1007.30585,70.0,26.081396,275.4037,26.28,Aalborg,7,2,7,26.081396,26.081396,26.081396,26.081396,26.081396,26.081396,17741.58840136129,508.70458828200003,0.0,0.0
2026-07-29 08:00:00+00:00,19.5045,68.0,0.0,1007.30585,70.0,26.081396,275.4037,26.28,Aalborg,8,2,7,26.081396,26.081396,26.081396,26.081396,26.081396,26.081396,17741.58840136129,508.70458828200003,0.0,0.0
2026-07-29 09:00:00+00:00,19.5045,68.0,0.0,1007.30585,70.0,26.081396,275.4037,26.28,Aalborg,9,2,7,26.081396,26.081396,26.081396,26.081396,26.081396,26.081396,17741.58840136129,508.70458828200003,0.0,0.0
2026-07-29 10:00:00+00:00,19.5045,68.0,0.0,1007.30585,70.0,26.081396,275.4037,26.28,Aalborg,10,2,7,26.081396,26.081396,26.081396,26.081396,26.081396,26.081396,17741.58840136129,508.70458828200003,0.0,0.0
2026-07-29 11:00:00+00:00,19.5045,68.0,0.0,1007.30585,70.0,26.081396,275.4037,26.28,Aalborg,11,2,7,26.081396,26.081396,26.081396,26.081396,26.081396,26.081396,17741.58840136129,508.70458828200003,0.0,0.0
2026-07-29 12:00:00+00:00,19.5045,68.0,0.0,1007.30585,70.0,26.081396,275.4037,26.28,Aalborg,12,2,7,26.081396,26.081396,26.081396,26.081396,26.081396,26.081396,17741.58840136129,508.70458828200003,0.0,0.0
2026-07-29 13:00:00+00:00,19.5045,68.0,0.0,1007.30585,70.0,26.081396,275.4037,26.28,Aalborg,13,2,7,26.081396,26.081396,26.081396,26.081396,26.081396,26.081396,17741.58840136129,508.70458828200003,0.0,0.0
2026-07-29 14:00:00+00:00,19.5045,68.0,0.0,1007.30585,70.0,26.081396,275.4037,26.28,Aalborg,14,2,7,26.081396,26.081396,26.081396,26.081396,26.081396,26.081396,17741.58840136129,508.70458828200003,0.0,0.0
2026-07-29 15:00:00+00:00,19.5045,68.0,0.0,1007.30585,70.0,26.081396,275.4037,26.28,Aalborg,15,2,7,26.081396,26.081396,26.081396,26.081396,26.081396,26.081396,17741.58840136129,508.70458828200003,0.0,0.0
2026-07-29 16:00:00+00:00,19.5045,68.0,0.0,1007.30585,70.0,26.081396,275.4037,26.28,Aalborg,16,2,7,26.081396,26.081396,26.081396,26.081396,26.081396,26.081396,17741.58840136129,508.70458828200003,0.0,0.0
2026-07-29 17:00:00+00:00,19.5045,68.0,0.0,1007.30585,70.0,26.081396,275.4037,26.28,Aalborg,17,2,7,26.081396,26.081396,26.081396,26.081396,26.081396,26.081396,17741.58840136129,508.70458828200003,0.0,0.0
2026-07-29 18:00:00+00:00,19.5045,68.0,0.0,1007.30585,70.0,26.081396,275.4037,26.28,Aalborg,18,2,7,26.081396,26.081396,26.081396,26.081396,26.081396,26.081396,17741.58840136129,508.70458828200003,0.0,0.0
2026-07-29 19:00:00+00:00,19.5045,68.0,0.0,1007.30585,70.0,26.081396,275.4037,26.28,Aalborg,19,2,7,26.081396,26.081396,26.081396,26.081396,26.081396,26.081396,17741.58840136129,508.70458828200003,0.0,0.0
2026-07-29 20:00:00+00:00,19.5045,68.0,0.0,1007.30585,70.0,26.081396,275.4037,26.28,Aalborg,20,2,7,26.081396,26.081396,26.081396,26.081396,26.081396,26.081396,17741.58840136129,508.70458828200003,0.0,0.0
2026-07-29 21:00:00+00:00,19.5045,68.0,0.0,1007.30585,70.0,26.081396,275.4037,26.28,Aalborg,21,2,7,26.081396,26.081396,26.081396,26.081396,26.081396,26.081396,17741.58840136129,508.70458828200003,0.0,0.0
2026-07-29 22:00:00+00:00,19.5045,68.0,0.0,1007.30585,70.0,26.081396,275.4037,26.28,Aalborg,22,2,7,26.081396,26.081396,26.081396,26.081396,26.081396,26.081396,17741.58840136129,508.70458828200003,0.0,0.0
2026-07-29 23:00:00+00:00,19.5045,68.0,0.0,1007.30585,70.0,26.081396,275.4037,26.28,Aalborg,23,2,7,26.081396,26.081396,26.081396,26.081396,26.081396,26.081396,17741.58840136129,508.70458828200003,0.0,0.0
2026-07-30 00:00:00+00:00,19.5045,68.0,0.0,1007.30585,70.0,26.081396,275.4037,26.28,Aalborg,0,3,7,26.081396,26.081396,26.081396,26.081396,26.081396,26.081396,17741.58840136129,508.70458828200003,0.0,0.0
2026-07-30 01:00:00+00:00,19.5045,68.0,0.0,1007.30585,70.0,26.081396,275.4037,26.28,Aalborg,1,3,7,26.081396,26.081396,26.081396,26.081396,26.081396,26.081396,17741.58840136129,508.70458828200003,0.0,0.0
2026-07-30 02:00:00+00:00,19.5045,68.0,0.0,1007.30585,70.0,26.081396,275.4037,26.28,Aalborg,2,3,7,26.081396,26.081396,26.081396,26.081396,26.081396,26.081396,17741.58840136129,508.70458828200003,0.0,0.0
2026-07-30 03:00:00+00:00,19.5045,68.0,0.0,1007.30585,70.0,26.081396,275.4037,26.28,Aalborg,3,3,7,26.081396,26.081396,26.081396,26.081396,26.081396,26.081396,17741.58840136129,508.70458828200003,0.0,0.0
2026-07-30 04:00:00+00:00,19.5045,68.0,0.0,1007.30585,70.0,26.081396,275.4037,26.28,Aalborg,4,3,7,26.081396,26.081396,26.081396,26.081396,26.081396,26.081396,17741.58840136129,508.70458828200003,0.0,0.0
2026-07-30 05:00:00+00:00,19.5045,68.0,0.0,1007.30585,70.0,26.081396,275.4037,26.28,Aalborg,5,3,7,26.081396,26.081396,26.081396,26.081396,26.081396,26.081396,17741.58840136129,508.70458828200003,0.0,0.0
2026-07-30 06:00:00+00:00,19.5045,68.0,0.0,1007.30585,70.0,26.081396,275.4037,26.28,Aalborg,6,3,7,26.081396,26.081396,26.081396,26.081396,26.081396,26.081396,17741.58840136129,508.70458828200003,0.0,0.0
2026-07-30 07:00:00+00:00,19.5045,68.0,0.0,1007.30585,70.0,26.081396,275.4037,26.28,Aalborg,7,3,7,26.081396,26.081396,26.081396,26.081396,26.081396,26.081396,17741.58840136129,508.70458828200003,0.0,0.0
2026-07-30 08:00:00+00:00,19.5045,68.0,0.0,1007.30585,70.0,26.081396,275.4037,26.28,Aalborg,8,3,7,26.081396,26.081396,26.081396,26.081396,26.081396,26.081396,17741.58840136129,508.70458828200003,0.0,0.0
2026-07-30 09:00:00+00:00,19.5045,68.0,0.0,1007.30585,70.0,26.081396,275.4037,26.28,Aalborg,9,3,7,26.081396,26.081396,26.081396,26.081396,26.081396,26.081396,17741.58840136129,508.70458828200003,0.0,0.0
2026-07-30 10:00:00+00:00,19.5045,68.0,0.0,1007.30585,70.0,26.081396,275.4037,26.28,Aalborg,10,3,7,26.081396,26.081396,26.081396,26.081396,26.081396,26.081396,17741.58840136129,508.70458828200003,0.0,0.0
2026-07-30 11:00:00+00:00,19.5045,68.0,0.0,1007.30585,70.0,26.081396,275.4037,26.28,Aalborg,11,3,7,26.081396,26.081396,26.081396,26.081396,26.081396,26.081396,17741.58840136129,508.70458828200003,0.0,0.0
2026-07-30 12:00:00+00:00,19.5045,68.0,0.0,1007.30585,70.0,26.081396,275.4037,26.28,Aalborg,12,3,7,26.081396,26.081396,26.081396,26.081396,26.081396,26.081396,17741.58840136129,508.70458828200003,0.0,0.0
2026-07-30 13:00:00+00:00,19.5045,68.0,0.0,1007.30585,70.0,26.081396,275.4037,26.28,Aalborg,13,3,7,26.081396,26.081396,26.081396,26.081396,26.081396,26.081396,17741.58840136129,508.70458828200003,0.0,0.0
2026-07-30 14:00:00+00:00,19.5045,68.0,0.0,1007.30585,70.0,26.081396,275.4037,26.28,Aalborg,14,3,7,26.081396,26.081396,26.081396,26.081396,26.081396,26.081396,17741.58840136129,508.70458828200003,0.0,0.0
2026-07-30 15:00:00+00:00,19.5045,68.0,0.0,1007.30585,70.0,26.081396,275.4037,26.28,Aalborg,15,3,7,26.081396,26.081396,26.081396,26.081396,26.081396,26.081396,17741.58840136129,508.70458828200003,0.0,0.0
2026-07-30 16:00:00+00:00,19.5045,68.0,0.0,1007.30585,70.0,26.081396,275.4037,26.28,Aalborg,16,3,7,26.081396,26.081396,26.081396,26.081396,26.081396,26.081396,17741.58840136129,508.70458828200003,0.0,0.0
2026-07-30 17:00:00+00:00,19.5045,68.0,0.0,1007.30585,70.0,26.081396,275.4037,26.28,Aalborg,17,3,7,26.081396,26.081396,26.081396,26.081396,26.081396,26.081396,17741.58840136129,508.70458828200003,0.0,0.0
2026-07-30 18:00:00+00:00,19.5045,68.0,0.0,1007.30585,70.0,26.081396,275.4037,26.28,Aalborg,18,3,7,26.081396,26.081396,26.081396,26.081396,26.081396,26.081396,17741.58840136129,508.70458828200003,0.0,0.0
2026-07-30 19:00:00+00:00,19.5045,68.0,0.0,1007.30585,70.0,26.081396,275.4037,26.28,Aalborg,19,3,7,26.081396,26.081396,26.081396,26.081396,26.081396,26.081396,17741.58840136129,508.70458828200003,0.0,0.0
2026-07-30 20:00:00+00:00,19.5045,68.0,0.0,1007.30585,70.0,26.081396,275.4037,26.28,Aalborg,20,3,7,26.081396,26.081396,26.081396,26.081396,26.081396,26.081396,17741.58840136129,508.70458828200003,0.0,0.0
2026-07-30 21:00:00+00:00,19.5045,68.0,0.0,1007.30585,70.0,26.081396,275.4037,26.28,Aalborg,21,3,7,26.081396,26.081396,26.081396,26.081396,26.081396,26.081396,17741.58840136129,508.70458828200003,0.0,0.0
2026-07-30 22:00:00+00:00,19.5045,68.0,0.0,1007.30585,70.0,26.081396,275.4037,26.28,Aalborg,22,3,7,26.081396,26.081396,26.081396,26.081396,26.081396,26.081396,17741.58840136129,508.70458828200003,0.0,0.0
2026-07-30 23:00:00+00:00,19.5045,68.0,0.0,1007.30585,70.0,26.081396,275.4037,26.28,Aalborg,23,3,7,26.081396,26.081396,26.081396,26.081396,26.081396,26.081396,17741.58840136129,508.70458828200003,0.0,0.0
2026-07-31 00:00:00+00:00,19.5045,68.0,0.0,1007.30585,70.0,26.081396,275.4037,26.28,Aalborg,0,4,7,26.081396,26.081396,26.081396,26.081396,26.081396,26.081396,17741.58840136129,508.70458828200003,0.0,0.0
2026-07-31 01:00:00+00:00,19.5045,68.0,0.0,1007.30585,70.0,26.081396,275.4037,26.28,Aalborg,1,4,7,26.081396,26.081396,26.081396,26.081396,26.081396,26.081396,17741.58840136129,508.70458828200003,0.0,0.0
2026-07-31 02:00:00+00:00,19.5045,68.0,0.0,1007.30585,70.0,26.081396,275.4037,26.28,Aalborg,2,4,7,26.081396,26.081396,26.081396,26.081396,26.081396,26.081396,17741.58840136129,508.70458828200003,0.0,0.0
2026-07-31 03:00:00+00:00,19.5045,68.0,0.0,1007.30585,70.0,26.081396,275.4037,26.28,Aalborg,3,4,7,26.081396,26.081396,26.081396,26.081396,26.081396,26.081396,17741.58840136129,508.70458828200003,0.0,0.0
2026-07-31 04:00:00+00:00,19.5045,68.0,0.0,1007.30585,70.0,26.081396,275.4037,26.28,Aalborg,4,4,7,26.081396,26.081396,26.081396,26.081396,26.081396,26.081396,17741.58840136129,508.70458828200003,0.0,0.0
2026-07-31 05:00:00+00:00,19.5045,68.0,0.0,1007.30585,70.0,26.081396,275.4037,26.28,Aalborg,5,4,7,26.081396,26.081396,26.081396,26.081396,26.081396,26.081396,17741.58840136129,508.70458828200003,0.0,0.0
2026-07-31 06:00:00+00:00,19.5045,68.0,0.0,1007.30585,70.0,26.081396,275.4037,26.28,Aalborg,6,4,7,26.081396,26.081396,26.081396,26.081396,26.081396,26.081396,17741.58840136129,508.70458828200003,0.0,0.0
2026-07-31 07:00:00+00:00,19.5045,68.0,0.0,1007.30585,70.0,26.081396,275.4037,26.28,Aalborg,7,4,7,26.081396,26.081396,26.081396,26.081396,26.081396,26.081396,17741.58840136129,508.70458828200003,0.0,0.0
2026-07-31 08:00:00+00:00,19.5045,68.0,0.0,1007.30585,70.0,26.081396,275.4037,26.28,Aalborg,8,4,7,26.081396,26.081396,26.081396,26.081396,26.081396,26.081396,17741.58840136129,508.70458828200003,0.0,0.0
2026-07-31 09:00:00+00:00,19.5045,68.0,0.0,1007.30585,70.0,26.081396,275.4037,26.28,Aalborg,9,4,7,26.081396,26.081396,26.081396,26.081396,26.081396,26.081396,17741.58840136129,508.70458828200003,0.0,0.0
2026-07-31 10:00:00+00:00,19.5045,68.0,0.0,1007.30585,70.0,26.081396,275.4037,26.28,Aalborg,10,4,7,26.081396,26.081396,26.081396,26.081396,26.081396,26.081396,17741.58840136129,508.70458828200003,0.0,0.0
2026-07-31 11:00:00+00:00,19.5045,68.0,0.0,1007.30585,70.0,26.081396,275.4037,26.28,Aalborg,11,4,7,26.081396,26.081396,26.081396,26.081396,26.081396,26.081396,17741.58840136129,508.70458828200003,0.0,0.0
2026-07-31 12:00:00+00:00,19.5045,68.0,0.0,1007.30585,70.0,26.081396,275.4037,26.28,Aalborg,12,4,7,26.081396,26.081396,26.081396,26.081396,26.081396,26.081396,17741.58840136129,508.70458828200003,0.0,0.0
2026-07-31 13:00:00+00:00,19.5045,68.0,0.0,1007.30585,70.0,26.081396,275.4037,26.28,Aalborg,13,4,7,26.081396,26.081396,26.081396,26.081396,26.081396,26.081396,17741.58840136129,508.70458828200003,0.0,0.0
2026-07-31 14:00:00+00:00,19.5045,68.0,0.0,1007.30585,70.0,26.081396,275.4037,26.28,Aalborg,14,4,7,26.081396,26.081396,26.081396,26.081396,26.081396,26.081396,17741.58840136129,508.70458828200003,0.0,0.0
2026-07-31 15:00:00+00:00,19.5045,68.0,0.0,1007.30585,70.0,26.081396,275.4037,26.28,Aalborg,15,4,7,26.081396,26.081396,26.081396,26.081396,26.081396,26.081396,17741.58840136129,508.70458828200003,0.0,0.0
2026-07-31 16:00:00+00:00,19.5045,68.0,0.0,1007.30585,70.0,26.081396,275.4037,26.28,Aalborg,16,4,7,26.081396,26.081396,26.081396,26.081396,26.081396,26.081396,17741.58840136129,508.70458828200003,0.0,0.0
2026-07-31 17:00:00+00:00,19.5045,68.0,0.0,1007.30585,70.0,26.081396,275.4037,26.28,Aalborg,17,4,7,26.081396,26.081396,26.081396,26.081396,26.081396,26.081396,17741.58840136129,508.70458828200003,0.0,0.0
2026-07-31 18:00:00+00:00,19.5045,68.0,0.0,1007.30585,70.0,26.081396,275.4037,26.28,Aalborg,18,4,7,26.081396,26.081396,26.081396,26.081396,26.081396,26.081396,17741.58840136129,508.70458828200003,0.0,0.0
2026-07-31 19:00:00+00:00,19.5045,68.0,0.0,1007.30585,70.0,26.081396,275.4037,26.28,Aalborg,19,4,7,26.081396,26.081396,26.081396,26.081396,26.081396,26.081396,17741.58840136129,508.70458828200003,0.0,0.0
2026-07-31 20:00:00+00:00,19.5045,68.0,0.0,1007.30585,70.0,26.081396,275.4037,26.28,Aalborg,20,4,7,26.081396,26.081396,26.081396,26.081396,26.081396,26.081396,17741.58840136129,508.70458828200003,0.0,0.0
2026-07-31 21:00:00+00:00,19.5045,68.0,0.0,1007.30585,70.0,26.081396,275.4037,26.28,Aalborg,21,4,7,26.081396,26.081396,26.081396,26.081396,26.081396,26.081396,17741.58840136129,508.70458828200003,0.0,0.0
2026-07-31 22:00:00+00:00,19.5045,68.0,0.0,1007.30585,70.0,26.081396,275.4037,26.28,Aalborg,22,4,7,26.081396,26.081396,26.081396,26.081396,26.081396,26.081396,17741.58840136129,508.70458828200003,0.0,0.0
2026-07-31 23:00:00+00:00,19.5045,68.0,0.0,1007.30585,70.0,26.081396,275.4037,26.28,Aalborg,23,4,7,26.081396,26.081396,26.081396,26.081396,26.081396,26.081396,17741.58840136129,508.70458828200003,0.0,0.0
2026-08-01 00:00:00+00:00,19.5045,68.0,0.0,1007.30585,70.0,26.081396,275.4037,26.28,Aalborg,0,5,8,26.081396,26.081396,26.081396,26.081396,26.081396,26.081396,17741.58840136129,508.70458828200003,0.0,0.0
2026-08-01 01:00:00+00:00,19.5045,68.0,0.0,1007.30585,70.0,26.081396,275.4037,26.28,Aalborg,1,5,8,26.081396,26.081396,26.081396,26.081396,26.081396,26.081396,17741.58840136129,508.70458828200003,0.0,0.0
2026-08-01 02:00:00+00:00,19.5045,68.0,0.0,1007.30585,70.0,26.081396,275.4037,26.28,Aalborg,2,5,8,26.081396,26.081396,26.081396,26.081396,26.081396,26.081396,17741.58840136129,508.70458828200003,0.0,0.0
2026-08-01 03:00:00+00:00,19.5045,68.0,0.0,1007.30585,70.0,26.081396,275.4037,26.28,Aalborg,3,5,8,26.081396,26.081396,26.081396,26.081396,26.081396,26.081396,17741.58840136129,508.70458828200003,0.0,0.0
2026-08-01 04:00:00+00:00,19.5045,68.0,0.0,1007.30585,70.0,26.081396,275.4037,26.28,Aalborg,4,5,8,26.081396,26.081396,26.081396,26.081396,26.081396,26.081396,17741.58840136129,508.70458828200003,0.0,0.0
2026-08-01 05:00:00+00:00,19.5045,68.0,0.0,1007.30585,70.0,26.081396,275.4037,26.28,Aalborg,5,5,8,26.081396,26.081396,26.081396,26.081396,26.081396,26.081396,17741.58840136129,508.70458828200003,0.0,0.0
2026-08-01 06:00:00+00:00,19.5045,68.0,0.0,1007.30585,70.0,26.081396,275.4037,26.28,Aalborg,6,5,8,26.081396,26.081396,26.081396,26.081396,26.081396,26.081396,17741.58840136129,508.70458828200003,0.0,0.0
2026-08-01 07:00:00+00:00,19.5045,68.0,0.0,1007.30585,70.0,26.081396,275.4037,26.28,Aalborg,7,5,8,26.081396,26.081396,26.081396,26.081396,26.081396,26.081396,17741.58840136129,508.70458828200003,0.0,0.0
2026-08-01 08:00:00+00:00,19.5045,68.0,0.0,1007.30585,70.0,26.081396,275.4037,26.28,Aalborg,8,5,8,26.081396,26.081396,26.081396,26.081396,26.081396,26.081396,17741.58840136129,508.70458828200003,0.0,0.0
2026-08-01 09:00:00+00:00,19.5045,68.0,0.0,1007.30585,70.0,26.081396,275.4037,26.28,Aalborg,9,5,8,26.081396,26.081396,26.081396,26.081396,26.081396,26.081396,17741.58840136129,508.70458828200003,0.0,0.0
2026-08-01 10:00:00+00:00,19.5045,68.0,0.0,1007.30585,70.0,26.081396,275.4037,26.28,Aalborg,10,5,8,26.081396,26.081396,26.081396,26.081396,26.081396,26.081396,17741.58840136129,508.70458828200003,0.0,0.0
2026-08-01 11:00:00+00:00,19.5045,68.0,0.0,1007.30585,70.0,26.081396,275.4037,26.28,Aalborg,11,5,8,26.081396,26.081396,26.081396,26.081396,26.081396,26.081396,17741.58840136129,508.70458828200003,0.0,0.0
2026-08-01 12:00:00+00:00,19.5045,68.0,0.0,1007.30585,70.0,26.081396,275.4037,26.28,Aalborg,12,5,8,26.081396,26.081396,26.081396,26.081396,26.081396,26.081396,17741.58840136129,508.70458828200003,0.0,0.0
2026-08-01 13:00:00+00:00,19.5045,68.0,0.0,1007.30585,70.0,26.081396,275.4037,26.28,Aalborg,13,5,8,26.081396,26.081396,26.081396,26.081396,26.081396,26.081396,17741.58840136129,508.70458828200003,0.0,0.0
2026-08-01 14:00:00+00:00,19.5045,68.0,0.0,1007.30585,70.0,26.081396,275.4037,26.28,Aalborg,14,5,8,26.081396,26.081396,26.081396,26.081396,26.081396,26.081396,17741.58840136129,508.70458828200003,0.0,0.0
2026-08-01 15:00:00+00:00,19.5045,68.0,0.0,1007.30585,70.0,26.081396,275.4037,26.28,Aalborg,15,5,8,26.081396,26.081396,26.081396,26.081396,26.081396,26.081396,17741.58840136129,508.70458828200003,0.0,0.0
2026-08-01 16:00:00+00:00,19.5045,68.0,0.0,1007.30585,70.0,26.081396,275.4037,26.28,Aalborg,16,5,8,26.081396,26.081396,26.081396,26.081396,26.081396,26.081396,17741.58840136129,508.70458828200003,0.0,0.0
2026-08-01 17:00:00+00:00,19.5045,68.0,0.0,1007.30585,70.0,26.081396,275.4037,26.28,Aalborg,17,5,8,26.081396,26.081396,26.081396,26.081396,26.081396,26.081396,17741.58840136129,508.70458828200003,0.0,0.0
2026-08-01 18:00:00+00:00,19.5045,68.0,0.0,1007.30585,70.0,26.081396,275.4037,26.28,Aalborg,18,5,8,26.081396,26.081396,26.081396,26.081396,26.081396,26.081396,17741.58840136129,508.70458828200003,0.0,0.0
2026-08-01 19:00:00+00:00,19.5045,68.0,0.0,1007.30585,70.0,26.081396,275.4037,26.28,Aalborg,19,5,8,26.081396,26.081396,26.081396,26.081396,26.081396,26.081396,17741.58840136129,508.70458828200003,0.0,0.0
2026-08-01 20:00:00+00:00,19.5045,68.0,0.0,1007.30585,70.0,26.081396,275.4037,26.28,Aalborg,20,5,8,26.081396,26.081396,26.081396,26.081396,26.081396,26.081396,17741.58840136129,508.70458828200003,0.0,0.0
2026-08-01 21:00:00+00:00,19.5045,68.0,0.0,1007.30585,70.0,26.081396,275.4037,26.28,Aalborg,21,5,8,26.081396,26.081396,26.081396,26.081396,26.081396,26.081396,17741.58840136129,508.70458828200003,0.0,0.0
2026-08-01 22:00:00+00:00,19.5045,68.0,0.0,1007.30585,70.0,26.081396,275.4037,26.28,Aalborg,22,5,8,26.081396,26.081396,26.081396,26.081396,26.081396,26.081396,17741.58840136129,508.70458828200003,0.0,0.0
2026-08-01 23:00:00+00:00,19.5045,68.0,0.0,1007.30585,70.0,26.081396,275.4037,26.28,Aalborg,23,5,8,26.081396,26.081396,26.081396,26.081396,26.081396,26.081396,17741.58840136129,508.70458828200003,0.0,0.0
2026-08-02 00:00:00+00:00,19.5045,68.0,0.0,1007.30585,70.0,26.081396,275.4037,26.28,Aalborg,0,6,8,26.081396,26.081396,26.081396,26.081396,26.081396,26.081396,17741.58840136129,508.70458828200003,0.0,0.0
2026-08-02 01:00:00+00:00,19.5045,68.0,0.0,1007.30585,70.0,26.081396,275.4037,26.28,Aalborg,1,6,8,26.081396,26.081396,26.081396,26.081396,26.081396,26.081396,17741.58840136129,508.70458828200003,0.0,0.0
2026-08-02 02:00:00+00:00,19.5045,68.0,0.0,1007.30585,70.0,26.081396,275.4037,26.28,Aalborg,2,6,8,26.081396,26.081396,26.081396,26.081396,26.081396,26.081396,17741.58840136129,508.70458828200003,0.0,0.0
2026-08-02 03:00:00+00:00,19.5045,68.0,0.0,1007.30585,70.0,26.081396,275.4037,26.28,Aalborg,3,6,8,26.081396,26.081396,26.081396,26.081396,26.081396,26.081396,17741.58840136129,508.70458828200003,0.0,0.0
2026-08-02 04:00:00+00:00,19.5045,68.0,0.0,1007.30585,70.0,26.081396,275.4037,26.28,Aalborg,4,6,8,26.081396,26.081396,26.081396,26.081396,26.081396,26.081396,17741.58840136129,508.70458828200003,0.0,0.0
2026-08-02 05:00:00+00:00,19.5045,68.0,0.0,1007.30585,70.0,26.081396,275.4037,26.28,Aalborg,5,6,8,26.081396,26.081396,26.081396,26.081396,26.081396,26.081396,17741.58840136129,508.70458828200003,0.0,0.0
2026-08-02 06:00:00+00:00,19.5045,68.0,0.0,1007.30585,70.0,26.081396,275.4037,26.28,Aalborg,6,6,8,26.081396,26.081396,26.081396,26.081396,26.081396,26.081396,17741.58840136129,508.70458828200003,0.0,0.0
2026-08-02 07:00:00+00:00,19.5045,68.0,0.0,1007.30585,70.0,26.081396,275.4037,26.28,Aalborg,7,6,8,26.081396,26.081396,26.081396,26.081396,26.081396,26.081396,17741.58840136129,508.70458828200003,0.0,0.0
2026-08-02 08:00:00+00:00,19.5045,68.0,0.0,1007.30585,70.0,26.081396,275.4037,26.28,Aalborg,8,6,8,26.081396,26.081396,26.081396,26.081396,26.081396,26.081396,17741.58840136129,508.70458828200003,0.0,0.0
2026-08-02 09:00:00+00:00,19.5045,68.0,0.0,1007.30585,70.0,26.081396,275.4037,26.28,Aalborg,9,6,8,26.081396,26.081396,26.081396,26.081396,26.081396,26.081396,17741.58840136129,508.70458828200003,0.0,0.0
2026-08-02 10:00:00+00:00,19.5045,68.0,0.0,1007.30585,70.0,26.081396,275.4037,26.28,Aalborg,10,6,8,26.081396,26.081396,26.081396,26.081396,26.081396,26.081396,17741.58840136129,508.70458828200003,0.0,0.0
2026-08-02 11:00:00+00:00,19.5045,68.0,0.0,1007.30585,70.0,26.081396,275.4037,26.28,Aalborg,11,6,8,26.081396,26.081396,26.081396,26.081396,26.081396,26.081396,17741.58840136129,508.70458828200003,0.0,0.0
2026-08-02 12:00:00+00:00,19.5045,68.0,0.0,1007.30585,70.0,26.081396,275.4037,26.28,Aalborg,12,6,8,26.081396,26.081396,26.081396,26.081396,26.081396,26.081396,17741.58840136129,508.70458828200003,0.0,0.0
2026-08-02 13:00:00+00:00,19.5045,68.0,0.0,1007.30585,70.0,26.081396,275.4037,26.28,Aalborg,13,6,8,26.081396,26.081396,26.081396,26.081396,26.081396,26.081396,17741.58840136129,508.70458828200003,0.0,0.0
2026-08-02 14:00:00+00:00,19.5045,68.0,0.0,1007.30585,70.0,26.081396,275.4037,26.28,Aalborg,14,6,8,26.081396,26.081396,26.081396,26.081396,26.081396,26.081396,17741.58840136129,508.70458828200003,0.0,0.0
2026-08-02 15:00:00+00:00,19.5045,68.0,0.0,1007.30585,70.0,26.081396,275.4037,26.28,Aalborg,15,6,8,26.081396,26.081396,26.081396,26.081396,26.081396,26.081396,17741.58840136129,508.70458828200003,0.0,0.0
2026-08-02 16:00:00+00:00,19.5045,68.0,0.0,1007.30585,70.0,26.081396,275.4037,26.28,Aalborg,16,6,8,26.081396,26.081396,26.081396,26.081396,26.081396,26.081396,17741.58840136129,508.70458828200003,0.0,0.0
2026-08-02 17:00:00+00:00,19.5045,68.0,0.0,1007.30585,70.0,26.081396,275.4037,26.28,Aalborg,17,6,8,26.081396,26.081396,26.081396,26.081396,26.081396,26.081396,17741.58840136129,508.70458828200003,0.0,0.0
2026-08-02 18:00:00+00:00,19.5045,68.0,0.0,1007.30585,70.0,26.081396,275.4037,26.28,Aalborg,18,6,8,26.081396,26.081396,26.081396,26.081396,26.081396,26.081396,17741.58840136129,508.70458828200003,0.0,0.0
2026-08-02 19:00:00+00:00,19.5045,68.0,0.0,1007.30585,70.0,26.081396,275.4037,26.28,Aalborg,19,6,8,26.081396,26.081396,26.081396,26.081396,26.081396,26.081396,17741.58840136129,508.70458828200003,0.0,0.0
2026-08-02 20:00:00+00:00,19.5045,68.0,0.0,1007.30585,70.0,26.081396,275.4037,26.28,Aalborg,20,6,8,26.081396,26.081396,26.081396,26.081396,26.081396,26.081396,17741.58840136129,508.70458828200003,0.0,0.0
2026-08-02 21:00:00+00:00,19.5045,68.0,0.0,1007.30585,70.0,26.081396,275.4037,26.28,Aalborg,21,6,8,26.081396,26.081396,26.081396,26.081396,26.081396,26.081396,17741.58840136129,508.70458828200003,0.0,0.0
2026-08-02 22:00:00+00:00,19.5045,68.0,0.0,1007.30585,70.0,26.081396,275.4037,26.28,Aalborg,22,6,8,26.081396,26.081396,26.081396,26.081396,26.081396,26.081396,17741.58840136129,508.70458828200003,0.0,0.0
2026-08-02 23:00:00+00:00,19.5045,68.0,0.0,1007.30585,70.0,26.081396,275.4037,26.28,Aalborg,23,6,8,26.081396,26.081396,26.081396,26.081396,26.081396,26.081396,17741.58840136129,508.70458828200003,0.0,0.0
2026-08-03 00:00:00+00:00,19.5045,68.0,0.0,1007.30585,70.0,26.081396,275.4037,26.28,Aalborg,0,0,8,26.081396,26.081396,26.081396,26.081396,26.081396,26.081396,17741.58840136129,508.70458828200003,0.0,0.0
2026-08-03 01:00:00+00:00,19.5045,68.0,0.0,1007.30585,70.0,26.081396,275.4037,26.28,Aalborg,1,0,8,26.081396,26.081396,26.081396,26.081396,26.081396,26.081396,17741.58840136129,508.70458828200003,0.0,0.0
2026-08-03 02:00:00+00:00,19.5045,68.0,0.0,1007.30585,70.0,26.081396,275.4037,26.28,Aalborg,2,0,8,26.081396,26.081396,26.081396,26.081396,26.081396,26.081396,17741.58840136129,508.70458828200003,0.0,0.0
2026-08-03 03:00:00+00:00,19.5045,68.0,0.0,1007.30585,70.0,26.081396,275.4037,26.28,Aalborg,3,0,8,26.081396,26.081396,26.081396,26.081396,26.081396,26.081396,17741.58840136129,508.70458828200003,0.0,0.0
2026-08-03 04:00:00+00:00,19.5045,68.0,0.0,1007.30585,70.0,26.081396,275.4037,26.28,Aalborg,4,0,8,26.081396,26.081396,26.081396,26.081396,26.081396,26.081396,17741.58840136129,508.70458828200003,0.0,0.0
2026-08-03 05:00:00+00:00,19.5045,68.0,0.0,1007.30585,70.0,26.081396,275.4037,26.28,Aalborg,5,0,8,26.081396,26.081396,26.081396,26.081396,26.081396,26.081396,17741.58840136129,508.70458828200003,0.0,0.0
2026-08-03 06:00:00+00:00,19.5045,68.0,0.0,1007.30585,70.0,26.081396,275.4037,26.28,Aalborg,6,0,8,26.081396,26.081396,26.081396,26.081396,26.081396,26.081396,17741.58840136129,508.70458828200003,0.0,0.0
2026-08-03 07:00:00+00:00,19.5045,68.0,0.0,1007.30585,70.0,26.081396,275.4037,26.28,Aalborg,7,0,8,26.081396,26.081396,26.081396,26.081396,26.081396,26.081396,17741.58840136129,508.70458828200003,0.0,0.0
2026-08-03 08:00:00+00:00,19.5045,68.0,0.0,1007.30585,70.0,26.081396,275.4037,26.28,Aalborg,8,0,8,26.081396,26.081396,26.081396,26.081396,26.081396,26.081396,17741.58840136129,508.70458828200003,0.0,0.0
2026-08-03 09:00:00+00:00,19.5045,68.0,0.0,1007.30585,70.0,26.081396,275.4037,26.28,Aalborg,9,0,8,26.081396,26.081396,26.081396,26.081396,26.081396,26.081396,17741.58840136129,508.70458828200003,0.0,0.0
2026-08-03 10:00:00+00:00,19.5045,68.0,0.0,1007.30585,70.0,26.081396,275.4037,26.28,Aalborg,10,0,8,26.081396,26.081396,26.081396,26.081396,26.081396,26.081396,17741.58840136129,508.70458828200003,0.0,0.0
2026-08-03 11:00:00+00:00,19.5045,68.0,0.0,1007.30585,70.0,26.081396,275.4037,26.28,Aalborg,11,0,8,26.081396,26.081396,26.081396,26.081396,26.081396,26.081396,17741.58840136129,508.70458828200003,0.0,0.0
2026-08-03 12:00:00+00:00,19.5045,68.0,0.0,1007.30585,70.0,26.081396,275.4037,26.28,Aalborg,12,0,8,26.081396,26.081396,26.081396,26.081396,26.081396,26.081396,17741.58840136129,508.70458828200003,0.0,0.0
2026-08-03 13:00:00+00:00,19.5045,68.0,0.0,1007.30585,70.0,26.081396,275.4037,26.28,Aalborg,13,0,8,26.081396,26.081396,26.081396,26.081396,26.081396,26.081396,17741.58840136129,508.70458828200003,0.0,0.0
2026-08-03 14:00:00+00:00,19.5045,68.0,0.0,1007.30585,70.0,26.081396,275.4037,26.28,Aalborg,14,0,8,26.081396,26.081396,26.081396,26.081396,26.081396,26.081396,17741.58840136129,508.70458828200003,0.0,0.0
2026-08-03 15:00:00+00:00,19.5045,68.0,0.0,1007.30585,70.0,26.081396,275.4037,26.28,Aalborg,15,0,8,26.081396,26.081396,26.081396,26.081396,26.081396,26.081396,17741.58840136129,508.70458828200003,0.0,0.0
2026-08-03 16:00:00+00:00,19.5045,68.0,0.0,1007.30585,70.0,26.081396,275.4037,26.28,Aalborg,16,0,8,26.081396,26.081396,26.081396,26.081396,26.081396,26.081396,17741.58840136129,508.70458828200003,0.0,0.0
2026-08-03 17:00:00+00:00,19.5045,68.0,0.0,1007.30585,70.0,26.081396,275.4037,26.28,Aalborg,17,0,8,26.081396,26.081396,26.081396,26.081396,26.081396,26.081396,17741.58840136129,508.70458828200003,0.0,0.0
2026-08-03 18:00:00+00:00,19.5045,68.0,0.0,1007.30585,70.0,26.081396,275.4037,26.28,Aalborg,18,0,8,26.081396,26.081396,26.081396,26.081396,26.081396,26.081396,17741.58840136129,508.70458828200003,0.0,0.0
2026-08-03 19:00:00+00:00,19.5045,68.0,0.0,1007.30585,70.0,26.081396,275.4037,26.28,Aalborg,19,0,8,26.081396,26.081396,26.081396,26.081396,26.081396,26.081396,17741.58840136129,508.70458828200003,0.0,0.0
2026-08-03 20:00:00+00:00,19.5045,68.0,0.0,1007.30585,70.0,26.081396,275.4037,26.28,Aalborg,20,0,8,26.081396,26.081396,26.081396,26.081396,26.081396,26.081396,17741.58840136129,508.70458828200003,0.0,0.0
2026-08-03 21:00:00+00:00,19.5045,68.0,0.0,1007.30585,70.0,26.081396,275.4037,26.28,Aalborg,21,0,8,26.081396,26.081396,26.081396,26.081396,26.081396,26.081396,17741.58840136129,508.70458828200003,0.0,0.0
2026-08-03 22:00:00+00:00,19.5045,68.0,0.0,1007.30585,70.0,26.081396,275.4037,26.28,Aalborg,22,0,8,26.081396,26.081396,26.081396,26.081396,26.081396,26.081396,17741.58840136129,508.70458828200003,0.0,0.0
2026-08-03 23:00:00+00:00,19.5045,68.0,0.0,1007.30585,70.0,26.081396,275.4037,26.28,Aalborg,23,0,8,26.081396,26.081396,26.081396,26.081396,26.081396,26.081396,17741.58840136129,508.70458828200003,0.0,0.0
2026-08-04 00:00:00+00:00,19.5045,68.0,0.0,1007.30585,70.0,26.081396,275.4037,26.28,Aalborg,0,1,8,26.081396,26.081396,26.081396,26.081396,26.081396,26.081396,17741.58840136129,508.70458828200003,0.0,0.0
2026-08-04 01:00:00+00:00,19.5045,68.0,0.0,1007.30585,70.0,26.081396,275.4037,26.28,Aalborg,1,1,8,26.081396,26.081396,26.081396,26.081396,26.081396,26.081396,17741.58840136129,508.70458828200003,0.0,0.0
2026-08-04 02:00:00+00:00,19.5045,68.0,0.0,1007.30585,70.0,26.081396,275.4037,26.28,Aalborg,2,1,8,26.081396,26.081396,26.081396,26.081396,26.081396,26.081396,17741.58840136129,508.70458828200003,0.0,0.0
2026-08-04 03:00:00+00:00,19.5045,68.0,0.0,1007.30585,70.0,26.081396,275.4037,26.28,Aalborg,3,1,8,26.081396,26.081396,26.081396,26.081396,26.081396,26.081396,17741.58840136129,508.70458828200003,0.0,0.0
2026-08-04 04:00:00+00:00,19.5045,68.0,0.0,1007.30585,70.0,26.081396,275.4037,26.28,Aalborg,4,1,8,26.081396,26.081396,26.081396,26.081396,26.081396,26.081396,17741.58840136129,508.70458828200003,0.0,0.0
2026-08-04 05:00:00+00:00,19.5045,68.0,0.0,1007.30585,70.0,26.081396,275.4037,26.28,Aalborg,5,1,8,26.081396,26.081396,26.081396,26.081396,26.081396,26.081396,17741.58840136129,508.70458828200003,0.0,0.0
2026-08-04 06:00:00+00:00,19.5045,68.0,0.0,1007.30585,70.0,26.081396,275.4037,26.28,Aalborg,6,1,8,26.081396,26.081396,26.081396,26.081396,26.081396,26.081396,17741.58840136129,508.70458828200003,0.0,0.0
2026-08-04 07:00:00+00:00,19.5045,68.0,0.0,1007.30585,70.0,26.081396,275.4037,26.28,Aalborg,7,1,8,26.081396,26.081396,26.081396,26.081396,26.081396,26.081396,17741.58840136129,508.70458828200003,0.0,0.0
2026-08-04 08:00:00+00:00,19.5045,68.0,0.0,1007.30585,70.0,26.081396,275.4037,26.28,Aalborg,8,1,8,26.081396,26.081396,26.081396,26.081396,26.081396,26.081396,17741.58840136129,508.70458828200003,0.0,0.0
2026-08-04 09:00:00+00:00,19.5045,68.0,0.0,1007.30585,70.0,26.081396,275.4037,26.28,Aalborg,9,1,8,26.081396,26.081396,26.081396,26.081396,26.081396,26.081396,17741.58840136129,508.70458828200003,0.0,0.0
2026-08-04 10:00:00+00:00,19.5045,68.0,0.0,1007.30585,70.0,26.081396,275.4037,26.28,Aalborg,10,1,8,26.081396,26.081396,26.081396,26.081396,26.081396,26.081396,17741.58840136129,508.70458828200003,0.0,0.0
2026-08-04 11:00:00+00:00,19.5045,68.0,0.0,1007.30585,70.0,26.081396,275.4037,26.28,Aalborg,11,1,8,26.081396,26.081396,26.081396,26.081396,26.081396,26.081396,17741.58840136129,508.70458828200003,0.0,0.0
2026-08-04 12:00:00+00:00,19.5045,68.0,0.0,1007.30585,70.0,26.081396,275.4037,26.28,Aalborg,12,1,8,26.081396,26.081396,26.081396,26.081396,26.081396,26.081396,17741.58840136129,508.70458828200003,0.0,0.0
2026-08-04 13:00:00+00:00,19.5045,68.0,0.0,1007.30585,70.0,26.081396,275.4037,26.28,Aalborg,13,1,8,26.081396,26.081396,26.081396,26.081396,26.081396,26.081396,17741.58840136129,508.70458828200003,0.0,0.0
2026-08-04 14:00:00+00:00,19.5045,68.0,0.0,1007.30585,70.0,26.081396,275.4037,26.28,Aalborg,14,1,8,26.081396,26.081396,26.081396,26.081396,26.081396,26.081396,17741.58840136129,508.70458828200003,0.0,0.0
2026-08-04 15:00:00+00:00,19.5045,68.0,0.0,1007.30585,70.0,26.081396,275.4037,26.28,Aalborg,15,1,8,26.081396,26.081396,26.081396,26.081396,26.081396,26.081396,17741.58840136129,508.70458828200003,0.0,0.0
2026-08-04 16:00:00+00:00,19.5045,68.0,0.0,1007.30585,70.0,26.081396,275.4037,26.28,Aalborg,16,1,8,26.081396,26.081396,26.081396,26.081396,26.081396,26.081396,17741.58840136129,508.70458828200003,0.0,0.0
2026-08-04 17:00:00+00:00,19.5045,68.0,0.0,1007.30585,70.0,26.081396,275.4037,26.28,Aalborg,17,1,8,26.081396,26.081396,26.081396,26.081396,26.081396,26.081396,17741.58840136129,508.70458828200003,0.0,0.0
2026-08-04 18:00:00+00:00,19.5045,68.0,0.0,1007.30585,70.0,26.081396,275.4037,26.28,Aalborg,18,1,8,26.081396,26.081396,26.081396,26.081396,26.081396,26.081396,17741.58840136129,508.70458828200003,0.0,0.0
2026-08-04 19:00:00+00:00,19.5045,68.0,0.0,1007.30585,70.0,26.081396,275.4037,26.28,Aalborg,19,1,8,26.081396,26.081396,26.081396,26.081396,26.081396,26.081396,17741.58840136129,508.70458828200003,0.0,0.0
2026-08-04 20:00:00+00:00,19.5045,68.0,0.0,1007.30585,70.0,26.081396,275.4037,26.28,Aalborg,20,1,8,26.081396,26.081396,26.081396,26.081396,26.081396,26.081396,17741.58840136129,508.70458828200003,0.0,0.0
2026-08-04 21:00:00+00:00,19.5045,68.0,0.0,1007.30585,70.0,26.081396,275.4037,26.28,Aalborg,21,1,8,26.081396,26.081396,26.081396,26.081396,26.081396,26.081396,17741.58840136129,508.70458828200003,0.0,0.0
2026-08-04 22:00:00+00:00,19.5045,68.0,0.0,1007.30585,70.0,26.081396,275.4037,26.28,Aalborg,22,1,8,26.081396,26.081396,26.081396,26.081396,26.081396,26.081396,17741.58840136129,508.70458828200003,0.0,0.0
2026-08-04 23:00:00+00:00,19.5045,68.0,0.0,1007.30585,70.0,26.081396,275.4037,26.28,Aalborg,23,1,8,26.081396,26.081396,26.081396,26.081396,26.081396,26.081396,17741.58840136129,508.70458828200003,0.0,0.0
2026-08-05 00:00:00+00:00,19.5045,68.0,0.0,1007.30585,70.0,26.081396,275.4037,26.28,Aalborg,0,2,8,26.081396,26.081396,26.081396,26.081396,26.081396,26.081396,17741.58840136129,508.70458828200003,0.0,0.0
2026-08-05 01:00:00+00:00,19.5045,68.0,0.0,1007.30585,70.0,26.081396,275.4037,26.28,Aalborg,1,2,8,26.081396,26.081396,26.081396,26.081396,26.081396,26.081396,17741.58840136129,508.70458828200003,0.0,0.0
2026-08-05 02:00:00+00:00,19.5045,68.0,0.0,1007.30585,70.0,26.081396,275.4037,26.28,Aalborg,2,2,8,26.081396,26.081396,26.081396,26.081396,26.081396,26.081396,17741.58840136129,508.70458828200003,0.0,0.0
2026-08-05 03:00:00+00:00,19.5045,68.0,0.0,1007.30585,70.0,26.081396,275.4037,26.28,Aalborg,3,2,8,26.081396,26.081396,26.081396,26.081396,26.081396,26.081396,17741.58840136129,508.70458828200003,0.0,0.0
2026-08-05 04:00:00+00:00,19.5045,68.0,0.0,1007.30585,70.0,26.081396,275.4037,26.28,Aalborg,4,2,8,26.081396,26.081396,26.081396,26.081396,26.081396,26.081396,17741.58840136129,508.70458828200003,0.0,0.0
2026-08-05 05:00:00+00:00,19.5045,68.0,0.0,1007.30585,70.0,26.081396,275.4037,26.28,Aalborg,5,2,8,26.081396,26.081396,26.081396,26.081396,26.081396,26.081396,17741.58840136129,508.70458828200003,0.0,0.0
2026-08-05 06:00:00+00:00,19.5045,68.0,0.0,1007.30585,70.0,26.081396,275.4037,26.28,Aalborg,6,2,8,26.081396,26.081396,26.081396,26.081396,26.081396,26.081396,17741.58840136129,508.70458828200003,0.0,0.0
2026-08-05 07:00:00+00:00,19.5045,68.0,0.0,1007.30585,70.0,26.081396,275.4037,26.28,Aalborg,7,2,8,26.081396,26.081396,26.081396,26.081396,26.081396,26.081396,17741.58840136129,508.70458828200003,0.0,0.0
2026-08-05 08:00:00+00:00,19.5045,68.0,0.0,1007.30585,70.0,26.081396,275.4037,26.28,Aalborg,8,2,8,26.081396,26.081396,26.081396,26.081396,26.081396,26.081396,17741.58840136129,508.70458828200003,0.0,0.0
2026-08-05 09:00:00+00:00,19.5045,68.0,0.0,1007.30585,70.0,26.081396,275.4037,26.28,Aalborg,9,2,8,26.081396,26.081396,26.081396,26.081396,26.081396,26.081396,17741.58840136129,508.70458828200003,0.0,0.0
2026-08-05 10:00:00+00:00,19.5045,68.0,0.0,1007.30585,70.0,26.081396,275.4037,26.28,Aalborg,10,2,8,26.081396,26.081396,26.081396,26.081396,26.081396,26.081396,17741.58840136129,508.70458828200003,0.0,0.0
2026-08-05 11:00:00+00:00,19.5045,68.0,0.0,1007.30585,70.0,26.081396,275.4037,26.28,Aalborg,11,2,8,26.081396,26.081396,26.081396,26.081396,26.081396,26.081396,17741.58840136129,508.70458828200003,0.0,0.0
2026-08-05 12:00:00+00:00,19.5045,68.0,0.0,1007.30585,70.0,26.081396,275.4037,26.28,Aalborg,12,2,8,26.081396,26.081396,26.081396,26.081396,26.081396,26.081396,17741.58840136129,508.70458828200003,0.0,0.0
2026-08-05 13:00:00+00:00,19.5045,68.0,0.0,1007.30585,70.0,26.081396,275.4037,26.28,Aalborg,13,2,8,26.081396,26.081396,26.081396,26.081396,26.081396,26.081396,17741.58840136129,508.70458828200003,0.0,0.0
2026-08-05 14:00:00+00:00,19.5045,68.0,0.0,1007.30585,70.0,26.081396,275.4037,26.28,Aalborg,14,2,8,26.081396,26.081396,26.081396,26.081396,26.081396,26.081396,17741.58840136129,508.70458828200003,0.0,0.0
2026-08-05 15:00:00+00:00,19.5045,68.0,0.0,1007.30585,70.0,26.081396,275.4037,26.28,Aalborg,15,2,8,26.081396,26.081396,26.081396,26.081396,26.081396,26.081396,17741.58840136129,508.70458828200003,0.0,0.0
2026-08-05 16:00:00+00:00,19.5045,68.0,0.0,1007.30585,70.0,26.081396,275.4037,26.28,Aalborg,16,2,8,26.081396,26.081396,26.081396,26.081396,26.081396,26.081396,17741.58840136129,508.70458828200003,0.0,0.0
2026-08-05 17:00:00+00:00,19.5045,68.0,0.0,1007.30585,70.0,26.081396,275.4037,26.28,Aalborg,17,2,8,26.081396,26.081396,26.081396,26.081396,26.081396,26.081396,17741.58840136129,508.70458828200003,0.0,0.0
2026-08-05 18:00:00+00:00,19.5045,68.0,0.0,1007.30585,70.0,26.081396,275.4037,26.28,Aalborg,18,2,8,26.081396,26.081396,26.081396,26.081396,26.081396,26.081396,17741.58840136129,508.70458828200003,0.0,0.0
2026-08-05 19:00:00+00:00,19.5045,68.0,0.0,1007.30585,70.0,26.081396,275.4037,26.28,Aalborg,19,2,8,26.081396,26.081396,26.081396,26.081396,26.081396,26.081396,17741.58840136129,508.70458828200003,0.0,0.0
2026-08-05 20:00:00+00:00,19.5045,68.0,0.0,1007.30585,70.0,26.081396,275.4037,26.28,Aalborg,20,2,8,26.081396,26.081396,26.081396,26.081396,26.081396,26.081396,17741.58840136129,508.70458828200003,0.0,0.0
2026-08-05 21:00:00+00:00,19.5045,68.0,0.0,1007.30585,70.0,26.081396,275.4037,26.28,Aalborg,21,2,8,26.081396,26.081396,26.081396,26.081396,26.081396,26.081396,17741.58840136129,508.70458828200003,0.0,0.0
2026-08-05 22:00:00+00:00,19.5045,68.0,0.0,1007.30585,70.0,26.081396,275.4037,26.28,Aalborg,22,2,8,26.081396,26.081396,26.081396,26.081396,26.081396,26.081396,17741.58840136129,508.70458828200003,0.0,0.0
2026-08-05 23:00:00+00:00,19.5045,68.0,0.0,1007.30585,70.0,26.081396,275.4037,26.28,Aalborg,23,2,8,26.081396,26.081396,26.081396,26.081396,26.081396,26.081396,17741.58840136129,508.70458828200003,0.0,0.0
2026-08-06 00:00:00+00:00,19.5045,68.0,0.0,1007.30585,70.0,26.081396,275.4037,26.28,Aalborg,0,3,8,26.081396,26.081396,26.081396,26.081396,26.081396,26.081396,17741.58840136129,508.70458828200003,0.0,0.0
2026-08-06 01:00:00+00:00,19.5045,68.0,0.0,1007.30585,70.0,26.081396,275.4037,26.28,Aalborg,1,3,8,26.081396,26.081396,26.081396,26.081396,26.081396,26.081396,17741.58840136129,508.70458828200003,0.0,0.0
2026-08-06 02:00:00+00:00,19.5045,68.0,0.0,1007.30585,70.0,26.081396,275.4037,26.28,Aalborg,2,3,8,26.081396,26.081396,26.081396,26.081396,26.081396,26.081396,17741.58840136129,508.70458828200003,0.0,0.0
2026-08-06 03:00:00+00:00,19.5045,68.0,0.0,1007.30585,70.0,26.081396,275.4037,26.28,Aalborg,3,3,8,26.081396,26.081396,26.081396,26.081396,26.081396,26.081396,17741.58840136129,508.70458828200003,0.0,0.0
2026-08-06 04:00:00+00:00,19.5045,68.0,0.0,1007.30585,70.0,26.081396,275.4037,26.28,Aalborg,4,3,8,26.081396,26.081396,26.081396,26.081396,26.081396,26.081396,17741.58840136129,508.70458828200003,0.0,0.0
2026-08-06 05:00:00+00:00,19.5045,68.0,0.0,1007.30585,70.0,26.081396,275.4037,26.28,Aalborg,5,3,8,26.081396,26.081396,26.081396,26.081396,26.081396,26.081396,17741.58840136129,508.70458828200003,0.0,0.0
2026-08-06 06:00:00+00:00,19.5045,68.0,0.0,1007.30585,70.0,26.081396,275.4037,26.28,Aalborg,6,3,8,26.081396,26.081396,26.081396,26.081396,26.081396,26.081396,17741.58840136129,508.70458828200003,0.0,0.0
2026-08-06 07:00:00+00:00,19.5045,68.0,0.0,1007.30585,70.0,26.081396,275.4037,26.28,Aalborg,7,3,8,26.081396,26.081396,26.081396,26.081396,26.081396,26.081396,17741.58840136129,508.70458828200003,0.0,0.0
2026-08-06 08:00:00+00:00,19.5045,68.0,0.0,1007.30585,70.0,26.081396,275.4037,26.28,Aalborg,8,3,8,26.081396,26.081396,26.081396,26.081396,26.081396,26.081396,17741.58840136129,508.70458828200003,0.0,0.0
2026-08-06 09:00:00+00:00,19.5045,68.0,0.0,1007.30585,70.0,26.081396,275.4037,26.28,Aalborg,9,3,8,26.081396,26.081396,26.081396,26.081396,26.081396,26.081396,17741.58840136129,508.70458828200003,0.0,0.0
2026-08-06 10:00:00+00:00,19.5045,68.0,0.0,1007.30585,70.0,26.081396,275.4037,26.28,Aalborg,10,3,8,26.081396,26.081396,26.081396,26.081396,26.081396,26.081396,17741.58840136129,508.70458828200003,0.0,0.0
2026-08-06 11:00:00+00:00,19.5045,68.0,0.0,1007.30585,70.0,26.081396,275.4037,26.28,Aalborg,11,3,8,26.081396,26.081396,26.081396,26.081396,26.081396,26.081396,17741.58840136129,508.70458828200003,0.0,0.0
2026-08-06 12:00:00+00:00,19.5045,68.0,0.0,1007.30585,70.0,26.081396,275.4037,26.28,Aalborg,12,3,8,26.081396,26.081396,26.081396,26.081396,26.081396,26.081396,17741.58840136129,508.70458828200003,0.0,0.0
2026-08-06 13:00:00+00:00,19.5045,68.0,0.0,1007.30585,70.0,26.081396,275.4037,26.28,Aalborg,13,3,8,26.081396,26.081396,26.081396,26.081396,26.081396,26.081396,17741.58840136129,508.70458828200003,0.0,0.0
2026-08-06 14:00:00+00:00,19.5045,68.0,0.0,1007.30585,70.0,26.081396,275.4037,26.28,Aalborg,14,3,8,26.081396,26.081396,26.081396,26.081396,26.081396,26.081396,17741.58840136129,508.70458828200003,0.0,0.0
2026-08-06 15:00:00+00:00,19.5045,68.0,0.0,1007.30585,70.0,26.081396,275.4037,26.28,Aalborg,15,3,8,26.081396,26.081396,26.081396,26.081396,26.081396,26.081396,17741.58840136129,508.70458828200003,0.0,0.0
2026-08-06 16:00:00+00:00,19.5045,68.0,0.0,1007.30585,70.0,26.081396,275.4037,26.28,Aalborg,16,3,8,26.081396,26.081396,26.081396,26.081396,26.081396,26.081396,17741.58840136129,508.70458828200003,0.0,0.0
2026-08-06 17:00:00+00:00,19.5045,68.0,0.0,1007.30585,70.0,26.081396,275.4037,26.28,Aalborg,17,3,8,26.081396,26.081396,26.081396,26.081396,26.081396,26.081396,17741.58840136129,508.70458828200003,0.0,0.0
2026-08-06 18:00:00+00:00,19.5045,68.0,0.0,1007.30585,70.0,26.081396,275.4037,26.28,Aalborg,18,3,8,26.081396,26.081396,26.081396,26.081396,26.081396,26.081396,17741.58840136129,508.70458828200003,0.0,0.0
2026-08-06 19:00:00+00:00,19.5045,68.0,0.0,1007.30585,70.0,26.081396,275.4037,26.28,Aalborg,19,3,8,26.081396,26.081396,26.081396,26.081396,26.081396,26.081396,17741.58840136129,508.70458828200003,0.0,0.0
2026-08-06 20:00:00+00:00,19.5045,68.0,0.0,1007.30585,70.0,26.081396,275.4037,26.28,Aalborg,20,3,8,26.081396,26.081396,26.081396,26.081396,26.081396,26.081396,17741.58840136129,508.70458828200003,0.0,0.0
2026-08-06 21:00:00+00:00,19.5045,68.0,0.0,1007.30585,70.0,26.081396,275.4037,26.28,Aalborg,21,3,8,26.081396,26.081396,26.081396,26.081396,26.081396,26.081396,17741.58840136129,508.70458828200003,0.0,0.0
2026-08-06 22:00:00+00:00,19.5045,68.0,0.0,1007.30585,70.0,26.081396,275.4037,26.28,Aalborg,22,3,8,26.081396,26.081396,26.081396,26.081396,26.081396,26.081396,17741.58840136129,508.70458828200003,0.0,0.0
2026-08-06 23:00:00+00:00,19.5045,68.0,0.0,1007.30585,70.0,26.081396,275.4037,26.28,Aalborg,23,3,8,26.081396,26.081396,26.081396,26.081396,26.081396,26.081396,17741.58840136129,508.70458828200003,0.0,0.0
2026-08-07 00:00:00+00:00,19.5045,68.0,0.0,1007.30585,70.0,26.081396,275.4037,26.28,Aalborg,0,4,8,26.081396,26.081396,26.081396,26.081396,26.081396,26.081396,17741.58840136129,508.70458828200003,0.0,0.0
2026-08-07 01:00:00+00:00,19.5045,68.0,0.0,1007.30585,70.0,26.081396,275.4037,26.28,Aalborg,1,4,8,26.081396,26.081396,26.081396,26.081396,26.081396,26.081396,17741.58840136129,508.70458828200003,0.0,0.0
2026-08-07 02:00:00+00:00,19.5045,68.0,0.0,1007.30585,70.0,26.081396,275.4037,26.28,Aalborg,2,4,8,26.081396,26.081396,26.081396,26.081396,26.081396,26.081396,17741.58840136129,508.70458828200003,0.0,0.0
2026-08-07 03:00:00+00:00,19.5045,68.0,0.0,1007.30585,70.0,26.081396,275.4037,26.28,Aalborg,3,4,8,26.081396,26.081396,26.081396,26.081396,26.081396,26.081396,17741.58840136129,508.70458828200003,0.0,0.0
2026-08-07 04:00:00+00:00,19.5045,68.0,0.0,1007.30585,70.0,26.081396,275.4037,26.28,Aalborg,4,4,8,26.081396,26.081396,26.081396,26.081396,26.081396,26.081396,17741.58840136129,508.70458828200003,0.0,0.0
2026-08-07 05:00:00+00:00,19.5045,68.0,0.0,1007.30585,70.0,26.081396,275.4037,26.28,Aalborg,5,4,8,26.081396,26.081396,26.081396,26.081396,26.081396,26.081396,17741.58840136129,508.70458828200003,0.0,0.0
2026-08-07 06:00:00+00:00,19.5045,68.0,0.0,1007.30585,70.0,26.081396,275.4037,26.28,Aalborg,6,4,8,26.081396,26.081396,26.081396,26.081396,26.081396,26.081396,17741.58840136129,508.70458828200003,0.0,0.0
2026-08-07 07:00:00+00:00,19.5045,68.0,0.0,1007.30585,70.0,26.081396,275.4037,26.28,Aalborg,7,4,8,26.081396,26.081396,26.081396,26.081396,26.081396,26.081396,17741.58840136129,508.70458828200003,0.0,0.0
2026-08-07 08:00:00+00:00,19.5045,68.0,0.0,1007.30585,70.0,26.081396,275.4037,26.28,Aalborg,8,4,8,26.081396,26.081396,26.081396,26.081396,26.081396,26.081396,17741.58840136129,508.70458828200003,0.0,0.0
2026-08-07 09:00:00+00:00,19.5045,68.0,0.0,1007.30585,70.0,26.081396,275.4037,26.28,Aalborg,9,4,8,26.081396,26.081396,26.081396,26.081396,26.081396,26.081396,17741.58840136129,508.70458828200003,0.0,0.0
2026-08-07 10:00:00+00:00,19.5045,68.0,0.0,1007.30585,70.0,26.081396,275.4037,26.28,Aalborg,10,4,8,26.081396,26.081396,26.081396,26.081396,26.081396,26.081396,17741.58840136129,508.70458828200003,0.0,0.0
2026-08-07 11:00:00+00:00,19.5045,68.0,0.0,1007.30585,70.0,26.081396,275.4037,26.28,Aalborg,11,4,8,26.081396,26.081396,26.081396,26.081396,26.081396,26.081396,17741.58840136129,508.70458828200003,0.0,0.0
2026-08-07 12:00:00+00:00,19.5045,68.0,0.0,1007.30585,70.0,26.081396,275.4037,26.28,Aalborg,12,4,8,26.081396,26.081396,26.081396,26.081396,26.081396,26.081396,17741.58840136129,508.70458828200003,0.0,0.0
2026-08-07 13:00:00+00:00,19.5045,68.0,0.0,1007.30585,70.0,26.081396,275.4037,26.28,Aalborg,13,4,8,26.081396,26.081396,26.081396,26.081396,26.081396,26.081396,17741.58840136129,508.70458828200003,0.0,0.0
2026-08-07 14:00:00+00:00,19.5045,68.0,0.0,1007.30585,70.0,26.081396,275.4037,26.28,Aalborg,14,4,8,26.081396,26.081396,26.081396,26.081396,26.081396,26.081396,17741.58840136129,508.70458828200003,0.0,0.0
2026-08-07 15:00:00+00:00,19.5045,68.0,0.0,1007.30585,70.0,26.081396,275.4037,26.28,Aalborg,15,4,8,26.081396,26.081396,26.081396,26.081396,26.081396,26.081396,17741.58840136129,508.70458828200003,0.0,0.0
2026-08-07 16:00:00+00:00,19.5045,68.0,0.0,1007.30585,70.0,26.081396,275.4037,26.28,Aalborg,16,4,8,26.081396,26.081396,26.081396,26.081396,26.081396,26.081396,17741.58840136129,508.70458828200003,0.0,0.0
2026-08-07 17:00:00+00:00,19.5045,68.0,0.0,1007.30585,70.0,26.081396,275.4037,26.28,Aalborg,17,4,8,26.081396,26.081396,26.081396,26.081396,26.081396,26.081396,17741.58840136129,508.70458828200003,0.0,0.0
2026-08-07 18:00:00+00:00,19.5045,68.0,0.0,1007.30585,70.0,26.081396,275.4037,26.28,Aalborg,18,4,8,26.081396,26.081396,26.081396,26.081396,26.081396,26.081396,17741.58840136129,508.70458828200003,0.0,0.0
2026-08-07 19:00:00+00:00,19.5045,68.0,0.0,1007.30585,70.0,26.081396,275.4037,26.28,Aalborg,19,4,8,26.081396,26.081396,26.081396,26.081396,26.081396,26.081396,17741.58840136129,508.70458828200003,0.0,0.0
2026-08-07 20:00:00+00:00,19.5045,68.0,0.0,1007.30585,70.0,26.081396,275.4037,26.28,Aalborg,20,4,8,26.081396,26.081396,26.081396,26.081396,26.081396,26.081396,17741.58840136129,508.70458828200003,0.0,0.0
2026-08-07 21:00:00+00:00,19.5045,68.0,0.0,1007.30585,70.0,26.081396,275.4037,26.28,Aalborg,21,4,8,26.081396,26.081396,26.081396,26.081396,26.081396,26.081396,17741.58840136129,508.70458828200003,0.0,0.0
2026-08-07 22:00:00+00:00,19.5045,68.0,0.0,1007.30585,70.0,26.081396,275.4037,26.28,Aalborg,22,4,8,26.081396,26.081396,26.081396,26.081396,26.081396,26.081396,17741.58840136129,508.70458828200003,0.0,0.0
2026-08-07 23:00:00+00:00,19.5045,68.0,0.0,1007.30585,70.0,26.081396,275.4037,26.28,Aalborg,23,4,8,26.081396,26.081396,26.081396,26.081396,26.081396,26.081396,17741.58840136129,508.70458828200003,0.0,0.0
2026-08-08 00:00:00+00:00,19.5045,68.0,0.0,1007.30585,70.0,26.081396,275.4037,26.28,Aalborg,0,5,8,26.081396,26.081396,26.081396,26.081396,26.081396,26.081396,17741.58840136129,508.70458828200003,0.0,0.0
2026-08-08 01:00:00+00:00,19.5045,68.0,0.0,1007.30585,70.0,26.081396,275.4037,26.28,Aalborg,1,5,8,26.081396,26.081396,26.081396,26.081396,26.081396,26.081396,17741.58840136129,508.70458828200003,0.0,0.0
2026-08-08 02:00:00+00:00,19.5045,68.0,0.0,1007.30585,70.0,26.081396,275.4037,26.28,Aalborg,2,5,8,26.081396,26.081396,26.081396,26.081396,26.081396,26.081396,17741.58840136129,508.70458828200003,0.0,0.0
2026-08-08 03:00:00+00:00,19.5045,68.0,0.0,1007.30585,70.0,26.081396,275.4037,26.28,Aalborg,3,5,8,26.081396,26.081396,26.081396,26.081396,26.081396,26.081396,17741.58840136129,508.70458828200003,0.0,0.0
2026-08-08 04:00:00+00:00,19.5045,68.0,0.0,1007.30585,70.0,26.081396,275.4037,26.28,Aalborg,4,5,8,26.081396,26.081396,26.081396,26.081396,26.081396,26.081396,17741.58840136129,508.70458828200003,0.0,0.0
2026-08-08 05:00:00+00:00,19.5045,68.0,0.0,1007.30585,70.0,26.081396,275.4037,26.28,Aalborg,5,5,8,26.081396,26.081396,26.081396,26.081396,26.081396,26.081396,17741.58840136129,508.70458828200003,0.0,0.0
2026-08-08 06:00:00+00:00,19.5045,68.0,0.0,1007.30585,70.0,26.081396,275.4037,26.28,Aalborg,6,5,8,26.081396,26.081396,26.081396,26.081396,26.081396,26.081396,17741.58840136129,508.70458828200003,0.0,0.0
2026-08-08 07:00:00+00:00,19.5045,68.0,0.0,1007.30585,70.0,26.081396,275.4037,26.28,Aalborg,7,5,8,26.081396,26.081396,26.081396,26.081396,26.081396,26.081396,17741.58840136129,508.70458828200003,0.0,0.0
2026-08-08 08:00:00+00:00,19.5045,68.0,0.0,1007.30585,70.0,26.081396,275.4037,26.28,Aalborg,8,5,8,26.081396,26.081396,26.081396,26.081396,26.081396,26.081396,17741.58840136129,508.70458828200003,0.0,0.0
2026-08-08 09:00:00+00:00,19.5045,68.0,0.0,1007.30585,70.0,26.081396,275.4037,26.28,Aalborg,9,5,8,26.081396,26.081396,26.081396,26.081396,26.081396,26.081396,17741.58840136129,508.70458828200003,0.0,0.0
2026-08-08 10:00:00+00:00,19.5045,68.0,0.0,1007.30585,70.0,26.081396,275.4037,26.28,Aalborg,10,5,8,26.081396,26.081396,26.081396,26.081396,26.081396,26.081396,17741.58840136129,508.70458828200003,0.0,0.0
2026-08-08 11:00:00+00:00,19.5045,68.0,0.0,1007.30585,70.0,26.081396,275.4037,26.28,Aalborg,11,5,8,26.081396,26.081396,26.081396,26.081396,26.081396,26.081396,17741.58840136129,508.70458828200003,0.0,0.0
2026-08-08 12:00:00+00:00,19.5045,68.0,0.0,1007.30585,70.0,26.081396,275.4037,26.28,Aalborg,12,5,8,26.081396,26.081396,26.081396,26.081396,26.081396,26.081396,17741.58840136129,508.70458828200003,0.0,0.0
2026-08-08 13:00:00+00:00,19.5045,68.0,0.0,1007.30585,70.0,26.081396,275.4037,26.28,Aalborg,13,5,8,26.081396,26.081396,26.081396,26.081396,26.081396,26.081396,17741.58840136129,508.70458828200003,0.0,0.0
2026-08-08 14:00:00+00:00,19.5045,68.0,0.0,1007.30585,70.0,26.081396,275.4037,26.28,Aalborg,14,5,8,26.081396,26.081396,26.081396,26.081396,26.081396,26.081396,17741.58840136129,508.70458828200003,0.0,0.0
2026-08-08 15:00:00+00:00,19.5045,68.0,0.0,1007.30585,70.0,26.081396,275.4037,26.28,Aalborg,15,5,8,26.081396,26.081396,26.081396,26.081396,26.081396,26.081396,17741.58840136129,508.70458828200003,0.0,0.0
2026-08-08 16:00:00+00:00,19.5045,68.0,0.0,1007.30585,70.0,26.081396,275.4037,26.28,Aalborg,16,5,8,26.081396,26.081396,26.081396,26.081396,26.081396,26.081396,17741.58840136129,508.70458828200003,0.0,0.0
2026-08-08 17:00:00+00:00,19.5045,68.0,0.0,1007.30585,70.0,26.081396,275.4037,26.28,Aalborg,17,5,8,26.081396,26.081396,26.081396,26.081396,26.081396,26.081396,17741.58840136129,508.70458828200003,0.0,0.0
2026-08-08 18:00:00+00:00,19.5045,68.0,0.0,1007.30585,70.0,26.081396,275.4037,26.28,Aalborg,18,5,8,26.081396,26.081396,26.081396,26.081396,26.081396,26.081396,17741.58840136129,508.70458828200003,0.0,0.0
2026-08-08 19:00:00+00:00,19.5045,68.0,0.0,1007.30585,70.0,26.081396,275.4037,26.28,Aalborg,19,5,8,26.081396,26.081396,26.081396,26.081396,26.081396,26.081396,17741.58840136129,508.70458828200003,0.0,0.0
2026-08-08 20:00:00+00:00,19.5045,68.0,0.0,1007.30585,70.0,26.081396,275.4037,26.28,Aalborg,20,5,8,26.081396,26.081396,26.081396,26.081396,26.081396,26.081396,17741.58840136129,508.70458828200003,0.0,0.0
2026-08-08 21:00:00+00:00,19.5045,68.0,0.0,1007.30585,70.0,26.081396,275.4037,26.28,Aalborg,21,5,8,26.081396,26.081396,26.081396,26.081396,26.081396,26.081396,17741.58840136129,508.70458828200003,0.0,0.0
2026-08-08 22:00:00+00:00,19.5045,68.0,0.0,1007.30585,70.0,26.081396,275.4037,26.28,Aalborg,22,5,8,26.081396,26.081396,26.081396,26.081396,26.081396,26.081396,17741.58840136129,508.70458828200003,0.0,0.0
2026-08-08 23:00:00+00:00,19.5045,68.0,0.0,1007.30585,70.0,26.081396,275.4037,26.28,Aalborg,23,5,8,26.081396,26.081396,26.081396,26.081396,26.081396,26.081396,17741.58840136129,508.70458828200003,0.0,0.0
2026-08-09 00:00:00+00:00,19.5045,68.0,0.0,1007.30585,70.0,26.081396,275.4037,26.28,Aalborg,0,6,8,26.081396,26.081396,26.081396,26.081396,26.081396,26.081396,17741.58840136129,508.70458828200003,0.0,0.0
2026-08-09 01:00:00+00:00,19.5045,68.0,0.0,1007.30585,70.0,26.081396,275.4037,26.28,Aalborg,1,6,8,26.081396,26.081396,26.081396,26.081396,26.081396,26.081396,17741.58840136129,508.70458828200003,0.0,0.0
2026-08-09 02:00:00+00:00,19.5045,68.0,0.0,1007.30585,70.0,26.081396,275.4037,26.28,Aalborg,2,6,8,26.081396,26.081396,26.081396,26.081396,26.081396,26.081396,17741.58840136129,508.70458828200003,0.0,0.0
2026-08-09 03:00:00+00:00,19.5045,68.0,0.0,1007.30585,70.0,26.081396,275.4037,26.28,Aalborg,3,6,8,26.081396,26.081396,26.081396,26.081396,26.081396,26.081396,17741.58840136129,508.70458828200003,0.0,0.0
2026-08-09 04:00:00+00:00,19.5045,68.0,0.0,1007.30585,70.0,26.081396,275.4037,26.28,Aalborg,4,6,8,26.081396,26.081396,26.081396,26.081396,26.081396,26.081396,17741.58840136129,508.70458828200003,0.0,0.0
2026-08-09 05:00:00+00:00,19.5045,68.0,0.0,1007.30585,70.0,26.081396,275.4037,26.28,Aalborg,5,6,8,26.081396,26.081396,26.081396,26.081396,26.081396,26.081396,17741.58840136129,508.70458828200003,0.0,0.0
2026-08-09 06:00:00+00:00,19.5045,68.0,0.0,1007.30585,70.0,26.081396,275.4037,26.28,Aalborg,6,6,8,26.081396,26.081396,26.081396,26.081396,26.081396,26.081396,17741.58840136129,508.70458828200003,0.0,0.0
2026-08-09 07:00:00+00:00,19.5045,68.0,0.0,1007.30585,70.0,26.081396,275.4037,26.28,Aalborg,7,6,8,26.081396,26.081396,26.081396,26.081396,26.081396,26.081396,17741.58840136129,508.70458828200003,0.0,0.0
2026-08-09 08:00:00+00:00,19.5045,68.0,0.0,1007.30585,70.0,26.081396,275.4037,26.28,Aalborg,8,6,8,26.081396,26.081396,26.081396,26.081396,26.081396,26.081396,17741.58840136129,508.70458828200003,0.0,0.0
2026-08-09 09:00:00+00:00,19.5045,68.0,0.0,1007.30585,70.0,26.081396,275.4037,26.28,Aalborg,9,6,8,26.081396,26.081396,26.081396,26.081396,26.081396,26.081396,17741.58840136129,508.70458828200003,0.0,0.0
2026-08-09 10:00:00+00:00,19.5045,68.0,0.0,1007.30585,70.0,26.081396,275.4037,26.28,Aalborg,10,6,8,26.081396,26.081396,26.081396,26.081396,26.081396,26.081396,17741.58840136129,508.70458828200003,0.0,0.0
2026-08-09 11:00:00+00:00,19.5045,68.0,0.0,1007.30585,70.0,26.081396,275.4037,26.28,Aalborg,11,6,8,26.081396,26.081396,26.081396,26.081396,26.081396,26.081396,17741.58840136129,508.70458828200003,0.0,0.0
2026-08-09 12:00:00+00:00,19.5045,68.0,0.0,1007.30585,70.0,26.081396,275.4037,26.28,Aalborg,12,6,8,26.081396,26.081396,26.081396,26.081396,26.081396,26.081396,17741.58840136129,508.70458828200003,0.0,0.0
2026-08-09 13:00:00+00:00,19.5045,68.0,0.0,1007.30585,70.0,26.081396,275.4037,26.28,Aalborg,13,6,8,26.081396,26.081396,26.081396,26.081396,26.081396,26.081396,17741.58840136129,508.70458828200003,0.0,0.0
2026-08-09 14:00:00+00:00,19.5045,68.0,0.0,1007.30585,70.0,26.081396,275.4037,26.28,Aalborg,14,6,8,26.081396,26.081396,26.081396,26.081396,26.081396,26.081396,17741.58840136129,508.70458828200003,0.0,0.0
2026-08-09 15:00:00+00:00,19.5045,68.0,0.0,1007.30585,70.0,26.081396,275.4037,26.28,Aalborg,15,6,8,26.081396,26.081396,26.081396,26.081396,26.081396,26.081396,17741.58840136129,508.70458828200003,0.0,0.0
2026-08-09 16:00:00+00:00,19.5045,68.0,0.0,1007.30585,70.0,26.081396,275.4037,26.28,Aalborg,16,6,8,26.081396,26.081396,26.081396,26.081396,26.081396,26.081396,17741.58840136129,508.70458828200003,0.0,0.0
2026-08-09 17:00:00+00:00,19.5045,68.0,0.0,1007.30585,70.0,26.081396,275.4037,26.28,Aalborg,17,6,8,26.081396,26.081396,26.081396,26.081396,26.081396,26.081396,17741.58840136129,508.70458828200003,0.0,0.0
2026-08-09 18:00:00+00:00,19.5045,68.0,0.0,1007.30585,70.0,26.081396,275.4037,26.28,Aalborg,18,6,8,26.081396,26.081396,26.081396,26.081396,26.081396,26.081396,17741.58840136129,508.70458828200003,0.0,0.0
2026-08-09 19:00:00+00:00,19.5045,68.0,0.0,1007.30585,70.0,26.081396,275.4037,26.28,Aalborg,19,6,8,26.081396,26.081396,26.081396,26.081396,26.081396,26.081396,17741.58840136129,508.70458828200003,0.0,0.0
2026-08-09 20:00:00+00:00,19.5045,68.0,0.0,1007.30585,70.0,26.081396,275.4037,26.28,Aalborg,20,6,8,26.081396,26.081396,26.081396,26.081396,26.081396,26.081396,17741.58840136129,508.70458828200003,0.0,0.0
2026-08-09 21:00:00+00:00,19.5045,68.0,0.0,1007.30585,70.0,26.081396,275.4037,26.28,Aalborg,21,6,8,26.081396,26.081396,26.081396,26.081396,26.081396,26.081396,17741.58840136129,508.70458828200003,0.0,0.0
2026-08-09 22:00:00+00:00,19.5045,68.0,0.0,1007.30585,70.0,26.081396,275.4037,26.28,Aalborg,22,6,8,26.081396,26.081396,26.081396,26.081396,26.081396,26.081396,17741.58840136129,508.70458828200003,0.0,0.0
2026-08-09 23:00:00+00:00,19.5045,68.0,0.0,1007.30585,70.0,26.081396,275.4037,26.28,Aalborg,23,6,8,26.081396,26.081396,26.081396,26.081396,26.081396,26.081396,17741.58840136129,508.70458828200003,0.0,0.0
2026-08-10 00:00:00+00:00,19.5045,68.0,0.0,1007.30585,70.0,26.081396,275.4037,26.28,Aalborg,0,0,8,26.081396,26.081396,26.081396,26.081396,26.081396,26.081396,17741.58840136129,508.70458828200003,0.0,0.0
2026-08-10 01:00:00+00:00,19.5045,68.0,0.0,1007.30585,70.0,26.081396,275.4037,26.28,Aalborg,1,0,8,26.081396,26.081396,26.081396,26.081396,26.081396,26.081396,17741.58840136129,508.70458828200003,0.0,0.0
2026-08-10 02:00:00+00:00,19.5045,68.0,0.0,1007.30585,70.0,26.081396,275.4037,26.28,Aalborg,2,0,8,26.081396,26.081396,26.081396,26.081396,26.081396,26.081396,17741.58840136129,508.70458828200003,0.0,0.0
2026-08-10 03:00:00+00:00,19.5045,68.0,0.0,1007.30585,70.0,26.081396,275.4037,26.28,Aalborg,3,0,8,26.081396,26.081396,26.081396,26.081396,26.081396,26.081396,17741.58840136129,508.70458828200003,0.0,0.0
2026-08-10 04:00:00+00:00,19.5045,68.0,0.0,1007.30585,70.0,26.081396,275.4037,26.28,Aalborg,4,0,8,26.081396,26.081396,26.081396,26.081396,26.081396,26.081396,17741.58840136129,508.70458828200003,0.0,0.0
2026-08-10 05:00:00+00:00,19.5045,68.0,0.0,1007.30585,70.0,26.081396,275.4037,26.28,Aalborg,5,0,8,26.081396,26.081396,26.081396,26.081396,26.081396,26.081396,17741.58840136129,508.70458828200003,0.0,0.0
2026-08-10 06:00:00+00:00,19.5045,68.0,0.0,1007.30585,70.0,26.081396,275.4037,26.28,Aalborg,6,0,8,26.081396,26.081396,26.081396,26.081396,26.081396,26.081396,17741.58840136129,508.70458828200003,0.0,0.0
2026-08-10 07:00:00+00:00,19.5045,68.0,0.0,1007.30585,70.0,26.081396,275.4037,26.28,Aalborg,7,0,8,26.081396,26.081396,26.081396,26.081396,26.081396,26.081396,17741.58840136129,508.70458828200003,0.0,0.0
2026-08-10 08:00:00+00:00,19.5045,68.0,0.0,1007.30585,70.0,26.081396,275.4037,26.28,Aalborg,8,0,8,26.081396,26.081396,26.081396,26.081396,26.081396,26.081396,17741.58840136129,508.70458828200003,0.0,0.0
2026-08-10 09:00:00+00:00,19.5045,68.0,0.0,1007.30585,70.0,26.081396,275.4037,26.28,Aalborg,9,0,8,26.081396,26.081396,26.081396,26.081396,26.081396,26.081396,17741.58840136129,508.70458828200003,0.0,0.0
2026-08-10 10:00:00+00:00,19.5045,68.0,0.0,1007.30585,70.0,26.081396,275.4037,26.28,Aalborg,10,0,8,26.081396,26.081396,26.081396,26.081396,26.081396,26.081396,17741.58840136129,508.70458828200003,0.0,0.0
2026-08-10 11:00:00+00:00,19.5045,68.0,0.0,1007.30585,70.0,26.081396,275.4037,26.28,Aalborg,11,0,8,26.081396,26.081396,26.081396,26.081396,26.081396,26.081396,17741.58840136129,508.70458828200003,0.0,0.0
2026-08-10 12:00:00+00:00,19.5045,68.0,0.0,1007.30585,70.0,26.081396,275.4037,26.28,Aalborg,12,0,8,26.081396,26.081396,26.081396,26.081396,26.081396,26.081396,17741.58840136129,508.70458828200003,0.0,0.0
2026-08-10 13:00:00+00:00,19.5045,68.0,0.0,1007.30585,70.0,26.081396,275.4037,26.28,Aalborg,13,0,8,26.081396,26.081396,26.081396,26.081396,26.081396,26.081396,17741.58840136129,508.70458828200003,0.0,0.0
2026-08-10 14:00:00+00:00,19.5045,68.0,0.0,1007.30585,70.0,26.081396,275.4037,26.28,Aalborg,14,0,8,26.081396,26.081396,26.081396,26.081396,26.081396,26.081396,17741.58840136129,508.70458828200003,0.0,0.0
2026-08-10 15:00:00+00:00,19.5045,68.0,0.0,1007.30585,70.0,26.081396,275.4037,26.28,Aalborg,15,0,8,26.081396,26.081396,26.081396,26.081396,26.081396,26.081396,17741.58840136129,508.70458828200003,0.0,0.0
2026-08-10 16:00:00+00:00,19.5045,68.0,0.0,1007.30585,70.0,26.081396,275.4037,26.28,Aalborg,16,0,8,26.081396,26.081396,26.081396,26.081396,26.081396,26.081396,17741.58840136129,508.70458828200003,0.0,0.0
2026-08-10 17:00:00+00:00,19.5045,68.0,0.0,1007.30585,70.0,26.081396,275.4037,26.28,Aalborg,17,0,8,26.081396,26.081396,26.081396,26.081396,26.081396,26.081396,17741.58840136129,508.70458828200003,0.0,0.0
2026-08-10 18:00:00+00:00,19.5045,68.0,0.0,1007.30585,70.0,26.081396,275.4037,26.28,Aalborg,18,0,8,26.081396,26.081396,26.081396,26.081396,26.081396,26.081396,17741.58840136129,508.70458828200003,0.0,0.0
2026-08-10 19:00:00+00:00,19.5045,68.0,0.0,1007.30585,70.0,26.081396,275.4037,26.28,Aalborg,19,0,8,26.081396,26.081396,26.081396,26.081396,26.081396,26.081396,17741.58840136129,508.70458828200003,0.0,0.0
2026-08-10 20:00:00+00:00,19.5045,68.0,0.0,1007.30585,70.0,26.081396,275.4037,26.28,Aalborg,20,0,8,26.081396,26.081396,26.081396,26.081396,26.081396,26.081396,17741.58840136129,508.70458828200003,0.0,0.0
2026-08-10 21:00:00+00:00,19.5045,68.0,0.0,1007.30585,70.0,26.081396,275.4037,26.28,Aalborg,21,0,8,26.081396,26.081396,26.081396,26.081396,26.081396,26.081396,17741.58840136129,508.70458828200003,0.0,0.0
2026-08-10 22:00:00+00:00,19.5045,68.0,0.0,1007.30585,70.0,26.081396,275.4037,26.28,Aalborg,22,0,8,26.081396,26.081396,26.081396,26.081396,26.081396,26.081396,17741.58840136129,508.70458828200003,0.0,0.0
2026-08-10 23:00:00+00:00,19.5045,68.0,0.0,1007.30585,70.0,26.081396,275.4037,26.28,Aalborg,23,0,8,26.081396,26.081396,26.081396,26.081396,26.081396,26.081396,17741.58840136129,508.70458828200003,0.0,0.0
2026-08-11 00:00:00+00:00,19.5045,68.0,0.0,1007.30585,70.0,26.081396,275.4037,26.28,Aalborg,0,1,8,26.081396,26.081396,26.081396,26.081396,26.081396,26.081396,17741.58840136129,508.70458828200003,0.0,0.0
2026-08-11 01:00:00+00:00,19.5045,68.0,0.0,1007.30585,70.0,26.081396,275.4037,26.28,Aalborg,1,1,8,26.081396,26.081396,26.081396,26.081396,26.081396,26.081396,17741.58840136129,508.70458828200003,0.0,0.0
2026-08-11 02:00:00+00:00,19.5045,68.0,0.0,1007.30585,70.0,26.081396,275.4037,26.28,Aalborg,2,1,8,26.081396,26.081396,26.081396,26.081396,26.081396,26.081396,17741.58840136129,508.70458828200003,0.0,0.0
2026-08-11 03:00:00+00:00,19.5045,68.0,0.0,1007.30585,70.0,26.081396,275.4037,26.28,Aalborg,3,1,8,26.081396,26.081396,26.081396,26.081396,26.081396,26.081396,17741.58840136129,508.70458828200003,0.0,0.0
2026-08-11 04:00:00+00:00,19.5045,68.0,0.0,1007.30585,70.0,26.081396,275.4037,26.28,Aalborg,4,1,8,26.081396,26.081396,26.081396,26.081396,26.081396,26.081396,17741.58840136129,508.70458828200003,0.0,0.0
2026-08-11 05:00:00+00:00,19.5045,68.0,0.0,1007.30585,70.0,26.081396,275.4037,26.28,Aalborg,5,1,8,26.081396,26.081396,26.081396,26.081396,26.081396,26.081396,17741.58840136129,508.70458828200003,0.0,0.0
2026-08-11 06:00:00+00:00,19.5045,68.0,0.0,1007.30585,70.0,26.081396,275.4037,26.28,Aalborg,6,1,8,26.081396,26.081396,26.081396,26.081396,26.081396,26.081396,17741.58840136129,508.70458828200003,0.0,0.0
2026-08-11 07:00:00+00:00,19.5045,68.0,0.0,1007.30585,70.0,26.081396,275.4037,26.28,Aalborg,7,1,8,26.081396,26.081396,26.081396,26.081396,26.081396,26.081396,17741.58840136129,508.70458828200003,0.0,0.0
2026-08-11 08:00:00+00:00,19.5045,68.0,0.0,1007.30585,70.0,26.081396,275.4037,26.28,Aalborg,8,1,8,26.081396,26.081396,26.081396,26.081396,26.081396,26.081396,17741.58840136129,508.70458828200003,0.0,0.0
2026-08-11 09:00:00+00:00,19.5045,68.0,0.0,1007.30585,70.0,26.081396,275.4037,26.28,Aalborg,9,1,8,26.081396,26.081396,26.081396,26.081396,26.081396,26.081396,17741.58840136129,508.70458828200003,0.0,0.0
2026-08-11 10:00:00+00:00,19.5045,68.0,0.0,1007.30585,70.0,26.081396,275.4037,26.28,Aalborg,10,1,8,26.081396,26.081396,26.081396,26.081396,26.081396,26.081396,17741.58840136129,508.70458828200003,0.0,0.0
2026-08-11 11:00:00+00:00,19.5045,68.0,0.0,1007.30585,70.0,26.081396,275.4037,26.28,Aalborg,11,1,8,26.081396,26.081396,26.081396,26.081396,26.081396,26.081396,17741.58840136129,508.70458828200003,0.0,0.0
2026-08-11 12:00:00+00:00,19.5045,68.0,0.0,1007.30585,70.0,26.081396,275.4037,26.28,Aalborg,12,1,8,26.081396,26.081396,26.081396,26.081396,26.081396,26.081396,17741.58840136129,508.70458828200003,0.0,0.0
2026-08-11 13:00:00+00:00,19.5045,68.0,0.0,1007.30585,70.0,26.081396,275.4037,26.28,Aalborg,13,1,8,26.081396,26.081396,26.081396,26.081396,26.081396,26.081396,17741.58840136129,508.70458828200003,0.0,0.0
2026-08-11 14:00:00+00:00,19.5045,68.0,0.0,1007.30585,70.0,26.081396,275.4037,26.28,Aalborg,14,1,8,26.081396,26.081396,26.081396,26.081396,26.081396,26.081396,17741.58840136129,508.70458828200003,0.0,0.0
2026-08-11 15:00:00+00:00,19.5045,68.0,0.0,1007.30585,70.0,26.081396,275.4037,26.28,Aalborg,15,1,8,26.081396,26.081396,26.081396,26.081396,26.081396,26.081396,17741.58840136129,508.70458828200003,0.0,0.0
2026-08-11 16:00:00+00:00,19.5045,68.0,0.0,1007.30585,70.0,26.081396,275.4037,26.28,Aalborg,16,1,8,26.081396,26.081396,26.081396,26.081396,26.081396,26.081396,17741.58840136129,508.70458828200003,0.0,0.0
2026-08-11 17:00:00+00:00,19.5045,68.0,0.0,1007.30585,70.0,26.081396,275.4037,26.28,Aalborg,17,1,8,26.081396,26.081396,26.081396,26.081396,26.081396,26.081396,17741.58840136129,508.70458828200003,0.0,0.0
2026-08-11 18:00:00+00:00,19.5045,68.0,0.0,1007.30585,70.0,26.081396,275.4037,26.28,Aalborg,18,1,8,26.081396,26.081396,26.081396,26.081396,26.081396,26.081396,17741.58840136129,508.70458828200003,0.0,0.0
2026-08-11 19:00:00+00:00,19.5045,68.0,0.0,1007.30585,70.0,26.081396,275.4037,26.28,Aalborg,19,1,8,26.081396,26.081396,26.081396,26.081396,26.081396,26.081396,17741.58840136129,508.70458828200003,0.0,0.0
2026-08-11 20:00:00+00:00,19.5045,68.0,0.0,1007.30585,70.0,26.081396,275.4037,26.28,Aalborg,20,1,8,26.081396,26.081396,26.081396,26.081396,26.081396,26.081396,17741.58840136129,508.70458828200003,0.0,0.0
2026-08-11 21:00:00+00:00,19.5045,68.0,0.0,1007.30585,70.0,26.081396,275.4037,26.28,Aalborg,21,1,8,26.081396,26.081396,26.081396,26.081396,26.081396,26.081396,17741.58840136129,508.70458828200003,0.0,0.0
2026-08-11 22:00:00+00:00,19.5045,68.0,0.0,1007.30585,70.0,26.081396,275.4037,26.28,Aalborg,22,1,8,26.081396,26.081396,26.081396,26.081396,26.081396,26.081396,17741.58840136129,508.70458828200003,0.0,0.0
2026-08-11 23:00:00+00:00,19.5045,68.0,0.0,1007.30585,70.0,26.081396,275.4037,26.28,Aalborg,23,1,8,26.081396,26.081396,26.081396,26.081396,26.081396,26.081396,17741.58840136129,508.70458828200003,0.0,0.0
2026-08-12 00:00:00+00:00,19.5045,68.0,0.0,1007.30585,70.0,26.081396,275.4037,26.28,Aalborg,0,2,8,26.081396,26.081396,26.081396,26.081396,26.081396,26.081396,17741.58840136129,508.70458828200003,0.0,0.0
2026-08-12 01:00:00+00:00,19.5045,68.0,0.0,1007.30585,70.0,26.081396,275.4037,26.28,Aalborg,1,2,8,26.081396,26.081396,26.081396,26.081396,26.081396,26.081396,17741.58840136129,508.70458828200003,0.0,0.0
2026-08-12 02:00:00+00:00,19.5045,68.0,0.0,1007.30585,70.0,26.081396,275.4037,26.28,Aalborg,2,2,8,26.081396,26.081396,26.081396,26.081396,26.081396,26.081396,17741.58840136129,508.70458828200003,0.0,0.0
2026-08-12 03:00:00+00:00,19.5045,68.0,0.0,1007.30585,70.0,26.081396,275.4037,26.28,Aalborg,3,2,8,26.081396,26.081396,26.081396,26.081396,26.081396,26.081396,17741.58840136129,508.70458828200003,0.0,0.0
2026-08-12 04:00:00+00:00,19.5045,68.0,0.0,1007.30585,70.0,26.081396,275.4037,26.28,Aalborg,4,2,8,26.081396,26.081396,26.081396,26.081396,26.081396,26.081396,17741.58840136129,508.70458828200003,0.0,0.0
2026-08-12 05:00:00+00:00,19.5045,68.0,0.0,1007.30585,70.0,26.081396,275.4037,26.28,Aalborg,5,2,8,26.081396,26.081396,26.081396,26.081396,26.081396,26.081396,17741.58840136129,508.70458828200003,0.0,0.0
2026-08-12 06:00:00+00:00,19.5045,68.0,0.0,1007.30585,70.0,26.081396,275.4037,26.28,Aalborg,6,2,8,26.081396,26.081396,26.081396,26.081396,26.081396,26.081396,17741.58840136129,508.70458828200003,0.0,0.0
2026-08-12 07:00:00+00:00,19.5045,68.0,0.0,1007.30585,70.0,26.081396,275.4037,26.28,Aalborg,7,2,8,26.081396,26.081396,26.081396,26.081396,26.081396,26.081396,17741.58840136129,508.70458828200003,0.0,0.0
2026-08-12 08:00:00+00:00,19.5045,68.0,0.0,1007.30585,70.0,26.081396,275.4037,26.28,Aalborg,8,2,8,26.081396,26.081396,26.081396,26.081396,26.081396,26.081396,17741.58840136129,508.70458828200003,0.0,0.0
2026-08-12 09:00:00+00:00,19.5045,68.0,0.0,1007.30585,70.0,26.081396,275.4037,26.28,Aalborg,9,2,8,26.081396,26.081396,26.081396,26.081396,26.081396,26.081396,17741.58840136129,508.70458828200003,0.0,0.0
2026-08-12 10:00:00+00:00,19.5045,68.0,0.0,1007.30585,70.0,26.081396,275.4037,26.28,Aalborg,10,2,8,26.081396,26.081396,26.081396,26.081396,26.081396,26.081396,17741.58840136129,508.70458828200003,0.0,0.0
2026-08-12 11:00:00+00:00,19.5045,68.0,0.0,1007.30585,70.0,26.081396,275.4037,26.28,Aalborg,11,2,8,26.081396,26.081396,26.081396,26.081396,26.081396,26.081396,17741.58840136129,508.70458828200003,0.0,0.0
2026-08-12 12:00:00+00:00,19.5045,68.0,0.0,1007.30585,70.0,26.081396,275.4037,26.28,Aalborg,12,2,8,26.081396,26.081396,26.081396,26.081396,26.081396,26.081396,17741.58840136129,508.70458828200003,0.0,0.0
2026-08-12 13:00:00+00:00,19.5045,68.0,0.0,1007.30585,70.0,26.081396,275.4037,26.28,Aalborg,13,2,8,26.081396,26.081396,26.081396,26.081396,26.081396,26.081396,17741.58840136129,508.70458828200003,0.0,0.0
2026-08-12 14:00:00+00:00,19.5045,68.0,0.0,1007.30585,70.0,26.081396,275.4037,26.28,Aalborg,14,2,8,26.081396,26.081396,26.081396,26.081396,26.081396,26.081396,17741.58840136129,508.70458828200003,0.0,0.0
2026-08-12 15:00:00+00:00,19.5045,68.0,0.0,1007.30585,70.0,26.081396,275.4037,26.28,Aalborg,15,2,8,26.081396,26.081396,26.081396,26.081396,26.081396,26.081396,17741.58840136129,508.70458828200003,0.0,0.0
2026-08-12 16:00:00+00:00,19.5045,68.0,0.0,1007.30585,70.0,26.081396,275.4037,26.28,Aalborg,16,2,8,26.081396,26.081396,26.081396,26.081396,26.081396,26.081396,17741.58840136129,508.70458828200003,0.0,0.0
2026-08-12 17:00:00+00:00,19.5045,68.0,0.0,1007.30585,70.0,26.081396,275.4037,26.28,Aalborg,17,2,8,26.081396,26.081396,26.081396,26.081396,26.081396,26.081396,17741.58840136129,508.70458828200003,0.0,0.0
2026-08-12 18:00:00+00:00,19.5045,68.0,0.0,1007.30585,70.0,26.081396,275.4037,26.28,Aalborg,18,2,8,26.081396,26.081396,26.081396,26.081396,26.081396,26.081396,17741.58840136129,508.70458828200003,0.0,0.0
2026-08-12 19:00:00+00:00,19.5045,68.0,0.0,1007.30585,70.0,26.081396,275.4037,26.28,Aalborg,19,2,8,26.081396,26.081396,26.081396,26.081396,26.081396,26.081396,17741.58840136129,508.70458828200003,0.0,0.0
2026-08-12 20:00:00+00:00,19.5045,68.0,0.0,1007.30585,70.0,26.081396,275.4037,26.28,Aalborg,20,2,8,26.081396,26.081396,26.081396,26.081396,26.081396,26.081396,17741.58840136129,508.70458828200003,0.0,0.0
2026-08-12 21:00:00+00:00,19.5045,68.0,0.0,1007.30585,70.0,26.081396,275.4037,26.28,Aalborg,21,2,8,26.081396,26.081396,26.081396,26.081396,26.081396,26.081396,17741.58840136129,508.70458828200003,0.0,0.0
2026-08-12 22:00:00+00:00,19.5045,68.0,0.0,1007.30585,70.0,26.081396,275.4037,26.28,Aalborg,22,2,8,26.081396,26.081396,26.081396,26.081396,26.081396,26.081396,17741.58840136129,508.70458828200003,0.0,0.0
2026-08-12 23:00:00+00:00,19.5045,68.0,0.0,1007.30585,70.0,26.081396,275.4037,26.28,Aalborg,23,2,8,26.081396,26.081396,26.081396,26.081396,26.081396,26.081396,17741.58840136129,508.70458828200003,0.0,0.0
2026-08-13 00:00:00+00:00,19.5045,68.0,0.0,1007.30585,70.0,26.081396,275.4037,26.28,Aalborg,0,3,8,26.081396,26.081396,26.081396,26.081396,26.081396,26.081396,17741.58840136129,508.70458828200003,0.0,0.0
2026-08-13 01:00:00+00:00,19.5045,68.0,0.0,1007.30585,70.0,26.081396,275.4037,26.28,Aalborg,1,3,8,26.081396,26.081396,26.081396,26.081396,26.081396,26.081396,17741.58840136129,508.70458828200003,0.0,0.0
2026-08-13 02:00:00+00:00,19.5045,68.0,0.0,1007.30585,70.0,26.081396,275.4037,26.28,Aalborg,2,3,8,26.081396,26.081396,26.081396,26.081396,26.081396,26.081396,17741.58840136129,508.70458828200003,0.0,0.0
2026-08-13 03:00:00+00:00,19.5045,68.0,0.0,1007.30585,70.0,26.081396,275.4037,26.28,Aalborg,3,3,8,26.081396,26.081396,26.081396,26.081396,26.081396,26.081396,17741.58840136129,508.70458828200003,0.0,0.0
2026-08-13 04:00:00+00:00,19.5045,68.0,0.0,1007.30585,70.0,26.081396,275.4037,26.28,Aalborg,4,3,8,26.081396,26.081396,26.081396,26.081396,26.081396,26.081396,17741.58840136129,508.70458828200003,0.0,0.0
2026-08-13 05:00:00+00:00,19.5045,68.0,0.0,1007.30585,70.0,26.081396,275.4037,26.28,Aalborg,5,3,8,26.081396,26.081396,26.081396,26.081396,26.081396,26.081396,17741.58840136129,508.70458828200003,0.0,0.0
2026-08-13 06:00:00+00:00,19.5045,68.0,0.0,1007.30585,70.0,26.081396,275.4037,26.28,Aalborg,6,3,8,26.081396,26.081396,26.081396,26.081396,26.081396,26.081396,17741.58840136129,508.70458828200003,0.0,0.0
2026-08-13 07:00:00+00:00,19.5045,68.0,0.0,1007.30585,70.0,26.081396,275.4037,26.28,Aalborg,7,3,8,26.081396,26.081396,26.081396,26.081396,26.081396,26.081396,17741.58840136129,508.70458828200003,0.0,0.0
2026-08-13 08:00:00+00:00,19.5045,68.0,0.0,1007.30585,70.0,26.081396,275.4037,26.28,Aalborg,8,3,8,26.081396,26.081396,26.081396,26.081396,26.081396,26.081396,17741.58840136129,508.70458828200003,0.0,0.0
2026-08-13 09:00:00+00:00,19.5045,68.0,0.0,1007.30585,70.0,26.081396,275.4037,26.28,Aalborg,9,3,8,26.081396,26.081396,26.081396,26.081396,26.081396,26.081396,17741.58840136129,508.70458828200003,0.0,0.0
2026-08-13 10:00:00+00:00,19.5045,68.0,0.0,1007.30585,70.0,26.081396,275.4037,26.28,Aalborg,10,3,8,26.081396,26.081396,26.081396,26.081396,26.081396,26.081396,17741.58840136129,508.70458828200003,0.0,0.0
2026-08-13 11:00:00+00:00,19.5045,68.0,0.0,1007.30585,70.0,26.081396,275.4037,26.28,Aalborg,11,3,8,26.081396,26.081396,26.081396,26.081396,26.081396,26.081396,17741.58840136129,508.70458828200003,0.0,0.0
2026-08-13 12:00:00+00:00,19.5045,68.0,0.0,1007.30585,70.0,26.081396,275.4037,26.28,Aalborg,12,3,8,26.081396,26.081396,26.081396,26.081396,26.081396,26.081396,17741.58840136129,508.70458828200003,0.0,0.0
2026-08-13 13:00:00+00:00,19.5045,68.0,0.0,1007.30585,70.0,26.081396,275.4037,26.28,Aalborg,13,3,8,26.081396,26.081396,26.081396,26.081396,26.081396,26.081396,17741.58840136129,508.70458828200003,0.0,0.0
2026-08-13 14:00:00+00:00,19.5045,68.0,0.0,1007.30585,70.0,26.081396,275.4037,26.28,Aalborg,14,3,8,26.081396,26.081396,26.081396,26.081396,26.081396,26.081396,17741.58840136129,508.70458828200003,0.0,0.0
2026-08-13 15:00:00+00:00,19.5045,68.0,0.0,1007.30585,70.0,26.081396,275.4037,26.28,Aalborg,15,3,8,26.081396,26.081396,26.081396,26.081396,26.081396,26.081396,17741.58840136129,508.70458828200003,0.0,0.0
2026-08-13 16:00:00+00:00,19.5045,68.0,0.0,1007.30585,70.0,26.081396,275.4037,26.28,Aalborg,16,3,8,26.081396,26.081396,26.081396,26.081396,26.081396,26.081396,17741.58840136129,508.70458828200003,0.0,0.0
2026-08-13 17:00:00+00:00,19.5045,68.0,0.0,1007.30585,70.0,26.081396,275.4037,26.28,Aalborg,17,3,8,26.081396,26.081396,26.081396,26.081396,26.081396,26.081396,17741.58840136129,508.70458828200003,0.0,0.0
2026-08-13 18:00:00+00:00,19.5045,68.0,0.0,1007.30585,70.0,26.081396,275.4037,26.28,Aalborg,18,3,8,26.081396,26.081396,26.081396,26.081396,26.081396,26.081396,17741.58840136129,508.70458828200003,0.0,0.0
2026-08-13 19:00:00+00:00,19.5045,68.0,0.0,1007.30585,70.0,26.081396,275.4037,26.28,Aalborg,19,3,8,26.081396,26.081396,26.081396,26.081396,26.081396,26.081396,17741.58840136129,508.70458828200003,0.0,0.0
2026-08-13 20:00:00+00:00,19.5045,68.0,0.0,1007.30585,70.0,26.081396,275.4037,26.28,Aalborg,20,3,8,26.081396,26.081396,26.081396,26.081396,26.081396,26.081396,17741.58840136129,508.70458828200003,0.0,0.0
2026-08-13 21:00:00+00:00,19.5045,68.0,0.0,1007.30585,70.0,26.081396,275.4037,26.28,Aalborg,21,3,8,26.081396,26.081396,26.081396,26.081396,26.081396,26.081396,17741.58840136129,508.70458828200003,0.0,0.0
2026-08-13 22:00:00+00:00,19.5045,68.0,0.0,1007.30585,70.0,26.081396,275.4037,26.28,Aalborg,22,3,8,26.081396,26.081396,26.081396,26.081396,26.081396,26.081396,17741.58840136129,508.70458828200003,0.0,0.0
2026-08-13 23:00:00+00:00,19.5045,68.0,0.0,1007.30585,70.0,26.081396,275.4037,26.28,Aalborg,23,3,8,26.081396,26.081396,26.081396,26.081396,26.081396,26.081396,17741.58840136129,508.70458828200003,0.0,0.0
2026-08-14 00:00:00+00:00,19.5045,68.0,0.0,1007.30585,70.0,26.081396,275.4037,26.28,Aalborg,0,4,8,26.081396,26.081396,26.081396,26.081396,26.081396,26.081396,17741.58840136129,508.70458828200003,0.0,0.0
2026-08-14 01:00:00+00:00,19.5045,68.0,0.0,1007.30585,70.0,26.081396,275.4037,26.28,Aalborg,1,4,8,26.081396,26.081396,26.081396,26.081396,26.081396,26.081396,17741.58840136129,508.70458828200003,0.0,0.0
2026-08-14 02:00:00+00:00,19.5045,68.0,0.0,1007.30585,70.0,26.081396,275.4037,26.28,Aalborg,2,4,8,26.081396,26.081396,26.081396,26.081396,26.081396,26.081396,17741.58840136129,508.70458828200003,0.0,0.0
2026-08-14 03:00:00+00:00,19.5045,68.0,0.0,1007.30585,70.0,26.081396,275.4037,26.28,Aalborg,3,4,8,26.081396,26.081396,26.081396,26.081396,26.081396,26.081396,17741.58840136129,508.70458828200003,0.0,0.0
2026-08-14 04:00:00+00:00,19.5045,68.0,0.0,1007.30585,70.0,26.081396,275.4037,26.28,Aalborg,4,4,8,26.081396,26.081396,26.081396,26.081396,26.081396,26.081396,17741.58840136129,508.70458828200003,0.0,0.0
2026-08-14 05:00:00+00:00,19.5045,68.0,0.0,1007.30585,70.0,26.081396,275.4037,26.28,Aalborg,5,4,8,26.081396,26.081396,26.081396,26.081396,26.081396,26.081396,17741.58840136129,508.70458828200003,0.0,0.0
2026-08-14 06:00:00+00:00,19.5045,68.0,0.0,1007.30585,70.0,26.081396,275.4037,26.28,Aalborg,6,4,8,26.081396,26.081396,26.081396,26.081396,26.081396,26.081396,17741.58840136129,508.70458828200003,0.0,0.0
2026-08-14 07:00:00+00:00,19.5045,68.0,0.0,1007.30585,70.0,26.081396,275.4037,26.28,Aalborg,7,4,8,26.081396,26.081396,26.081396,26.081396,26.081396,26.081396,17741.58840136129,508.70458828200003,0.0,0.0
2026-08-14 08:00:00+00:00,19.5045,68.0,0.0,1007.30585,70.0,26.081396,275.4037,26.28,Aalborg,8,4,8,26.081396,26.081396,26.081396,26.081396,26.081396,26.081396,17741.58840136129,508.70458828200003,0.0,0.0
2026-08-14 09:00:00+00:00,19.5045,68.0,0.0,1007.30585,70.0,26.081396,275.4037,26.28,Aalborg,9,4,8,26.081396,26.081396,26.081396,26.081396,26.081396,26.081396,17741.58840136129,508.70458828200003,0.0,0.0
2026-08-14 10:00:00+00:00,19.5045,68.0,0.0,1007.30585,70.0,26.081396,275.4037,26.28,Aalborg,10,4,8,26.081396,26.081396,26.081396,26.081396,26.081396,26.081396,17741.58840136129,508.70458828200003,0.0,0.0
2026-08-14 11:00:00+00:00,19.5045,68.0,0.0,1007.30585,70.0,26.081396,275.4037,26.28,Aalborg,11,4,8,26.081396,26.081396,26.081396,26.081396,26.081396,26.081396,17741.58840136129,508.70458828200003,0.0,0.0
2026-08-14 12:00:00+00:00,19.5045,68.0,0.0,1007.30585,70.0,26.081396,275.4037,26.28,Aalborg,12,4,8,26.081396,26.081396,26.081396,26.081396,26.081396,26.081396,17741.58840136129,508.70458828200003,0.0,0.0
2026-08-14 13:00:00+00:00,19.5045,68.0,0.0,1007.30585,70.0,26.081396,275.4037,26.28,Aalborg,13,4,8,26.081396,26.081396,26.081396,26.081396,26.081396,26.081396,17741.58840136129,508.70458828200003,0.0,0.0
2026-08-14 14:00:00+00:00,19.5045,68.0,0.0,1007.30585,70.0,26.081396,275.4037,26.28,Aalborg,14,4,8,26.081396,26.081396,26.081396,26.081396,26.081396,26.081396,17741.58840136129,508.70458828200003,0.0,0.0
2026-08-14 15:00:00+00:00,19.5045,68.0,0.0,1007.30585,70.0,26.081396,275.4037,26.28,Aalborg,15,4,8,26.081396,26.081396,26.081396,26.081396,26.081396,26.081396,17741.58840136129,508.70458828200003,0.0,0.0
2026-08-14 16:00:00+00:00,19.5045,68.0,0.0,1007.30585,70.0,26.081396,275.4037,26.28,Aalborg,16,4,8,26.081396,26.081396,26.081396,26.081396,26.081396,26.081396,17741.58840136129,508.70458828200003,0.0,0.0
2026-08-14 17:00:00+00:00,19.5045,68.0,0.0,1007.30585,70.0,26.081396,275.4037,26.28,Aalborg,17,4,8,26.081396,26.081396,26.081396,26.081396,26.081396,26.081396,17741.58840136129,508.70458828200003,0.0,0.0
2026-08-14 18:00:00+00:00,19.5045,68.0,0.0,1007.30585,70.0,26.081396,275.4037,26.28,Aalborg,18,4,8,26.081396,26.081396,26.081396,26.081396,26.081396,26.081396,17741.58840136129,508.70458828200003,0.0,0.0
2026-08-14 19:00:00+00:00,19.5045,68.0,0.0,1007.30585,70.0,26.081396,275.4037,26.28,Aalborg,19,4,8,26.081396,26.081396,26.081396,26.081396,26.081396,26.081396,17741.58840136129,508.70458828200003,0.0,0.0
2026-08-14 20:00:00+00:00,19.5045,68.0,0.0,1007.30585,70.0,26.081396,275.4037,26.28,Aalborg,20,4,8,26.081396,26.081396,26.081396,26.081396,26.081396,26.081396,17741.58840136129,508.70458828200003,0.0,0.0
2026-08-14 21:00:00+00:00,19.5045,68.0,0.0,1007.30585,70.0,26.081396,275.4037,26.28,Aalborg,21,4,8,26.081396,26.081396,26.081396,26.081396,26.081396,26.081396,17741.58840136129,508.70458828200003,0.0,0.0
2026-08-14 22:00:00+00:00,19.5045,68.0,0.0,1007.30585,70.0,26.081396,275.4037,26.28,Aalborg,22,4,8,26.081396,26.081396,26.081396,26.081396,26.081396,26.081396,17741.58840136129,508.70458828200003,0.0,0.0
2026-08-14 23:00:00+00:00,19.5045,68.0,0.0,1007.30585,70.0,26.081396,275.4037,26.28,Aalborg,23,4,8,26.081396,26.081396,26.081396,26.081396,26.081396,26.081396,17741.58840136129,508.70458828200003,0.0,0.0
2026-08-15 00:00:00+00:00,19.5045,68.0,0.0,1007.30585,70.0,26.081396,275.4037,26.28,Aalborg,0,5,8,26.081396,26.081396,26.081396,26.081396,26.081396,26.081396,17741.58840136129,508.70458828200003,0.0,0.0
2026-08-15 01:00:00+00:00,19.5045,68.0,0.0,1007.30585,70.0,26.081396,275.4037,26.28,Aalborg,1,5,8,26.081396,26.081396,26.081396,26.081396,26.081396,26.081396,17741.58840136129,508.70458828200003,0.0,0.0
2026-08-15 02:00:00+00:00,19.5045,68.0,0.0,1007.30585,70.0,26.081396,275.4037,26.28,Aalborg,2,5,8,26.081396,26.081396,26.081396,26.081396,26.081396,26.081396,17741.58840136129,508.70458828200003,0.0,0.0
2026-08-15 03:00:00+00:00,19.5045,68.0,0.0,1007.30585,70.0,26.081396,275.4037,26.28,Aalborg,3,5,8,26.081396,26.081396,26.081396,26.081396,26.081396,26.081396,17741.58840136129,508.70458828200003,0.0,0.0
2026-08-15 04:00:00+00:00,19.5045,68.0,0.0,1007.30585,70.0,26.081396,275.4037,26.28,Aalborg,4,5,8,26.081396,26.081396,26.081396,26.081396,26.081396,26.081396,17741.58840136129,508.70458828200003,0.0,0.0
2026-08-15 05:00:00+00:00,19.5045,68.0,0.0,1007.30585,70.0,26.081396,275.4037,26.28,Aalborg,5,5,8,26.081396,26.081396,26.081396,26.081396,26.081396,26.081396,17741.58840136129,508.70458828200003,0.0,0.0
2026-08-15 06:00:00+00:00,19.5045,68.0,0.0,1007.30585,70.0,26.081396,275.4037,26.28,Aalborg,6,5,8,26.081396,26.081396,26.081396,26.081396,26.081396,26.081396,17741.58840136129,508.70458828200003,0.0,0.0
2026-08-15 07:00:00+00:00,19.5045,68.0,0.0,1007.30585,70.0,26.081396,275.4037,26.28,Aalborg,7,5,8,26.081396,26.081396,26.081396,26.081396,26.081396,26.081396,17741.58840136129,508.70458828200003,0.0,0.0
2026-08-15 08:00:00+00:00,19.5045,68.0,0.0,1007.30585,70.0,26.081396,275.4037,26.28,Aalborg,8,5,8,26.081396,26.081396,26.081396,26.081396,26.081396,26.081396,17741.58840136129,508.70458828200003,0.0,0.0
2026-08-15 09:00:00+00:00,19.5045,68.0,0.0,1007.30585,70.0,26.081396,275.4037,26.28,Aalborg,9,5,8,26.081396,26.081396,26.081396,26.081396,26.081396,26.081396,17741.58840136129,508.70458828200003,0.0,0.0
2026-08-15 10:00:00+00:00,19.5045,68.0,0.0,1007.30585,70.0,26.081396,275.4037,26.28,Aalborg,10,5,8,26.081396,26.081396,26.081396,26.081396,26.081396,26.081396,17741.58840136129,508.70458828200003,0.0,0.0
2026-08-15 11:00:00+00:00,19.5045,68.0,0.0,1007.30585,70.0,26.081396,275.4037,26.28,Aalborg,11,5,8,26.081396,26.081396,26.081396,26.081396,26.081396,26.081396,17741.58840136129,508.70458828200003,0.0,0.0
2026-08-15 12:00:00+00:00,19.5045,68.0,0.0,1007.30585,70.0,26.081396,275.4037,26.28,Aalborg,12,5,8,26.081396,26.081396,26.081396,26.081396,26.081396,26.081396,17741.58840136129,508.70458828200003,0.0,0.0
2026-08-15 13:00:00+00:00,19.5045,68.0,0.0,1007.30585,70.0,26.081396,275.4037,26.28,Aalborg,13,5,8,26.081396,26.081396,26.081396,26.081396,26.081396,26.081396,17741.58840136129,508.70458828200003,0.0,0.0
2026-08-15 14:00:00+00:00,19.5045,68.0,0.0,1007.30585,70.0,26.081396,275.4037,26.28,Aalborg,14,5,8,26.081396,26.081396,26.081396,26.081396,26.081396,26.081396,17741.58840136129,508.70458828200003,0.0,0.0
2026-08-15 15:00:00+00:00,19.5045,68.0,0.0,1007.30585,70.0,26.081396,275.4037,26.28,Aalborg,15,5,8,26.081396,26.081396,26.081396,26.081396,26.081396,26.081396,17741.58840136129,508.70458828200003,0.0,0.0
2026-08-15 16:00:00+00:00,19.5045,68.0,0.0,1007.30585,70.0,26.081396,275.4037,26.28,Aalborg,16,5,8,26.081396,26.081396,26.081396,26.081396,26.081396,26.081396,17741.58840136129,508.70458828200003,0.0,0.0
2026-08-15 17:00:00+00:00,19.5045,68.0,0.0,1007.30585,70.0,26.081396,275.4037,26.28,Aalborg,17,5,8,26.081396,26.081396,26.081396,26.081396,26.081396,26.081396,17741.58840136129,508.70458828200003,0.0,0.0
2026-08-15 18:00:00+00:00,19.5045,68.0,0.0,1007.30585,70.0,26.081396,275.4037,26.28,Aalborg,18,5,8,26.081396,26.081396,26.081396,26.081396,26.081396,26.081396,17741.58840136129,508.70458828200003,0.0,0.0
2026-08-15 19:00:00+00:00,19.5045,68.0,0.0,1007.30585,70.0,26.081396,275.4037,26.28,Aalborg,19,5,8,26.081396,26.081396,26.081396,26.081396,26.081396,26.081396,17741.58840136129,508.70458828200003,0.0,0.0
2026-08-15 20:00:00+00:00,19.5045,68.0,0.0,1007.30585,70.0,26.081396,275.4037,26.28,Aalborg,20,5,8,26.081396,26.081396,26.081396,26.081396,26.081396,26.081396,17741.58840136129,508.70458828200003,0.0,0.0
2026-08-15 21:00:00+00:00,19.5045,68.0,0.0,1007.30585,70.0,26.081396,275.4037,26.28,Aalborg,21,5,8,26.081396,26.081396,26.081396,26.081396,26.081396,26.081396,17741.58840136129,508.70458828200003,0.0,0.0
2026-08-15 22:00:00+00:00,19.5045,68.0,0.0,1007.30585,70.0,26.081396,275.4037,26.28,Aalborg,22,5,8,26.081396,26.081396,26.081396,26.081396,26.081396,26.081396,17741.58840136129,508.70458828200003,0.0,0.0
2026-08-15 23:00:00+00:00,19.5045,68.0,0.0,1007.30585,70.0,26.081396,275.4037,26.28,Aalborg,23,5,8,26.081396,26.081396,26.081396,26.081396,26.081396,26.081396,17741.58840136129,508.70458828200003,0.0,0.0
2026-08-16 00:00:00+00:00,19.5045,68.0,0.0,1007.30585,70.0,26.081396,275.4037,26.28,Aalborg,0,6,8,26.081396,26.081396,26.081396,26.081396,26.081396,26.081396,17741.58840136129,508.70458828200003,0.0,0.0
2026-08-16 01:00:00+00:00,19.5045,68.0,0.0,1007.30585,70.0,26.081396,275.4037,26.28,Aalborg,1,6,8,26.081396,26.081396,26.081396,26.081396,26.081396,26.081396,17741.58840136129,508.70458828200003,0.0,0.0
2026-08-16 02:00:00+00:00,19.5045,68.0,0.0,1007.30585,70.0,26.081396,275.4037,26.28,Aalborg,2,6,8,26.081396,26.081396,26.081396,26.081396,26.081396,26.081396,17741.58840136129,508.70458828200003,0.0,0.0
2026-08-16 03:00:00+00:00,19.5045,68.0,0.0,1007.30585,70.0,26.081396,275.4037,26.28,Aalborg,3,6,8,26.081396,26.081396,26.081396,26.081396,26.081396,26.081396,17741.58840136129,508.70458828200003,0.0,0.0
2026-08-16 04:00:00+00:00,19.5045,68.0,0.0,1007.30585,70.0,26.081396,275.4037,26.28,Aalborg,4,6,8,26.081396,26.081396,26.081396,26.081396,26.081396,26.081396,17741.58840136129,508.70458828200003,0.0,0.0
2026-08-16 05:00:00+00:00,19.5045,68.0,0.0,1007.30585,70.0,26.081396,275.4037,26.28,Aalborg,5,6,8,26.081396,26.081396,26.081396,26.081396,26.081396,26.081396,17741.58840136129,508.70458828200003,0.0,0.0
2026-08-16 06:00:00+00:00,19.5045,68.0,0.0,1007.30585,70.0,26.081396,275.4037,26.28,Aalborg,6,6,8,26.081396,26.081396,26.081396,26.081396,26.081396,26.081396,17741.58840136129,508.70458828200003,0.0,0.0
2026-08-16 07:00:00+00:00,19.5045,68.0,0.0,1007.30585,70.0,26.081396,275.4037,26.28,Aalborg,7,6,8,26.081396,26.081396,26.081396,26.081396,26.081396,26.081396,17741.58840136129,508.70458828200003,0.0,0.0
2026-08-16 08:00:00+00:00,19.5045,68.0,0.0,1007.30585,70.0,26.081396,275.4037,26.28,Aalborg,8,6,8,26.081396,26.081396,26.081396,26.081396,26.081396,26.081396,17741.58840136129,508.70458828200003,0.0,0.0
2026-08-16 09:00:00+00:00,19.5045,68.0,0.0,1007.30585,70.0,26.081396,275.4037,26.28,Aalborg,9,6,8,26.081396,26.081396,26.081396,26.081396,26.081396,26.081396,17741.58840136129,508.70458828200003,0.0,0.0
2026-08-16 10:00:00+00:00,19.5045,68.0,0.0,1007.30585,70.0,26.081396,275.4037,26.28,Aalborg,10,6,8,26.081396,26.081396,26.081396,26.081396,26.081396,26.081396,17741.58840136129,508.70458828200003,0.0,0.0
2026-08-16 11:00:00+00:00,19.5045,68.0,0.0,1007.30585,70.0,26.081396,275.4037,26.28,Aalborg,11,6,8,26.081396,26.081396,26.081396,26.081396,26.081396,26.081396,17741.58840136129,508.70458828200003,0.0,0.0
2026-08-16 12:00:00+00:00,19.5045,68.0,0.0,1007.30585,70.0,26.081396,275.4037,26.28,Aalborg,12,6,8,26.081396,26.081396,26.081396,26.081396,26.081396,26.081396,17741.58840136129,508.70458828200003,0.0,0.0
2026-08-16 13:00:00+00:00,19.5045,68.0,0.0,1007.30585,70.0,26.081396,275.4037,26.28,Aalborg,13,6,8,26.081396,26.081396,26.081396,26.081396,26.081396,26.081396,17741.58840136129,508.70458828200003,0.0,0.0
2026-08-16 14:00:00+00:00,19.5045,68.0,0.0,1007.30585,70.0,26.081396,275.4037,26.28,Aalborg,14,6,8,26.081396,26.081396,26.081396,26.081396,26.081396,26.081396,17741.58840136129,508.70458828200003,0.0,0.0
2026-08-16 15:00:00+00:00,19.5045,68.0,0.0,1007.30585,70.0,26.081396,275.4037,26.28,Aalborg,15,6,8,26.081396,26.081396,26.081396,26.081396,26.081396,26.081396,17741.58840136129,508.70458828200003,0.0,0.0
2026-08-16 16:00:00+00:00,19.5045,68.0,0.0,1007.30585,70.0,26.081396,275.4037,26.28,Aalborg,16,6,8,26.081396,26.081396,26.081396,26.081396,26.081396,26.081396,17741.58840136129,508.70458828200003,0.0,0.0
2026-08-16 17:00:00+00:00,19.5045,68.0,0.0,1007.30585,70.0,26.081396,275.4037,26.28,Aalborg,17,6,8,26.081396,26.081396,26.081396,26.081396,26.081396,26.081396,17741.58840136129,508.70458828200003,0.0,0.0
2026-08-16 18:00:00+00:00,19.5045,68.0,0.0,1007.30585,70.0,26.081396,275.4037,26.28,Aalborg,18,6,8,26.081396,26.081396,26.081396,26.081396,26.081396,26.081396,17741.58840136129,508.70458828200003,0.0,0.0
2026-08-16 19:00:00+00:00,19.5045,68.0,0.0,1007.30585,70.0,26.081396,275.4037,26.28,Aalborg,19,6,8,26.081396,26.081396,26.081396,26.081396,26.081396,26.081396,17741.58840136129,508.70458828200003,0.0,0.0
2026-08-16 20:00:00+00:00,19.5045,68.0,0.0,1007.30585,70.0,26.081396,275.4037,26.28,Aalborg,20,6,8,26.081396,26.081396,26.081396,26.081396,26.081396,26.081396,17741.58840136129,508.70458828200003,0.0,0.0
2026-08-16 21:00:00+00:00,19.5045,68.0,0.0,1007.30585,70.0,26.081396,275.4037,26.28,Aalborg,21,6,8,26.081396,26.081396,26.081396,26.081396,26.081396,26.081396,17741.58840136129,508.70458828200003,0.0,0.0
2026-08-16 22:00:00+00:00,19.5045,68.0,0.0,1007.30585,70.0,26.081396,275.4037,26.28,Aalborg,22,6,8,26.081396,26.081396,26.081396,26.081396,26.081396,26.081396,17741.58840136129,508.70458828200003,0.0,0.0
2026-08-16 23:00:00+00:00,19.5045,68.0,0.0,1007.30585,70.0,26.081396,275.4037,26.28,Aalborg,23,6,8,26.081396,26.081396,26.081396,26.081396,26.081396,26.081396,17741.58840136129,508.70458828200003,0.0,0.0
2026-08-17 00:00:00+00:00,19.5045,68.0,0.0,1007.30585,70.0,26.081396,275.4037,26.28,Aalborg,0,0,8,26.081396,26.081396,26.081396,26.081396,26.081396,26.081396,17741.58840136129,508.70458828200003,0.0,0.0
2026-08-17 01:00:00+00:00,19.5045,68.0,0.0,1007.30585,70.0,26.081396,275.4037,26.28,Aalborg,1,0,8,26.081396,26.081396,26.081396,26.081396,26.081396,26.081396,17741.58840136129,508.70458828200003,0.0,0.0
2026-08-17 02:00:00+00:00,19.5045,68.0,0.0,1007.30585,70.0,26.081396,275.4037,26.28,Aalborg,2,0,8,26.081396,26.081396,26.081396,26.081396,26.081396,26.081396,17741.58840136129,508.70458828200003,0.0,0.0
2026-08-17 03:00:00+00:00,19.5045,68.0,0.0,1007.30585,70.0,26.081396,275.4037,26.28,Aalborg,3,0,8,26.081396,26.081396,26.081396,26.081396,26.081396,26.081396,17741.58840136129,508.70458828200003,0.0,0.0
2026-08-17 04:00:00+00:00,19.5045,68.0,0.0,1007.30585,70.0,26.081396,275.4037,26.28,Aalborg,4,0,8,26.081396,26.081396,26.081396,26.081396,26.081396,26.081396,17741.58840136129,508.70458828200003,0.0,0.0
2026-08-17 05:00:00+00:00,19.5045,68.0,0.0,1007.30585,70.0,26.081396,275.4037,26.28,Aalborg,5,0,8,26.081396,26.081396,26.081396,26.081396,26.081396,26.081396,17741.58840136129,508.70458828200003,0.0,0.0
2026-08-17 06:00:00+00:00,19.5045,68.0,0.0,1007.30585,70.0,26.081396,275.4037,26.28,Aalborg,6,0,8,26.081396,26.081396,26.081396,26.081396,26.081396,26.081396,17741.58840136129,508.70458828200003,0.0,0.0
2026-08-17 07:00:00+00:00,19.5045,68.0,0.0,1007.30585,70.0,26.081396,275.4037,26.28,Aalborg,7,0,8,26.081396,26.081396,26.081396,26.081396,26.081396,26.081396,17741.58840136129,508.70458828200003,0.0,0.0
2026-08-17 08:00:00+00:00,19.5045,68.0,0.0,1007.30585,70.0,26.081396,275.4037,26.28,Aalborg,8,0,8,26.081396,26.081396,26.081396,26.081396,26.081396,26.081396,17741.58840136129,508.70458828200003,0.0,0.0
2026-08-17 09:00:00+00:00,19.5045,68.0,0.0,1007.30585,70.0,26.081396,275.4037,26.28,Aalborg,9,0,8,26.081396,26.081396,26.081396,26.081396,26.081396,26.081396,17741.58840136129,508.70458828200003,0.0,0.0
2026-08-17 10:00:00+00:00,19.5045,68.0,0.0,1007.30585,70.0,26.081396,275.4037,26.28,Aalborg,10,0,8,26.081396,26.081396,26.081396,26.081396,26.081396,26.081396,17741.58840136129,508.70458828200003,0.0,0.0
2026-08-17 11:00:00+00:00,19.5045,68.0,0.0,1007.30585,70.0,26.081396,275.4037,26.28,Aalborg,11,0,8,26.081396,26.081396,26.081396,26.081396,26.081396,26.081396,17741.58840136129,508.70458828200003,0.0,0.0
2026-08-17 12:00:00+00:00,19.5045,68.0,0.0,1007.30585,70.0,26.081396,275.4037,26.28,Aalborg,12,0,8,26.081396,26.081396,26.081396,26.081396,26.081396,26.081396,17741.58840136129,508.70458828200003,0.0,0.0
2026-08-17 13:00:00+00:00,19.5045,68.0,0.0,1007.30585,70.0,26.081396,275.4037,26.28,Aalborg,13,0,8,26.081396,26.081396,26.081396,26.081396,26.081396,26.081396,17741.58840136129,508.70458828200003,0.0,0.0
2026-08-17 14:00:00+00:00,19.5045,68.0,0.0,1007.30585,70.0,26.081396,275.4037,26.28,Aalborg,14,0,8,26.081396,26.081396,26.081396,26.081396,26.081396,26.081396,17741.58840136129,508.70458828200003,0.0,0.0
2026-08-17 15:00:00+00:00,19.5045,68.0,0.0,1007.30585,70.0,26.081396,275.4037,26.28,Aalborg,15,0,8,26.081396,26.081396,26.081396,26.081396,26.081396,26.081396,17741.58840136129,508.70458828200003,0.0,0.0
2026-08-17 16:00:00+00:00,19.5045,68.0,0.0,1007.30585,70.0,26.081396,275.4037,26.28,Aalborg,16,0,8,26.081396,26.081396,26.081396,26.081396,26.081396,26.081396,17741.58840136129,508.70458828200003,0.0,0.0
2026-08-17 17:00:00+00:00,18.654501,65.0,0.0,1006.9026,53.0,26.081396,275.4037,27.0,Aalborg,17,0,8,26.081396,26.081396,26.081396,26.081396,26.081396,26.081396,17741.58840136129,486.535427763396,0.0,0.0
2026-08-17 18:00:00+00:00,17.6045,65.0,0.0,1006.798,28.0,26.081396,275.4037,25.919998,Aalborg,18,0,8,26.081396,26.081396,26.081396,26.081396,26.081396,26.081396,17741.58840136129,459.1499358820001,0.0,0.0
2026-08-17 19:00:00+00:00,16.654501,69.0,0.0,1006.89374,18.0,26.081396,275.4037,25.199999,Aalborg,19,0,8,26.081396,26.081396,26.081396,26.081396,26.081396,26.081396,17741.58840136129,434.37263576339603,0.0,0.0
2026-08-17 20:00:00+00:00,15.7045,74.0,0.0,1006.7895,17.0,26.081396,275.4037,22.68,Aalborg,20,0,8,26.081396,26.081396,26.081396,26.081396,26.081396,26.081396,17741.58840136129,409.595283482,0.0,0.0
2026-08-17 21:00:00+00:00,14.9045,84.0,0.0,1006.9858,23.0,26.081396,275.4037,21.96,Aalborg,21,0,8,26.081396,26.081396,26.081396,26.081396,26.081396,26.081396,17741.58840136129,388.73016668200006,0.0,0.0
2026-08-17 22:00:00+00:00,14.1545,90.0,0.0,1007.0822,41.0,26.081396,275.4037,19.08,Aalborg,22,0,8,26.081396,26.081396,26.081396,26.081396,26.081396,26.081396,17741.58840136129,369.16911968200003,0.0,0.0
2026-08-17 23:00:00+00:00,13.9045,91.0,0.0,1007.0809,41.0,26.081396,275.4037,17.64,Aalborg,23,0,8,26.081396,26.081396,26.081396,26.081396,26.081396,26.081396,17741.58840136129,362.648770682,0.0,0.0
2026-08-18 00:00:00+00:00,13.4545,85.0,0.0,1006.8792,68.0,26.081396,275.4037,25.199999,Aalborg,0,1,8,26.081396,26.081396,26.081396,26.081396,26.081396,26.081396,17741.58840136129,350.912142482,0.0,0.0
2026-08-18 01:00:00+00:00,13.054501,85.0,0.0,1006.87744,57.0,25.732094,275.47726,26.28,Aalborg,1,1,8,26.081396,26.081396,26.081396,26.081396,25.964962000000003,26.023179,17038.265746152472,335.919646855094,0.0,0.0
2026-08-18 02:00:00+00:00,12.6045,87.0,0.0,1006.7752,51.0,25.001627,274.83032,24.84,Aalborg,2,1,8,25.732094,26.081396,26.081396,26.081396,25.605039,25.843217500000005,15628.05082353898,315.13300752149996,0.0,1.0
2026-08-18 03:00:00+00:00,12.054501,90.0,0.0,1006.3733,68.0,23.952875,275.04236,18.359999,Aalborg,3,1,8,25.001627,25.732094,26.081396,26.081396,24.895532000000003,25.488464000000004,13742.727790471417,288.739955640375,1.0,1.0
2026-08-18 04:00:00+00:00,12.1545,88.0,0.0,1006.0743,67.0,22.525064,274.46707,20.880001,Aalborg,4,1,8,23.952875,25.001627,25.732094,26.081396,23.826522,24.895742000000002,11428.733369521788,273.780890388,1.0,1.0
2026-08-18 05:00:00+00:00,12.4545,83.0,0.0,1005.77594,50.0,21.12607,274.76355,20.519999,Aalborg,5,1,8,22.525064,23.952875,25.001627,26.081396,22.534669666666662,24.069854333333335,9428.79391334051,263.114638815,1.0,1.0
2026-08-18 06:00:00+00:00,13.304501,78.0,0.0,1005.57996,76.0,19.34964,274.15958,23.759998,Aalborg,6,1,8,21.12607,22.525064,23.952875,26.081396,21.000258,22.947895,7244.671006223234,257.43730472964,1.0,1.0
2026-08-18 07:00:00+00:00,14.554501,70.0,0.0,1005.486,82.0,17.950087,274.48453,29.519999,Aalborg,7,1,8,19.34964,21.12607,22.525064,26.081396,19.47526566666667,21.65089383333333,5783.618970260091,261.254559191587,1.0,1.0
2026-08-18 08:00:00+00:00,15.9545,66.0,0.0,1005.4924,77.0,16.235775,276.20334,29.519999,Aalborg,8,1,8,17.950087,19.34964,21.12607,26.081396,17.845167333333332,20.1899185,4279.756619527031,259.0336722375,1.0,1.0
2026-08-18 09:00:00+00:00,16.904501,63.0,0.0,1005.49646,92.0,15.153193,275.31445,27.359999,Aalborg,9,1,8,16.235775,17.950087,19.34964,26.081396,16.44635166666667,18.723304833333334,3479.4649344341206,256.157166221693,1.0,1.0
2026-08-18 10:00:00+00:00,17.904501,58.0,0.0,1005.3015,87.0,14.737166,270.0,27.72,Aalborg,10,1,8,15.153193,16.235775,17.950087,26.081396,15.375378,17.42532183333333,3200.677569997445,263.861603384166,1.0,1.0
2026-08-18 11:00:00+00:00,18.654501,52.0,0.0,1004.90515,89.0,14.886786,261.87,27.0,Aalborg,11,1,8,14.737166,15.153193,16.235775,26.081396,14.925715000000002,16.385441166666666,3299.1558823305877,277.705564323786,1.0,1.0
2026-08-18 12:00:00+00:00,19.3545,51.0,0.0,1004.20917,80.0,15.071721,257.90524,27.72,Aalborg,12,1,8,14.886786,14.737166,15.153193,26.081396,14.898557666666667,15.672454666666667,3423.643519508629,291.7056240945,1.0,1.0
2026-08-18 13:00:00+00:00,19.9545,51.0,0.0,1004.2117,63.0,15.002124,259.21576,29.88,Aalborg,13,1,8,15.071721,14.886786,14.737166,26.081396,14.986877,15.1811275,3376.4339030215024,299.359883358,1.0,1.0
2026-08-18 14:00:00+00:00,20.0545,54.0,0.0,1004.11255,70.0,15.153193,264.68555,30.239998,Aalborg,14,1,8,15.002124,15.071721,14.886786,26.081396,15.075679333333333,15.000697166666667,3479.4649344341206,303.8897090185,1.0,1.0
2026-08-18 15:00:00+00:00,19.8045,51.0,0.0,1003.91144,85.0,15.104364,267.33704,29.88,Aalborg,15,1,8,15.153193,15.002124,15.071721,26.081396,15.086560333333333,14.992559,3445.9369697187794,299.13437683800004,1.0,1.0
2026-08-18 16:00:00+00:00,18.8045,59.0,0.0,1003.4077,83.0,15.45488,267.3975,30.599998,Aalborg,16,1,8,15.104364,15.153193,15.002124,26.081396,15.237478999999999,15.112178,3691.449333513654,290.62129096,1.0,1.0
2026-08-18 17:00:00+00:00,18.0045,59.0,0.0,1003.3043,70.0,15.45488,267.3975,25.919998,Aalborg,17,1,8,15.45488,15.104364,15.153193,26.081396,15.338041333333331,15.206860333333333,3691.449333513654,278.25738695999996,1.0,1.0
2026-08-18 18:00:00+00:00,17.7045,62.0,0.0,1003.10345,53.0,14.424743,265.81516,21.24,Aalborg,18,1,8,15.45488,15.45488,15.104364,26.081396,15.111500999999999,15.09903066666667,3001.402588321378,255.3828624435,1.0,0.6836030430897082
2026-08-18 19:00:00+00:00,16.654501,65.0,0.0,1003.09863,64.0,10.928247,264.47256,16.919998,Aalborg,19,1,8,14.424743,15.45488,15.45488,26.081396,13.602623333333334,14.420051166666667,1305.1231918494784,182.004500589747,0.6836030430897082,0.05406010535051265
2026-08-18 20:00:00+00:00,15.7045,71.0,0.0,1003.09436,52.0,6.4030485,260.53775,11.879999,Aalborg,20,1,8,10.928247,14.424743,15.45488,26.081396,10.585346166666666,12.96169375,262.51877814069394,100.55667516825,0.05406010535051265,3.637288098701857e-06
2026-08-18 21:00:00+00:00,15.0045,75.0,0.0,1003.0911,58.0,3.1384103,243.43501,7.5599995,Aalborg,21,1,8,6.4030485,10.928247,14.424743,26.081396,6.823235266666667,10.967368133333332,30.91214638333876,47.09027734635,3.637288098701857e-06,0.0
2026-08-18 22:00:00+00:00,14.6045,75.0,0.0,1003.08923,51.0,2.740499,230.19447,6.8399997,Aalborg,22,1,8,3.1384103,6.4030485,10.928247,26.081396,4.093985933333333,8.848304633333333,20.582064924112466,40.023617645499996,0.0,0.0005335384619478257
2026-08-18 23:00:00+00:00,14.0045,79.0,0.0,1002.4874,8.0,3.7299578,228.81418,7.92,Aalborg,23,1,8,2.740499,3.1384103,6.4030485,26.081396,3.2029557,6.894150933333333,51.89335564678753,52.2361940101,0.0005335384619478257,0.003736506384199249
2026-08-19 00:00:00+00:00,13.6545,85.0,0.0,1002.1863,42.0,4.3965755,208.61037,7.92,Aalborg,0,2,8,3.7299578,2.740499,3.1384103,26.081396,3.6223441,5.222789683333333,84.9852597988835,60.033040164750005,0.003736506384199249,0.09427980308982359
2026-08-19 01:00:00+00:00,13.4045,85.0,0.0,1001.6858,83.0,7.0962086,171.46931,9.36,Aalborg,1,2,8,4.3965755,3.7299578,2.740499,25.732094,5.0742473,4.584116616666667,357.337932704907,95.1211281787,0.09427980308982359,1.0
2026-08-19 02:00:00+00:00,13.6545,85.0,0.0,1001.08777,82.0,12.553641,153.43501,9.0,Aalborg,2,2,8,7.0962086,4.3965755,3.7299578,25.001627,8.015475033333333,5.6092153666666675,1978.3772739773383,171.4136910345,1.0,1.0
2026-08-19 03:00:00+00:00,13.9045,83.0,0.0,1000.28973,100.0,17.519665,147.26479,15.4800005,Aalborg,3,2,8,12.553641,7.0962086,4.3965755,23.952875,12.3898382,8.006091150000001,5377.462528746508,243.6021819925,1.0,1.0
2026-08-19 04:00:00+00:00,13.6545,92.0,1.1,999.5897,100.0,21.26548,142.3737,15.4800005,Aalborg,4,2,8,17.519665,12.553641,7.0962086,22.525064,17.112928666666665,11.093587983333334,9616.688967647478,290.36949666000004,1.0,1.0
2026-08-19 05:00:00+00:00,13.054501,94.0,1.4,998.5883,100.0,24.360613,138.50363,22.319998,Aalborg,5,2,8,21.26548,17.519665,12.553641,21.12607,21.048586,14.532030516666666,14456.54916371583,318.015646769113,1.0,1.0
2026-08-19 06:00:00+00:00,13.304501,94.0,1.5,997.8901,100.0,24.170343,140.30096,24.119999,Aalborg,6,2,8,24.360613,21.26548,17.519665,19.34964,23.265478666666667,17.827658433333333,14120.446851908868,321.574352613843,1.0,1.0
2026-08-19 07:00:00+00:00,14.1545,95.0,3.6,997.295,100.0,19.311428,155.29759,24.48,Aalborg,7,2,8,24.170343,24.360613,21.26548,17.950087,22.614128000000004,19.863528333333335,7201.83501034524,273.343607626,1.0,1.0
2026-08-19 08:00:00+00:00,14.8545,94.0,0.0,996.7987,100.0,15.286669,189.24603,24.48,Aalborg,8,2,8,19.311428,24.170343,24.360613,16.235775,19.58948,20.319033,3572.2231934051238,227.0758246605,1.0,1.0
2026-08-19 09:00:00+00:00,15.6045,94.0,0.0,996.7023,100.0,16.495325,218.08882,18.359999,Aalborg,9,2,8,15.286669,19.311428,24.170343,15.153193,17.03114066666667,20.148309666666666,4488.307775501264,257.4012989625,1.0,1.0
2026-08-19 10:00:00+00:00,16.7045,94.0,0.1,996.2076,100.0,16.12926,225.8813,21.24,Aalborg,10,2,8,16.495325,15.286669,19.311428,14.737166,15.970418,19.292273,4196.075830779958,269.43122366999995,1.0,1.0
2026-08-19 11:00:00+00:00,17.154501,95.0,4.2,996.0101,100.0,13.152335,226.08084,29.88,Aalborg,11,2,8,16.12926,16.495325,15.286669,14.886786,15.258973333333335,17.424226666666666,2275.1424122155076,225.621743909835,1.0,0.8294861692442235
2026-08-19 12:00:00+00:00,16.8045,94.0,3.3,996.10846,100.0,11.456271,229.9698,19.44,Aalborg,12,2,8,13.152335,16.12926,16.495325,15.071721,13.579288666666669,15.305214666666666,1503.5914074080079,192.5169060195,0.8294861692442235,1.0
2026-08-19 13:00:00+00:00,17.5545,94.0,1.8,995.8122,88.0,12.882783,240.64233,21.24,Aalborg,13,2,8,11.456271,13.152335,16.12926,15.002124,12.497129666666668,14.233773833333332,2138.1052236373935,226.1508141735,1.0,1.0
2026-08-19 14:00:00+00:00,17.654501,91.0,1.0,995.5128,100.0,15.31885,249.90468,23.039999,Aalborg,14,2,8,12.882783,11.456271,13.152335,15.153193,13.219301333333334,14.239137333333332,3594.831105500579,270.44665264385,1.0,1.0
2026-08-19 15:00:00+00:00,18.2045,89.0,0.0,995.41547,88.0,15.7586,258.4399,23.759998,Aalborg,15,2,8,15.31885,12.882783,11.456271,15.104364,14.653411,14.116349833333333,3913.3878827460558,286.8774337,1.0,1.0
2026-08-19 16:00:00+00:00,18.4545,95.0,0.4,995.0169,88.0,12.405655,278.13,21.599998,Aalborg,16,2,8,15.7586,15.31885,12.882783,15.45488,14.494368333333334,13.495748999999998,1909.233728200571,228.94016019749998,1.0,0.5632323196154992
2026-08-19 17:00:00+00:00,17.9545,92.0,0.2,995.21454,71.0,10.432559,317.72638,30.599998,Aalborg,17,2,8,12.405655,15.7586,15.31885,15.45488,12.865604666666668,13.042453,1135.4618535960278,187.31138056549997,0.5632323196154992,1.0
2026-08-19 18:00:00+00:00,17.904501,92.0,0.0,996.1134,64.0,12.982742,341.07526,32.039997,Aalborg,18,2,8,10.432559,12.405655,15.7586,14.424743,11.940318666666668,13.296864833333332,2188.261804563898,232.449517121742,1.0,1.0
2026-08-19 19:00:00+00:00,16.5545,92.0,0.0,996.5066,35.0,14.753866,334.65387,32.760002,Aalborg,19,2,8,12.982742,10.432559,12.405655,10.928247,12.723055666666667,13.608711999999999,3211.5708262913345,244.24287469700002,1.0,1.0
2026-08-19 20:00:00+00:00,15.3545,91.0,0.0,997.10046,68.0,16.93724,320.0425,29.88,Aalborg,20,2,8,14.753866,12.982742,10.432559,6.4030485,14.891282666666669,13.878443666666668,4858.787712497407,260.06285158,1.0,1.0
2026-08-19 21:00:00+00:00,15.054501,90.0,0.0,997.19916,68.0,19.234768,308.33337,24.84,Aalborg,21,2,8,16.93724,14.753866,12.982742,3.1384103,16.975291333333335,14.457804999999999,7116.408296264301,289.569834090768,1.0,1.0
2026-08-19 22:00:00+00:00,14.804501,91.0,0.0,997.8969,82.0,20.642653,301.79886,23.039999,Aalborg,22,2,8,19.234768,16.93724,14.753866,2.740499,18.938220333333334,15.830638,8796.229190243357,305.604176981153,1.0,1.0
2026-08-19 23:00:00+00:00,14.5045,92.0,0.0,998.1954,93.0,22.130798,295.34613,18.72,Aalborg,23,2,8,20.642653,19.234768,16.93724,3.7299578,20.66940633333333,17.7803445,10839.050069416524,320.996159591,1.0,1.0
2026-08-20 00:00:00+00:00,14.1045,94.0,0.0,998.1934,81.0,22.248014,288.86368,18.72,Aalborg,0,3,8,22.130798,20.642653,19.234768,4.3965755,21.67382166666667,19.3245565,11012.191305892251,313.797113463,1.0,1.0
2026-08-20 01:00:00+00:00,14.054501,91.0,0.0,998.5926,90.0,21.95836,284.8135,23.4,Aalborg,1,3,8,22.248014,22.130798,20.642653,7.0962086,22.11239066666667,20.525305499999998,10587.653084514435,308.61379257836,1.0,1.0
2026-08-20 02:00:00+00:00,14.0045,86.0,0.0,998.3928,84.0,23.06518,283.1906,27.72,Aalborg,2,3,8,21.95836,22.248014,22.130798,12.553641,22.423851333333335,21.546628833333333,12270.734078748426,323.01631331000004,1.0,1.0
2026-08-20 03:00:00+00:00,13.9045,87.0,0.0,998.49207,88.0,22.902466,278.8128,25.919998,Aalborg,3,3,8,23.06518,21.95836,22.248014,17.519665,22.642002,22.157911833333333,12012.869002970414,318.44733849700003,1.0,1.0
2026-08-20 04:00:00+00:00,13.4045,89.0,0.0,998.78955,82.0,21.58584,271.39716,24.119999,Aalborg,4,3,8,22.902466,23.06518,21.95836,21.26548,22.51782866666667,22.315109666666668,10057.889521123721,289.34739228,1.0,1.0
2026-08-20 05:00:00+00:00,12.9045,90.0,0.0,999.0869,75.0,20.728956,267.08923,19.8,Aalborg,5,3,8,21.58584,22.902466,23.06518,24.360613,21.739087333333334,22.08146933333333,8907.017161339181,267.496812702,1.0,1.0
2026-08-20 06:00:00+00:00,13.3545,88.0,0.0,999.5882,43.0,22.298454,259.57425,22.319998,Aalborg,6,3,8,20.728956,21.58584,22.902466,24.170343,21.53775,22.089876,11087.260728875064,297.784703943,1.0,1.0
2026-08-20 07:00:00+00:00,14.7045,80.0,0.0,1000.0939,44.0,20.038109,266.48633,28.44,Aalborg,7,3,8,22.298454,20.728956,21.58584,19.311428,21.02183966666667,21.76983416666667,8045.817993098402,294.65037379049994,1.0,1.0
2026-08-20 08:00:00+00:00,15.804501,75.0,0.0,1000.69806,48.0,21.231438,269.05307,29.88,Aalborg,8,3,8,20.038109,22.298454,20.728956,15.286669,21.189333666666666,21.464210500000004,9570.579374154559,335.552283102438,1.0,1.0
2026-08-20 09:00:00+00:00,17.0045,72.0,0.0,1001.003,45.0,20.56871,261.66263,31.68,Aalborg,9,3,8,21.231438,20.038109,22.298454,16.495325,20.612752333333336,21.075251166666664,8702.041802326463,349.760629195,1.0,1.0
2026-08-20 10:00:00+00:00,17.904501,71.0,0.0,1001.30664,73.0,20.851097,255.37909,30.599998,Aalborg,10,3,8,20.56871,21.231438,20.038109,16.12926,20.883748333333333,20.952794,9065.394872022052,373.328487087597,1.0,1.0
2026-08-20 11:00:00+00:00,18.904501,68.0,0.0,1001.41095,85.0,21.237236,257.11182,31.319998,Aalborg,11,3,8,20.851097,20.56871,21.231438,13.152335,20.885681,21.037507333333334,9578.422277801112,401.47934919923597,1.0,1.0
2026-08-20 12:00:00+00:00,19.904501,65.0,0.0,1001.4153,56.0,19.097458,259.41272,30.599998,Aalborg,12,3,8,21.237236,20.851097,20.56871,11.456271,20.39526366666667,20.504008000000002,6965.0893291826505,380.125371858458,1.0,1.0
2026-08-20 13:00:00+00:00,19.654501,64.0,0.0,1001.5139,84.0,17.940655,260.99832,30.239998,Aalborg,13,3,8,19.097458,21.237236,20.851097,12.882783,19.425116333333335,20.154432333333332,5774.506629764406,352.614621638155,1.0,1.0
2026-08-20 14:00:00+00:00,19.154501,68.0,0.0,1001.71155,99.0,16.989862,253.81071,30.239998,Aalborg,14,3,8,17.940655,19.097458,21.237236,15.31885,18.009325,19.447503,4904.215594689269,325.432328668862,1.0,1.0
2026-08-20 15:00:00+00:00,18.7045,70.0,0.0,1001.6098,94.0,14.772632,254.14801,23.759998,Aalborg,15,3,8,16.989862,17.940655,19.097458,15.7586,16.567716333333333,18.48149,3223.8411752707902,276.314695244,1.0,1.0
2026-08-20 16:00:00+00:00,18.654501,69.0,0.0,1001.7093,88.0,12.232001,261.75375,23.4,Aalborg,16,3,8,14.772632,16.989862,17.940655,12.405655,14.664831666666666,17.044974,1830.1746000335088,228.181874886501,1.0,0.6281361815597197
2026-08-20 17:00:00+00:00,18.0545,72.0,0.0,1001.7068,84.0,10.707741,271.87784,21.96,Aalborg,17,3,8,12.232001,14.772632,16.989862,10.432559,12.570791333333334,15.290058166666666,1227.703725264765,193.3229098845,0.6281361815597197,1.0
2026-08-20 18:00:00+00:00,17.8045,77.0,0.0,1001.6057,87.0,13.45542,202.21765,16.919998,Aalborg,18,3,8,10.707741,12.232001,14.772632,12.982742,12.131720666666666,14.3497185,2436.08128514696,239.56702539000003,1.0,1.0
2026-08-20 19:00:00+00:00,16.9545,81.0,0.0,1002.00134,87.0,16.784811,221.18584,15.119999,Aalborg,19,3,8,13.45542,10.707741,12.232001,14.753866,13.649324000000002,14.157077833333334,4728.78279398415,284.57807809950003,1.0,1.0
2026-08-20 20:00:00+00:00,16.1045,89.0,0.0,1001.8977,60.0,14.502418,235.34862,11.5199995,Aalborg,20,3,8,16.784811,13.45542,10.707741,16.93724,14.914216333333336,13.742503833333332,3050.150407846632,233.55419068100002,1.0,1.0
2026-08-20 21:00:00+00:00,15.2545,90.0,0.0,1002.1936,89.0,13.176886,266.94717,10.08,Aalborg,21,3,8,14.502418,16.784811,13.45542,19.234768,14.82137166666667,13.476546166666667,2287.9069941482253,201.006807487,1.0,1.0
2026-08-20 22:00:00+00:00,14.804501,89.0,0.0,1002.29114,80.0,15.002124,280.78424,13.32,Aalborg,22,3,8,13.176886,14.502418,16.784811,20.642653,14.227142666666667,13.938233333333335,3376.4339030215024,222.09895976012402,1.0,1.0
2026-08-20 23:00:00+00:00,14.5045,92.0,0.0,1002.1901,82.0,17.750929,273.39963,14.4,Aalborg,23,3,8,15.002124,13.176886,14.502418,22.130798,15.309979666666669,15.112098000000001,5593.237500145235,257.4683496805,1.0,1.0
2026-08-21 00:00:00+00:00,14.0045,88.0,0.0,1001.9881,78.0,19.299469,269.47916,14.4,Aalborg,0,4,8,17.750929,15.002124,13.176886,22.248014,17.350840666666667,16.086106166666667,7188.46363975539,270.2794136105,1.0,1.0
2026-08-21 01:00:00+00:00,13.554501,86.0,0.0,1002.1857,94.0,18.786276,258.6901,15.119999,Aalborg,1,4,8,19.299469,17.750929,15.002124,21.95836,18.612224666666666,16.419683666666668,6630.130788572237,254.638596828276,1.0,1.0
2026-08-21 02:00:00+00:00,13.054501,83.0,0.0,1002.2834,97.0,22.128017,255.30263,15.84,Aalborg,2,4,8,18.786276,19.299469,17.750929,23.06518,20.071254,17.690616833333333,10834.96441323877,288.870220054517,1.0,1.0
2026-08-21 03:00:00+00:00,12.3545,85.0,0.0,1002.5796,63.0,21.528728,252.45091,18.0,Aalborg,3,4,8,22.128017,18.786276,19.299469,22.902466,20.814340333333334,19.0825905,9978.26680942913,265.976670076,1.0,1.0
2026-08-21 04:00:00+00:00,11.9545,90.0,0.0,1002.6778,19.0,21.518719,245.94266,15.4800005,Aalborg,4,4,8,21.528728,22.128017,18.786276,21.58584,21.72515466666667,20.168689666666666,9964.35618067114,257.2455262855,1.0,1.0
2026-08-21 05:00:00+00:00,12.054501,85.0,0.0,1002.67816,21.0,21.891678,242.81897,19.44,Aalborg,5,4,8,21.518719,21.528728,22.128017,20.728956,21.646375000000003,20.858814499999998,10491.489606262092,263.893254342678,1.0,1.0
2026-08-21 06:00:00+00:00,13.054501,82.0,0.0,1002.7828,72.0,22.374931,241.42549,27.0,Aalborg,6,4,8,21.891678,21.518719,21.528728,22.298454,21.92844266666667,21.3713915,11201.730352085207,292.093559114431,1.0,1.0
2026-08-21 07:00:00+00:00,14.1545,79.0,0.0,1002.9875,33.0,23.198906,247.31343,28.8,Aalborg,7,4,8,22.374931,21.891678,21.518719,20.038109,22.488505,22.106829833333332,12485.401579618478,328.36891497700003,1.0,1.0
2026-08-21 08:00:00+00:00,15.6545,69.0,0.0,1003.19385,53.0,24.312553,249.73422,33.48,Aalborg,8,4,8,23.198906,22.374931,21.891678,21.231438,23.295463333333334,22.470919166666665,14371.155752310353,380.60086093850003,1.0,0.0
2026-08-21 09:00:00+00:00,16.5545,68.0,0.0,1003.4975,62.0,27.7138,254.20401,37.44,Aalborg,9,4,8,24.312553,23.198906,22.374931,20.56871,25.075086333333335,23.501764499999997,21285.71463419207,458.7881021,0.0,0.0
2026-08-21 10:00:00+00:00,17.2545,64.0,0.0,1004.09985,57.0,27.351587,251.68117,41.039997,Aalborg,10,4,8,27.7138,24.312553,23.198906,20.851097,26.45931333333333,24.47390916666667,20461.976916775082,471.9379578915,0.0,0.0
2026-08-21 11:00:00+00:00,18.7045,66.0,0.0,1004.506,53.0,28.933115,249.03725,43.56,Aalborg,11,4,8,27.351587,27.7138,24.312553,21.237236,27.999500666666666,25.647482,24220.638049263624,541.1794495175,0.0,0.0
2026-08-21 12:00:00+00:00,19.3545,64.0,0.0,1004.20917,59.0,31.902079,251.06674,43.56,Aalborg,12,4,8,28.933115,27.351587,27.7138,19.097458,29.395593666666667,27.235339999999997,32468.106247217453,617.4487880055001,0.0,0.0
2026-08-21 13:00:00+00:00,19.6045,62.0,0.0,1004.0104,64.0,30.69491,257.7909,45.719997,Aalborg,13,4,8,31.902079,28.933115,27.351587,17.940655,30.51003466666667,28.484674000000002,28920.05356370414,601.758363095,0.0,0.0
2026-08-21 14:00:00+00:00,19.7545,60.0,0.0,1004.1112,30.0,32.536892,265.9805,46.44,Aalborg,14,4,8,30.69491,31.902079,28.933115,16.989862,31.711293666666666,29.855397166666666,34445.159274627986,642.750033014,0.0,0.0
2026-08-21 15:00:00+00:00,19.9545,60.0,0.0,1004.91077,38.0,32.34999,266.26868,45.0,Aalborg,15,4,8,32.536892,30.69491,31.902079,14.772632,31.860597333333335,30.6280955,33854.9714793347,645.527875455,0.0,0.0
2026-08-21 16:00:00+00:00,19.3545,63.0,0.0,1004.60864,38.0,30.176617,269.6669,42.12,Aalborg,16,4,8,32.34999,32.536892,30.69491,12.232001,31.687833,31.098933833333337,27479.678830135825,584.0533337265,0.0,0.0
2026-08-21 17:00:00+00:00,18.5045,66.0,0.0,1004.70483,57.0,28.592813,259.03485,41.399998,Aalborg,17,4,8,30.176617,32.34999,32.536892,10.707741,30.373140000000003,31.04221683333333,23376.02439589351,529.0957081585,0.0,0.0
2026-08-21 18:00:00+00:00,17.404501,71.0,0.0,1005.19916,73.0,29.740473,250.70985,40.32,Aalborg,18,4,8,28.592813,30.176617,32.34999,13.45542,29.503301000000004,30.68194916666667,26305.32150348561,517.618092068973,0.0,0.0
2026-08-21 19:00:00+00:00,16.4545,74.0,0.0,1005.5945,74.0,29.30677,253.30067,40.32,Aalborg,19,4,8,29.740473,28.592813,30.176617,16.784811,29.213352000000004,30.4505925,25171.1969609222,482.228246965,0.0,0.0
2026-08-21 20:00:00+00:00,15.8545,78.0,0.0,1005.6915,76.0,29.374437,246.0375,41.399998,Aalborg,20,4,8,29.30677,29.740473,28.592813,14.502418,29.473893333333336,29.923516666666668,25345.95471504209,465.7170114165,0.0,0.0
2026-08-21 21:00:00+00:00,15.554501,79.0,0.0,1005.9898,90.0,30.631674,260.10614,40.68,Aalborg,21,4,8,29.374437,29.30677,29.740473,13.176886,29.770960333333335,29.637130666666668,28741.682929337632,476.460403864674,0.0,0.0
2026-08-21 22:00:00+00:00,15.2045,80.0,0.0,1005.9883,65.0,31.124603,266.12155,42.48,Aalborg,22,4,8,30.631674,29.374437,29.30677,15.002124,30.37690466666667,29.795128333333334,30151.676292982305,473.2340263135,0.0,0.0
2026-08-21 23:00:00+00:00,14.5045,81.0,0.0,1005.68555,46.0,29.516596,266.93356,42.48,Aalborg,23,4,8,31.124603,30.631674,29.374437,17.750929,30.424291,29.94909216666667,25715.727386879607,428.123466682,0.0,0.0
2026-08-22 00:00:00+00:00,14.2545,82.0,0.0,1005.4845,31.0,29.384386,258.28757,38.88,Aalborg,0,5,8,29.516596,31.124603,30.631674,19.299469,30.008528333333334,29.889744333333336,25371.7171479684,418.859730237,0.0,0.0
2026-08-22 01:00:00+00:00,13.9045,84.0,0.0,1005.3831,14.0,28.706701,261.9195,33.12,Aalborg,1,5,8,29.384386,29.516596,31.124603,18.786276,29.202561000000003,29.789732833333332,23656.465506553723,399.1523240545,0.0,0.0
2026-08-22 02:00:00+00:00,13.7045,85.0,0.0,1005.2822,8.0,28.289248,262.8751,29.88,Aalborg,2,5,8,28.706701,29.384386,29.516596,22.128017,28.793445000000002,29.608868,22639.3633058243,387.689999216,0.0,0.0
2026-08-22 03:00:00+00:00,13.4045,87.0,0.0,1004.8816,7.0,27.369587,270.36725,25.919998,Aalborg,3,5,8,28.289248,28.706701,29.384386,21.528728,28.121845333333336,29.065186833333332,20502.401411166247,366.8756289415,0.0,1.0
2026-08-22 04:00:00+00:00,13.4045,89.0,0.0,1005.281,9.0,24.777172,273.24728,25.919998,Aalborg,4,5,8,27.369587,28.289248,28.706701,21.518719,26.812002333333336,28.007281666666668,15210.910359892177,332.125602074,1.0,1.0
2026-08-22 05:00:00+00:00,13.054501,89.0,0.0,1004.88,45.0,24.774067,285.61105,22.68,Aalborg,5,5,8,24.777172,27.369587,28.289248,21.891678,25.640275333333335,27.216860166666663,15205.192521123905,323.413082425567,1.0,0.0
2026-08-22 06:00:00+00:00,14.054501,79.0,0.0,1005.28375,19.0,26.21324,297.93704,23.4,Aalborg,6,5,8,24.774067,24.777172,27.369587,22.374931,25.254826333333337,26.68833583333333,18012.0071775123,368.41400779324,0.0,1.0
2026-08-22 07:00:00+00:00,15.9045,69.0,0.0,1005.5919,59.0,23.845335,304.50858,26.28,Aalborg,7,5,8,26.21324,24.774067,24.777172,23.198906,24.944214,25.878108166666667,13558.457511098175,379.2481305075,1.0,0.0
2026-08-22 08:00:00+00:00,17.3545,64.0,0.0,1005.6985,62.0,25.07109,309.0355,31.319998,Aalborg,8,5,8,23.845335,26.21324,24.774067,24.312553,25.043221666666668,25.341748499999998,15758.673143381298,435.0962314050001,0.0,0.0
2026-08-22 09:00:00+00:00,18.4545,62.0,0.0,1005.9029,66.0,26.562012,323.05432,35.64,Aalborg,9,5,8,25.07109,23.845335,26.21324,27.7138,25.159479000000005,25.207152666666662,18740.57473577386,490.18865045399997,0.0,1.0
2026-08-22 10:00:00+00:00,19.0045,55.0,0.0,1006.3049,70.0,23.68538,337.8045,36.0,Aalborg,10,5,8,26.562012,25.07109,23.845335,27.351587,25.106160666666668,25.025187333333335,13287.432470701895,450.12880421,1.0,1.0
2026-08-22 11:00:00+00:00,19.5545,50.0,0.0,1006.60706,38.0,24.859026,337.5978,37.44,Aalborg,11,5,8,23.68538,26.562012,25.07109,28.933115,25.035472666666667,25.03934716666667,15362.161473480131,486.105823917,1.0,1.0
2026-08-22 12:00:00+00:00,20.1045,48.0,0.0,1007.0088,33.0,23.84469,327.01147,38.16,Aalborg,12,5,8,24.859026,23.68538,26.562012,31.902079,24.12969866666667,24.644588833333334,13557.357299856234,479.38557010500006,1.0,1.0
2026-08-22 13:00:00+00:00,20.3045,47.0,0.0,1007.3093,14.0,23.981771,318.26212,38.519997,Aalborg,13,5,8,23.84469,24.859026,23.68538,30.69491,24.22849566666667,24.667328166666664,13792.524207286317,486.93786926949997,1.0,1.0
2026-08-22 14:00:00+00:00,20.154501,47.0,0.0,1007.4085,14.0,24.389027,307.6943,39.239998,Aalborg,14,5,8,23.981771,23.84469,24.859026,32.536892,24.071829333333337,24.553651,14507.194156611338,491.54866906052695,1.0,0.0
2026-08-22 15:00:00+00:00,20.3545,46.0,0.0,1007.80896,12.0,25.421608,296.2113,38.519997,Aalborg,15,5,8,24.389027,23.981771,23.84469,32.34999,24.597468666666668,24.363583666666667,16428.921440140493,517.4441200360001,0.0,0.0
2026-08-22 16:00:00+00:00,20.3545,52.0,0.0,1007.9089,12.0,26.366032,290.24377,38.519997,Aalborg,16,5,8,25.421608,24.389027,23.981771,30.176617,25.392222333333336,24.810359000000002,18328.812331908775,536.667398344,0.0,1.0
2026-08-22 17:00:00+00:00,19.5045,60.0,0.0,1008.2047,5.0,24.01704,281.8024,38.88,Aalborg,17,5,8,26.366032,25.421608,24.389027,28.592813,25.268226666666667,24.670028000000002,13853.466030982965,468.44035668000004,1.0,0.0
2026-08-22 18:00:00+00:00,18.654501,67.0,0.0,1008.5005,21.0,25.811514,272.33725,32.399998,Aalborg,18,5,8,24.01704,26.366032,25.421608,29.740473,25.398195333333337,24.997832,17196.514799494405,481.50091372451396,0.0,0.0
2026-08-22 19:00:00+00:00,17.3545,78.0,0.0,1008.79443,47.0,25.6152,269.60757,25.919998,Aalborg,19,5,8,25.811514,24.01704,26.366032,29.30677,25.147918000000004,25.270070166666667,16807.11816338381,444.53898840000005,0.0,0.0
2026-08-22 20:00:00+00:00,16.2045,84.0,0.0,1008.58936,21.0,26.526646,262.78107,25.56,Aalborg,20,5,8,25.6152,25.811514,24.01704,29.374437,25.984453333333335,25.62634,18665.81792515953,429.851035107,0.0,0.0
2026-08-22 21:00:00+00:00,15.554501,89.0,0.0,1008.9859,85.0,27.250116,266.3087,24.48,Aalborg,21,5,8,26.526646,25.6152,25.811514,30.631674,26.463987333333336,25.93109133333333,20235.086537850028,423.86195657211596,0.0,1.0
2026-08-22 22:00:00+00:00,15.4545,89.0,0.0,1009.2853,98.0,23.882095,282.30054,20.519999,Aalborg,22,5,8,27.250116,26.526646,25.6152,31.124603,25.88628566666667,25.51710183333334,13621.259435342945,369.08583717749997,1.0,1.0
2026-08-22 23:00:00+00:00,15.6545,84.0,0.0,1009.68536,99.0,17.621273,324.72748,17.28,Aalborg,23,5,8,23.882095,27.250116,26.526646,29.516596,22.917828,24.451140666666664,5471.568477206824,275.8522181785,1.0,1.0
2026-08-23 00:00:00+00:00,15.4545,79.0,0.0,1009.7846,94.0,20.604593,321.56873,15.84,Aalborg,0,6,8,17.621273,23.882095,27.250116,29.384386,20.702653666666667,23.5833205,8747.664560248002,318.4336825185,1.0,1.0
2026-08-23 01:00:00+00:00,15.2045,81.0,0.0,1010.1828,65.0,20.220839,321.34018,18.0,Aalborg,1,6,8,20.604593,17.621273,23.882095,28.706701,19.482235000000003,22.68426033333333,8267.943762123241,307.4477465755,1.0,1.0
2026-08-23 02:00:00+00:00,14.804501,80.0,0.0,1010.3806,73.0,24.305588,320.56512,17.28,Aalborg,2,6,8,20.220839,20.604593,17.621273,28.289248,21.710340000000002,22.314083999999998,14358.808250891227,359.832101851588,1.0,1.0
2026-08-23 03:00:00+00:00,14.2545,83.0,0.0,1010.3781,90.0,18.801834,319.9207,18.359999,Aalborg,3,6,8,24.305588,20.220839,20.604593,27.369587,21.109420333333336,20.906037,6646.616816590727,268.010742753,1.0,0.0
2026-08-23 04:00:00+00:00,13.8545,81.0,0.0,1010.6758,99.0,25.687199,316.3836,18.0,Aalborg,4,6,8,18.801834,24.305588,20.220839,24.777172,22.931540333333334,21.206887666666667,16949.240834470194,355.8832985455,0.0,1.0
2026-08-23 05:00:00+00:00,14.054501,79.0,0.0,1011.27594,86.0,24.282784,319.98248,18.72,Aalborg,5,6,8,25.687199,18.801834,24.305588,24.774067,22.923939,22.3171395,14318.43097425616,341.282412010784,1.0,1.0
2026-08-23 06:00:00+00:00,14.7045,81.0,0.0,1011.57886,71.0,18.960775,321.009,21.96,Aalborg,6,6,8,24.282784,25.687199,18.801834,26.21324,22.97691933333334,22.043169833333334,6816.6069648840175,278.8087159875,1.0,1.0
2026-08-23 07:00:00+00:00,15.9045,76.0,0.0,1011.9836,77.0,22.826406,315.0001,29.16,Aalborg,7,6,8,18.960775,24.282784,25.687199,23.845335,22.02332166666667,22.477431,11893.580397267873,363.042574227,1.0,1.0
2026-08-23 08:00:00+00:00,16.8545,76.0,0.3,1012.68713,88.0,22.094608,313.06943,33.48,Aalborg,8,6,8,22.826406,18.960775,24.282784,25.07109,21.29392966666667,22.108934333333334,10785.96240726716,372.393570536,1.0,1.0
2026-08-23 09:00:00+00:00,17.5045,78.0,0.0,1013.38916,81.0,22.440866,334.03598,29.519999,Aalborg,9,6,8,22.094608,22.826406,18.960775,26.562012,22.453960000000006,22.71543966666667,11301.051066740487,392.816138897,1.0,1.0
2026-08-23 10:00:00+00:00,18.5545,73.0,0.0,1013.79333,70.0,22.58034,341.42416,30.239998,Aalborg,10,6,8,22.440866,22.094608,22.826406,23.68538,22.371938,22.197629833333334,11513.077573358783,418.96691853,1.0,1.0
2026-08-23 11:00:00+00:00,19.4545,68.0,0.0,1013.99695,63.0,21.488657,346.3041,30.599998,Aalborg,11,6,8,22.58034,22.440866,22.094608,24.859026,22.169954333333337,21.731942000000004,9922.653392095928,418.0510776065,1.0,1.0
2026-08-23 12:00:00+00:00,20.6045,65.0,0.0,1014.1019,72.0,17.975792,335.18582,33.48,Aalborg,12,6,8,21.488657,22.58034,22.440866,23.84469,20.681596333333335,21.567778166666667,5808.5014552857065,370.382206264,1.0,1.0
2026-08-23 13:00:00+00:00,20.8545,64.0,0.0,1014.70245,70.0,20.949036,333.6496,36.0,Aalborg,13,6,8,17.975792,21.488657,22.58034,23.981771,20.137828333333335,21.25488316666667,9193.738127375356,436.881671262,1.0,1.0
2026-08-23 14:00:00+00:00,20.7045,62.0,0.0,1015.10126,81.0,23.137794,328.9618,36.0,Aalborg,14,6,8,20.949036,17.975792,21.488657,24.389027,20.687540666666667,21.4287475,12386.99181018445,479.056455873,1.0,1.0
2026-08-23 15:00:00+00:00,20.4545,59.0,0.0,1015.3996,62.0,22.638197,324.46225,35.64,Aalborg,15,6,8,23.137794,20.949036,17.975792,25.421608,22.24167566666667,21.461636,11601.80347582269,463.0530005365,1.0,1.0
2026-08-23 16:00:00+00:00,20.2545,60.0,0.0,1015.6986,53.0,20.983536,317.37186,33.839996,Aalborg,16,6,8,22.638197,23.137794,20.949036,26.366032,22.253175666666667,21.195502,9239.235200524863,425.011029912,1.0,1.0
2026-08-23 17:00:00+00:00,19.7545,62.0,0.0,1016.0958,69.0,21.619324,308.07895,32.039997,Aalborg,17,6,8,20.983536,22.638197,23.137794,24.01704,21.747019000000005,21.217279833333333,10104.767620955952,427.078935958,1.0,1.0
2026-08-23 18:00:00+00:00,18.3545,65.0,0.0,1016.38916,79.0,22.416164,300.57913,26.64,Aalborg,18,6,8,21.619324,20.983536,22.638197,25.811514,21.673008,21.957341833333334,11263.772907816256,411.437482138,1.0,1.0
2026-08-23 19:00:00+00:00,17.3545,71.0,0.0,1016.5844,70.0,22.694551,294.18735,24.84,Aalborg,19,6,8,22.416164,21.619324,20.983536,25.6152,22.243346333333335,22.248261,11688.66157620624,393.8525853295001,1.0,1.0
2026-08-23 20:00:00+00:00,16.2545,84.0,0.0,1016.87897,70.0,22.00387,285.25516,16.199999,Aalborg,20,6,8,22.694551,22.416164,21.619324,26.526646,22.371528333333334,22.05927366666667,10653.62022853336,357.661904915,1.0,1.0
2026-08-23 21:00:00+00:00,15.4545,90.0,0.0,1017.0752,19.0,20.827467,276.2868,17.64,Aalborg,21,6,8,22.00387,22.694551,22.416164,27.250116,21.84196266666667,21.757485333333335,9034.609066174047,321.87808875149994,1.0,1.0
2026-08-23 22:00:00+00:00,14.9045,92.0,0.0,1017.37225,37.0,19.669127,272.5561,15.4800005,Aalborg,22,6,8,20.827467,22.00387,22.694551,23.882095,20.833488,21.538417166666665,7609.484793563466,293.1585033715,1.0,1.0
2026-08-23 23:00:00+00:00,14.4045,93.0,0.0,1017.3697,46.0,18.947786,270.0,15.84,Aalborg,23,6,8,19.669127,20.827467,22.00387,17.621273,19.814793333333334,21.093160833333332,6802.6074948512505,272.93338343700003,1.0,1.0
2026-08-24 00:00:00+00:00,13.7545,94.0,0.0,1017.5665,34.0,16.93179,259.85452,17.64,Aalborg,0,0,8,18.947786,19.669127,20.827467,20.604593,18.516234333333337,20.1790985,4854.098895454974,232.888305555,1.0,1.0
2026-08-24 01:00:00+00:00,13.304501,95.0,0.0,1017.5642,6.0,16.5177,257.73523,17.28,Aalborg,1,0,8,16.93179,18.947786,19.669127,20.220839,17.46575866666667,19.149623333333334,4506.596988400234,219.75975616770003,1.0,1.0
2026-08-24 02:00:00+00:00,13.054501,96.0,0.0,1017.9628,11.0,15.872453,256.57816,15.119999,Aalborg,2,0,8,16.5177,16.93179,18.947786,24.305588,16.440647666666667,18.1277205,3998.822704421181,207.206953560953,1.0,1.0
2026-08-24 03:00:00+00:00,12.7045,97.0,0.0,1018.26074,30.0,15.701854,256.42953,11.5199995,Aalborg,3,0,8,15.872453,16.5177,16.93179,18.801834,16.030669000000003,17.27345166666667,3871.264139283957,199.484204143,1.0,1.0
2026-08-24 04:00:00+00:00,11.9545,99.0,0.0,1018.6567,76.0,14.862989,262.53952,12.959999,Aalborg,4,0,8,15.701854,15.872453,16.5177,25.687199,15.47909866666667,16.47242866666667,3283.359743663019,177.6796020005,1.0,1.0
2026-08-24 05:00:00+00:00,12.1045,98.0,0.0,1019.05695,31.0,13.168707,267.70944,13.679999,Aalborg,5,0,8,14.862989,15.701854,15.872453,24.282784,14.577850000000003,15.509248833333332,2283.649270769492,159.4006138815,1.0,0.37584383462223203
2026-08-24 06:00:00+00:00,12.6545,98.0,0.0,1019.4589,35.0,9.4949875,253.9091,11.879999,Aalborg,6,0,8,13.168707,14.862989,15.701854,18.960775,12.508894500000002,14.26978175,856.0185815660134,120.15431931875001,0.37584383462223203,0.11403740001377478
2026-08-24 07:00:00+00:00,14.2045,97.0,0.0,1019.8657,38.0,7.364404,257.61926,11.5199995,Aalborg,7,0,8,9.4949875,13.168707,14.862989,22.826406,10.00936616666667,12.744232416666668,399.40437308698586,104.607676618,0.11403740001377478,0.03473802155912515
2026-08-24 08:00:00+00:00,15.7045,93.0,0.0,1020.1721,40.0,5.936596,251.0295,11.879999,Aalborg,8,0,8,7.364404,9.4949875,13.168707,22.094608,7.598662500000003,11.08825625,209.2244743215462,93.23127188199999,0.03473802155912515,0.03141785769571133
2026-08-24 09:00:00+00:00,17.5545,77.0,0.0,1019.98096,43.0,5.839889,237.26477,10.440001,Aalborg,9,0,8,5.936596,7.364404,9.4949875,22.440866,6.3802963333333365,9.444595416666667,199.16534705106258,102.5163314505,0.03141785769571133,0.01297755469763513
2026-08-24 10:00:00+00:00,19.654501,59.0,0.0,1019.9902,24.0,5.1149826,239.0363,12.24,Aalborg,10,0,8,5.839889,5.936596,7.364404,22.58034,5.630489200000002,7.819927683333334,133.82353015930087,100.5324306266826,0.01297755469763513,0.0009462720243957756
2026-08-24 11:00:00+00:00,21.2045,49.0,0.0,1019.99725,25.0,3.883584,251.56496,16.199999,Aalborg,11,0,8,5.1149826,5.839889,5.936596,21.488657,4.946151866666669,6.272407183333333,58.57308647128852,82.349456928,0.0009462720243957756,0.0
2026-08-24 12:00:00+00:00,22.1045,46.0,0.0,1020.1009,14.0,1.5092131,234.46223,20.519999,Aalborg,12,0,8,3.883584,5.1149826,5.839889,17.975792,3.502593233333336,4.941444783333334,3.4375711724713356,33.36040096895,0.0,0.0
2026-08-24 13:00:00+00:00,22.5545,42.0,0.0,1020.10284,16.0,0.74433935,315.0001,20.16,Aalborg,13,0,8,1.5092131,3.883584,5.1149826,20.949036,2.045712150000002,3.8381006749999997,0.41239456839747796,16.788201869575,0.0,0.0
2026-08-24 14:00:00+00:00,23.8545,40.0,0.0,1019.90894,18.0,2.6316369,323.13004,19.08,Aalborg,14,0,8,0.74433935,1.5092131,3.883584,23.137794,1.6283964500000023,3.2872741583333336,18.225434966010283,62.77638243105001,0.0,0.052017553930419874
2026-08-24 15:00:00+00:00,24.0545,47.0,0.0,1020.00964,14.0,6.359638,335.55606,23.4,Aalborg,15,0,8,2.6316369,0.74433935,1.5092131,22.638197,3.2452047500000027,3.373898991666666,257.21553023467214,152.977912271,0.052017553930419874,0.24884368244521674
2026-08-24 16:00:00+00:00,24.0045,42.0,0.0,1019.90955,42.0,8.66089,6.980963,24.48,Aalborg,16,0,8,6.359638,2.6316369,0.74433935,20.983536,5.884054966666668,3.9648835583333337,649.662154831463,207.90033400500002,0.24884368244521674,1.0
2026-08-24 17:00:00+00:00,22.404501,46.0,0.0,1019.6029,59.0,13.418768,64.440094,23.039999,Aalborg,17,0,8,8.66089,6.359638,2.6316369,21.619324,9.479765333333335,5.5540808916666675,2416.228112811324,300.640801074768,1.0,1.0
2026-08-24 18:00:00+00:00,21.0545,48.0,0.0,1019.49725,51.0,20.720787,111.35105,20.880001,Aalborg,18,0,8,13.418768,8.66089,6.359638,22.416164,14.266815000000003,8.756009875000002,8896.490907242865,436.26580989150006,1.0,1.0
2026-08-24 19:00:00+00:00,19.5045,58.0,0.0,1019.59015,73.0,16.564222,118.465065,18.72,Aalborg,19,0,8,20.720787,13.418768,8.66089,22.694551,16.901259000000007,11.392656983333334,4544.782744412968,323.076867999,1.0,1.0
2026-08-24 20:00:00+00:00,18.1045,67.0,0.0,1019.68353,4.0,14.557497,102.5288,13.32,Aalborg,20,0,8,16.564222,20.720787,13.418768,22.00387,17.28083533333334,13.380300333333336,3085.0352296975116,263.5562044365,1.0,1.0
2026-08-24 21:00:00+00:00,17.1045,75.0,0.0,1019.6791,0.0,14.107581,100.750916,10.08,Aalborg,21,0,8,14.557497,16.564222,20.720787,20.827467,15.076433333333336,14.671624166666668,2807.744967312722,241.30311921450001,1.0,0.917123143154707
2026-08-24 22:00:00+00:00,16.2545,81.0,0.0,1019.9749,0.0,11.744166,103.828674,7.92,Aalborg,22,0,8,14.107581,14.557497,16.564222,19.669127,13.469748000000003,15.185503500000001,1619.8192046797856,190.895546247,0.917123143154707,0.2065552637473645
2026-08-24 23:00:00+00:00,15.7045,82.0,0.0,1020.1721,1.0,8.320118,132.43619,6.4799995,Aalborg,23,0,8,11.744166,14.107581,14.557497,18.947786,11.39062166666667,14.3357285,575.9548730771448,130.66329313100002,0.2065552637473645,0.028431969765064437
2026-08-25 00:00:00+00:00,15.1045,82.0,0.0,1020.469,0.0,5.7469125,148.73633,3.96,Aalborg,0,1,8,8.320118,11.744166,14.107581,16.93179,8.603732166666669,11.840082750000002,189.8032980026382,86.80423985624999,0.028431969765064437,0.02123392580031798
2026-08-25 01:00:00+00:00,14.6045,81.0,0.0,1020.5664,1.0,5.4922175,63.435013,3.6,Aalborg,1,1,8,5.7469125,8.320118,11.744166,16.5177,6.519749333333336,9.994748666666668,165.66973701418803,80.21109047875,0.02123392580031798,0.051905195229573174
2026-08-25 02:00:00+00:00,14.2045,76.0,0.0,1020.4649,2.0,6.3572173,39.400646,5.7599998,Aalborg,2,1,8,5.4922175,5.7469125,8.320118,15.872453,5.865449100000002,8.628035383333334,256.92192641713245,90.30109313785,0.051905195229573174,0.7550555149028703
2026-08-25 03:00:00+00:00,13.804501,80.0,0.0,1019.9636,0.0,11.1953745,32.195713,7.92,Aalborg,3,1,8,6.3572173,5.4922175,5.7469125,15.701854,7.681603100000001,8.142667633333334,1403.1880506214445,154.5465584806245,0.7550555149028703,1.0
2026-08-25 04:00:00+00:00,13.3545,76.0,0.0,1020.06134,0.0,13.78089,31.464104,8.64,Aalborg,4,1,8,11.1953745,6.3572173,5.4922175,14.862989,10.444493933333336,8.482121633333334,2617.1691867741188,184.036895505,1.0,1.0
2026-08-25 05:00:00+00:00,13.1045,69.0,0.0,1020.3597,8.0,15.927625,40.532764,8.64,Aalborg,5,1,8,13.78089,11.1953745,6.3572173,13.168707,13.634629833333335,9.750039466666667,4040.667051639573,208.7235618125,1.0,1.0
2026-08-25 06:00:00+00:00,13.7045,65.0,0.0,1020.2626,4.0,14.209758,57.094753,6.12,Aalborg,6,1,8,15.927625,13.78089,11.1953745,9.4949875,14.639424333333336,11.160513716666665,2869.19486659997,194.737628511,1.0,1.0
2026-08-25 07:00:00+00:00,16.404501,61.0,0.0,1020.2751,8.0,12.035403,59.322803,12.24,Aalborg,7,1,8,14.209758,15.927625,13.78089,7.364404,14.057595333333337,12.251044633333334,1743.3392617798677,197.434780548903,1.0,0.09866990792327353
2026-08-25 08:00:00+00:00,17.4545,62.0,0.0,1020.5795,11.0,7.158826,53.972538,19.08,Aalborg,8,1,8,12.035403,14.209758,15.927625,5.936596,11.134662333333337,12.384646083333335,366.88116816055043,124.95372841700001,0.09866990792327353,0.23519068488907138
2026-08-25 09:00:00+00:00,19.5045,51.0,0.0,1020.48895,2.0,8.555407,61.858498,22.319998,Aalborg,9,1,8,7.158826,12.035403,14.209758,5.839889,9.24987866666667,11.9446515,626.2129207049742,166.8689358315,0.23519068488907138,0.9857835727778708
2026-08-25 10:00:00+00:00,21.3545,44.0,0.0,1020.5971,4.0,11.957147,75.55593,27.0,Aalborg,10,1,8,8.555407,7.158826,12.035403,5.1149826,9.223793333333337,11.640694333333334,1709.553534971549,255.33889561150005,0.9857835727778708,1.0
2026-08-25 11:00:00+00:00,21.8545,42.0,0.0,1020.79913,7.0,13.739509,84.8719,28.44,Aalborg,11,1,8,11.957147,8.555407,7.158826,3.883584,11.417354333333336,11.276008333333335,2593.6635498024402,300.2700994405,1.0,1.0
2026-08-25 12:00:00+00:00,22.3545,38.0,0.0,1020.5017,8.0,15.439935,90.65105,30.960001,Aalborg,12,1,8,13.739509,11.957147,8.555407,1.5092131,13.712197000000003,11.481037833333334,3680.750697443702,345.1520269575,1.0,1.0
2026-08-25 13:00:00+00:00,22.7545,37.0,0.0,1020.40344,10.0,14.215172,91.41439,32.039997,Aalborg,13,1,8,15.439935,13.739509,11.957147,0.74433935,14.464872000000005,11.844332666666668,2872.475655808715,323.459131274,1.0,0.9785705887120526
2026-08-25 14:00:00+00:00,23.2545,38.0,0.0,1020.40576,0.0,11.935247,91.68465,31.319998,Aalborg,14,1,8,14.215172,15.439935,13.739509,2.6316369,13.863451333333337,12.640402833333335,1700.1773787301674,277.5482013615,0.9785705887120526,0.7888033649085303
2026-08-25 15:00:00+00:00,23.7545,38.0,0.0,1020.2082,0.0,11.315699,82.875084,27.0,Aalborg,15,1,8,11.935247,14.215172,15.439935,6.359638,12.488706000000002,13.1004515,1448.9191747457276,268.7987718955,0.7888033649085303,1.0
2026-08-25 16:00:00+00:00,23.3545,42.0,0.0,1019.9066,0.0,13.208382,73.009094,27.0,Aalborg,16,1,8,11.315699,11.935247,14.215172,8.66089,12.153109333333338,13.308990666666666,2304.3522218426924,308.475157419,1.0,1.0
2026-08-25 17:00:00+00:00,22.7545,44.0,0.0,1019.90405,5.0,14.203256,72.01258,24.84,Aalborg,17,1,8,13.208382,11.315699,11.935247,13.418768,12.909112333333335,13.386281833333333,2865.258071179952,323.187988652,1.0,1.0
2026-08-25 18:00:00+00:00,21.5545,45.0,0.0,1020.09875,33.0,15.45488,87.3975,22.319998,Aalborg,18,1,8,14.203256,13.208382,11.315699,20.720787,14.288839333333335,13.388772666666668,3691.449333513654,333.12221096,1.0,1.0
2026-08-25 19:00:00+00:00,20.4545,54.0,0.0,1020.4931,33.0,14.949716,85.96237,16.199999,Aalborg,19,1,8,15.45488,14.203256,13.208382,16.564222,14.869284000000002,13.511196666666669,3341.171954487399,305.788965922,1.0,1.0
2026-08-25 20:00:00+00:00,19.2045,65.0,0.0,1020.98694,3.0,14.171799,58.671368,14.4,Aalborg,20,1,8,14.949716,15.45488,14.203256,14.557497,14.858798333333338,13.883955333333333,2846.262508278529,272.1623138955,1.0,1.0
2026-08-25 21:00:00+00:00,18.154501,74.0,0.0,1021.08215,0.0,14.081375,59.281166,5.04,Aalborg,21,1,8,14.171799,14.949716,15.45488,14.107581,14.400963333333337,14.344901333333333,2792.1271582625996,255.640336518875,1.0,0.7657257548039909
2026-08-25 22:00:00+00:00,17.2545,79.0,0.0,1021.0779,0.0,11.233799,91.78987,5.3999996,Aalborg,22,1,8,14.081375,14.171799,14.949716,11.744166,13.162324333333336,14.015804166666667,1417.685662003718,193.83358484549998,0.7657257548039909,0.48052828222347543
2026-08-25 23:00:00+00:00,16.0545,83.0,0.0,1021.5719,0.0,10.049346,134.29277,7.5599995,Aalborg,23,1,8,11.233799,14.081375,14.171799,8.320118,11.788173333333335,13.323485833333335,1014.8769709903577,161.337225357,0.48052828222347543,1.0
2026-08-26 00:00:00+00:00,15.2045,84.0,0.0,1021.66785,0.0,12.099172,150.46132,5.3999996,Aalborg,0,2,8,10.049346,11.233799,14.081375,5.7469125,11.127439000000003,12.764201166666666,1771.1973424461312,183.96186067399998,1.0,1.0
2026-08-26 01:00:00+00:00,14.6545,85.0,0.0,1021.9649,1.0,14.679619,155.2727,5.04,Aalborg,1,2,8,12.099172,10.049346,11.233799,5.4922175,12.27604566666667,12.719185000000001,3163.3289191496356,215.12247663550002,1.0,1.0
2026-08-26 02:00:00+00:00,14.1545,88.0,0.0,1022.26227,1.0,17.110813,151.85849,12.24,Aalborg,2,2,8,14.679619,12.099172,10.049346,6.3572173,14.629868000000002,13.209020666666666,5009.702487299976,242.1950026085,1.0,1.0
2026-08-26 03:00:00+00:00,14.0045,89.0,0.0,1022.1617,1.0,16.410202,151.24298,11.159999,Aalborg,3,2,8,17.110813,14.679619,12.099172,11.1953745,16.066878000000003,13.5971585,4419.18091159739,229.81667390900003,1.0,1.0
2026-08-26 04:00:00+00:00,13.9045,91.0,0.0,1022.1611,4.0,13.274631,150.72484,7.92,Aalborg,4,2,8,16.410202,17.110813,14.679619,13.78089,15.598548666666668,13.937297166666667,2339.200095530686,184.5771067395,1.0,0.7463379020593919
2026-08-26 05:00:00+00:00,13.554501,93.0,0.0,1022.559,11.0,11.163712,149.80847,6.4799995,Aalborg,5,2,8,13.274631,16.410202,17.110813,15.927625,13.61618166666667,14.123024833333332,1391.3162971717927,151.318545467712,0.7463379020593919,0.5087501536605993
2026-08-26 06:00:00+00:00,14.304501,89.0,0.0,1022.76227,11.0,10.184734,137.79277,6.12,Aalborg,6,2,8,11.163712,13.274631,16.410202,14.209758,11.54102566666667,13.803951833333334,1056.450303875381,145.68753768773402,0.5087501536605993,0.5811265214522107
2026-08-26 07:00:00+00:00,17.2545,81.0,0.0,1023.27496,22.0,10.510452,123.424835,14.04,Aalborg,7,2,8,10.184734,11.163712,13.274631,12.035403,10.61963266666667,13.109090666666667,1161.0854413373977,181.35259403400002,0.5811265214522107,0.12067804099088883
2026-08-26 08:00:00+00:00,18.404501,61.0,0.0,1023.68,19.0,7.447527,105.01841,19.08,Aalborg,8,2,8,10.510452,10.184734,11.163712,7.158826,9.380904333333335,11.498543,413.08198862391896,137.068018119027,0.12067804099088883,0.5568757116648294
2026-08-26 09:00:00+00:00,20.8045,55.0,0.0,1023.89026,29.0,10.404492,95.80663,21.24,Aalborg,9,2,8,7.447527,10.510452,10.184734,8.555407,9.454157000000004,10.497591333333334,1126.3221938062366,216.460253814,0.5568757116648294,1.0
2026-08-26 10:00:00+00:00,22.654501,51.0,0.0,1023.89856,8.0,13.646221,98.13002,28.8,Aalborg,10,2,8,10.404492,7.447527,10.510452,11.957147,10.499413333333335,10.559523,2541.190371563972,309.148327290721,1.0,1.0
2026-08-26 11:00:00+00:00,23.4545,53.0,0.0,1023.9021,15.0,15.573916,104.349365,32.039997,Aalborg,11,2,8,13.646221,10.404492,7.447527,13.739509,13.20820966666667,11.294557,3777.4044170857183,365.278412822,1.0,1.0
2026-08-26 12:00:00+00:00,23.5045,55.0,0.0,1023.9021,17.0,18.863123,108.43504,33.48,Aalborg,12,2,8,15.573916,13.646221,10.404492,15.439935,16.027753333333337,12.740955166666668,6711.827557414899,443.36827455350004,1.0,1.0
2026-08-26 13:00:00+00:00,23.2045,59.0,0.0,1023.7012,12.0,19.712893,110.85454,34.56,Aalborg,13,2,8,18.863123,15.573916,13.646221,14.215172,18.049977333333338,14.274695333333334,7660.393759413633,457.42782561850004,1.0,1.0
2026-08-26 14:00:00+00:00,23.3045,61.0,0.0,1023.6019,11.0,21.361515,109.17911,34.2,Aalborg,14,2,8,19.712893,18.863123,15.573916,11.935247,19.979177000000004,16.593693333333334,9747.565257513495,497.8194263175,1.0,1.0
2026-08-26 15:00:00+00:00,23.154501,61.0,0.0,1023.20184,6.0,20.52752,108.43504,33.12,Aalborg,15,2,8,21.361515,19.712893,18.863123,11.315699,20.533976000000003,18.28086466666667,8649.867437891882,475.30448236752,1.0,1.0
2026-08-26 16:00:00+00:00,22.7545,58.0,0.0,1022.9002,5.0,16.878986,110.69553,30.599998,Aalborg,16,2,8,20.52752,21.361515,19.712893,13.208382,19.589340333333336,18.819658833333335,4808.825953622004,384.072886937,1.0,1.0
2026-08-26 17:00:00+00:00,22.1045,54.0,0.0,1022.99725,17.0,16.923605,107.49585,25.919998,Aalborg,17,2,8,16.878986,20.52752,21.361515,14.203256,18.110037000000002,19.044607,4847.0627351410785,374.0878267225,1.0,1.0
2026-08-26 18:00:00+00:00,20.6045,66.0,0.0,1022.7907,61.0,19.930294,106.36115,21.24,Aalborg,18,2,8,16.923605,16.878986,20.52752,15.45488,17.91096166666667,19.222468833333334,7916.643996889834,410.65374272300005,1.0,1.0
2026-08-26 19:00:00+00:00,19.0045,80.0,0.0,1023.0833,71.0,21.161736,101.962036,21.24,Aalborg,19,2,8,19.930294,16.923605,16.878986,14.949716,19.338545000000003,19.463942666666668,9476.628946399456,402.16821181200004,1.0,1.0
2026-08-26 20:00:00+00:00,18.2545,88.0,0.0,1023.37933,38.0,21.659153,103.58601,19.44,Aalborg,20,2,8,21.161736,19.930294,16.923605,14.171799,20.917061000000004,19.513549,10160.718218237029,395.3770084385,1.0,1.0
2026-08-26 21:00:00+00:00,17.654501,90.0,0.0,1023.47675,60.0,21.030422,109.49316,17.28,Aalborg,21,2,8,21.659153,21.161736,19.930294,14.081375,21.283770333333337,19.597365999999997,9301.306640534796,371.28160622942204,1.0,1.0
2026-08-26 22:00:00+00:00,17.154501,92.0,0.0,1023.47455,53.0,21.126799,114.0108,16.199999,Aalborg,22,2,8,21.030422,21.659153,21.161736,11.233799,21.27212466666667,20.305334833333333,9429.770028815858,362.41969457229897,1.0,1.0
2026-08-26 23:00:00+00:00,16.7545,93.0,0.0,1023.77216,9.0,21.26403,115.930756,13.679999,Aalborg,23,2,8,21.126799,21.030422,21.659153,10.049346,21.140417000000003,21.028739,9614.721941994056,356.26819063500005,1.0,1.0
2026-08-27 00:00:00+00:00,16.4545,93.0,0.0,1023.5711,47.0,20.865118,109.653915,14.4,Aalborg,0,3,8,21.26403,21.126799,21.030422,12.099172,21.08531566666667,21.184543,9083.694828768223,343.325084131,1.0,1.0
2026-08-27 01:00:00+00:00,16.4545,94.0,0.0,1023.47125,45.0,21.05602,113.57472,12.959999,Aalborg,1,3,8,20.865118,21.26403,21.126799,14.679619,21.061722666666668,21.166923666666666,9335.312344949427,346.46628109,1.0,1.0
2026-08-27 02:00:00+00:00,16.0545,94.0,0.0,1023.36945,56.0,20.806767,114.40396,11.159999,Aalborg,2,3,8,21.05602,20.865118,21.26403,17.110813,20.909301666666668,21.024859333333332,9007.697882388711,334.04224080150004,1.0,1.0
2026-08-27 03:00:00+00:00,15.7045,93.0,0.0,1022.7687,90.0,21.419792,116.77486,8.28,Aalborg,3,3,8,20.806767,21.05602,20.865118,16.410202,21.094193000000004,21.08975433333333,9827.560989346537,336.387123464,1.0,1.0
2026-08-27 04:00:00+00:00,15.554501,93.0,0.0,1022.6681,67.0,22.601456,117.75845,9.72,Aalborg,4,3,8,21.419792,20.806767,21.05602,13.274631,21.609338333333337,21.3355305,11545.407143414746,351.554369953456,1.0,1.0
2026-08-27 05:00:00+00:00,15.554501,84.0,0.0,1022.6681,36.0,24.00935,116.939445,17.64,Aalborg,5,3,8,22.601456,21.419792,20.806767,11.163712,22.676866000000004,21.79308383333333,13840.163095237403,373.45345858435,1.0,1.0
2026-08-27 06:00:00+00:00,16.1045,82.0,0.0,1022.2712,46.0,24.829292,119.644356,21.599998,Aalborg,6,3,8,24.00935,22.601456,21.419792,10.184734,23.813366000000002,22.4537795,15307.103116955199,399.86333301400003,1.0,1.0
2026-08-27 07:00:00+00:00,17.4545,71.0,0.0,1022.477,57.0,24.624521,122.78428,33.839996,Aalborg,7,3,8,24.829292,24.00935,22.601456,10.510452,24.487721000000004,23.048529666666667,14931.497774246722,429.8087017945,1.0,0.0
2026-08-27 08:00:00+00:00,18.3045,66.0,0.0,1022.4809,49.0,27.412289,121.6555,37.44,Aalborg,8,3,8,24.624521,24.829292,24.00935,7.447527,25.622034000000003,24.14945,20598.514684580507,501.76824400050003,0.0,0.0
2026-08-27 09:00:00+00:00,19.404501,65.0,0.0,1022.08655,66.0,29.275768,121.022575,40.32,Aalborg,9,3,8,27.412289,24.624521,24.829292,10.404492,27.104192666666666,25.458779333333336,25091.399810716743,568.081669431768,0.0,0.0
2026-08-27 10:00:00+00:00,20.154501,63.0,0.0,1021.69025,71.0,30.689896,120.96369,40.68,Aalborg,10,3,8,29.275768,27.412289,24.624521,13.646221,29.125984333333335,26.806852666666668,28905.88364465263,618.539539621896,0.0,0.0
2026-08-27 11:00:00+00:00,20.8045,61.0,0.0,1021.29364,40.0,29.312021,119.78732,40.32,Aalborg,11,3,8,30.689896,29.275768,27.412289,15.573916,29.759228333333336,27.690631166666666,25184.729428547456,609.8219408945,0.0,0.0
2026-08-27 12:00:00+00:00,21.0545,62.0,0.0,1020.8955,45.0,32.096382,117.68552,43.56,Aalborg,12,3,8,29.312021,30.689896,29.275768,18.863123,30.699433000000003,28.901812833333334,33064.97819037232,675.773274819,0.0,0.0
2026-08-27 13:00:00+00:00,20.904501,63.0,0.0,1020.49524,64.0,32.46823,120.16721,43.56,Aalborg,13,3,8,32.096382,29.312021,30.689896,19.712893,31.292210999999998,30.20909766666667,34227.55219039124,678.73214650323,0.0,0.0
2026-08-27 14:00:00+00:00,21.0545,63.0,0.0,1019.99664,62.0,32.136154,121.60746,42.839996,Aalborg,14,3,8,32.46823,32.096382,29.312021,21.361515,32.23358866666667,30.9964085,33188.04725153556,676.610654393,0.0,0.0
2026-08-27 15:00:00+00:00,21.3045,61.0,0.0,1019.0987,24.0,31.953655,121.07159,43.56,Aalborg,15,3,8,32.136154,32.46823,32.096382,20.52752,32.186013,31.442723,32625.834254923877,680.7566429475,0.0,0.0
2026-08-27 16:00:00+00:00,21.0545,59.0,0.0,1018.49854,37.0,34.06702,118.28068,42.839996,Aalborg,16,3,8,31.953655,32.136154,32.46823,16.878986,32.718943,32.005576999999995,39536.88381243322,717.2640725900001,0.0,0.0
2026-08-27 17:00:00+00:00,20.5545,59.0,0.0,1017.9969,44.0,33.703682,113.62939,42.839996,Aalborg,17,3,8,34.06702,31.953655,32.136154,16.923605,33.241452333333335,32.737520499999995,38285.29920241515,692.762331669,0.0,0.0
2026-08-27 18:00:00+00:00,19.7545,63.0,0.0,1017.59393,69.0,37.03457,117.05052,41.039997,Aalborg,18,3,8,33.703682,34.06702,31.953655,19.930294,34.935090666666675,33.560551833333335,50795.111685738,731.599413065,0.0,0.0
2026-08-27 19:00:00+00:00,19.0545,68.0,0.0,1017.2911,100.0,37.679306,114.775116,40.68,Aalborg,19,3,8,37.03457,33.703682,34.06702,21.161736,36.139186,34.4290645,53494.44489948699,717.9603361769999,0.0,0.0
2026-08-27 20:00:00+00:00,18.7545,67.0,0.0,1017.0901,100.0,37.03457,117.05052,45.36,Aalborg,20,3,8,37.679306,37.03457,33.703682,21.659153,37.24948200000001,35.245467166666664,50795.111685738,694.564843065,0.0,0.0
2026-08-27 21:00:00+00:00,18.5545,70.0,0.0,1016.9892,100.0,35.389835,117.454185,47.519997,Aalborg,21,3,8,37.03457,37.679306,37.03457,21.030422,36.701237,35.81816383333333,44323.65985810097,656.6406935075,0.0,0.0
2026-08-27 22:00:00+00:00,18.2545,74.0,0.0,1016.4883,85.0,34.05618,115.64096,47.519997,Aalborg,22,3,8,35.389835,37.03457,37.679306,21.126799,35.49352833333334,35.81635716666667,39499.15434893968,621.67853781,0.0,0.0
2026-08-27 23:00:00+00:00,17.9545,77.0,0.0,1015.8879,100.0,34.440838,112.77706,46.8,Aalborg,23,3,8,34.05618,35.389835,37.03457,21.26403,34.628951,35.93921649999999,40852.73434614683,618.368025871,0.0,0.0
2026-08-28 00:00:00+00:00,17.5045,80.0,0.0,1015.087,98.0,35.397663,107.896225,45.0,Aalborg,0,4,8,34.440838,34.05618,35.389835,20.865118,34.63156033333333,35.66639866666667,44353.078675245866,619.6183919835,0.0,0.0
2026-08-28 01:00:00+00:00,17.3545,82.0,0.0,1014.4871,100.0,35.42113,110.58934,43.92,Aalborg,1,4,8,35.397663,34.440838,34.05618,21.05602,35.08654366666667,35.290036,44441.34923768083,614.7160005850001,0.0,0.0
2026-08-28 02:00:00+00:00,17.3045,82.0,0.0,1013.6878,100.0,35.356335,106.72656,41.760002,Aalborg,2,4,8,35.42113,35.397663,34.440838,20.806767,35.391709333333345,35.01033016666667,44197.908706889204,611.8236990075001,0.0,0.0
2026-08-28 03:00:00+00:00,17.3545,85.0,0.0,1012.4897,100.0,35.07445,109.885254,42.48,Aalborg,3,4,8,35.356335,35.42113,35.397663,21.419792,35.28397166666667,34.957766,43149.186156924145,608.6995425250001,0.0,0.0
2026-08-28 04:00:00+00:00,17.404501,84.0,0.0,1010.99164,100.0,37.572964,113.09323,43.56,Aalborg,4,4,8,35.07445,35.356335,35.42113,22.601456,36.001249666666666,35.54389666666666,53042.791184787544,653.938689510964,0.0,0.0
2026-08-28 05:00:00+00:00,17.6045,80.0,0.0,1010.3934,59.0,39.859043,116.11385,47.88,Aalborg,5,4,8,37.572964,35.07445,35.356335,24.00935,37.502152333333335,36.44693083333333,63325.78786444475,701.6985224935,0.0,0.0
2026-08-28 06:00:00+00:00,18.0545,78.0,0.0,1009.29694,100.0,43.781948,116.154274,52.199997,Aalborg,6,4,8,39.859043,37.572964,35.07445,24.829292,40.40465166666667,37.84431166666667,83923.81977741342,790.4611801660001,0.0,0.0
2026-08-28 07:00:00+00:00,18.1045,76.0,0.0,1008.7976,97.0,44.963272,115.665146,54.0,Aalborg,7,4,8,43.781948,39.859043,37.572964,24.624521,42.86808766666667,39.43466866666667,90902.05945816377,814.0375579240001,0.0,0.0
2026-08-28 08:00:00+00:00,18.2545,76.0,0.0,1007.9992,98.0,41.702194,112.24908,55.8,Aalborg,8,4,8,44.963272,43.781948,39.859043,27.412289,43.48247133333334,40.49231183333333,72523.15897617642,761.252700373,0.0,0.0
2026-08-28 09:00:00+00:00,18.0045,75.0,0.1,1007.1993,100.0,43.335712,118.536316,56.88,Aalborg,9,4,8,41.702194,44.963272,43.781948,29.275768,43.33372600000001,41.86918883333333,81383.77092815322,780.237826704,0.0,0.0
2026-08-28 10:00:00+00:00,17.8545,85.0,0.6,1006.5995,96.0,47.48563,128.09784,57.6,Aalborg,10,4,8,43.335712,41.702194,44.963272,30.689896,44.174512,43.52129983333333,107074.63748534089,847.832180835,0.0,0.0
2026-08-28 11:00:00+00:00,17.3545,89.0,1.0,1006.1978,100.0,44.557205,136.755,56.16,Aalborg,11,4,8,47.48563,43.335712,41.702194,29.312021,45.12618233333334,44.304326833333334,88461.40265795369,773.2680141725001,0.0,0.0
2026-08-28 12:00:00+00:00,17.2545,92.0,2.1,1005.7976,100.0,37.651928,143.71736,46.8,Aalborg,12,4,8,44.557205,47.48563,43.335712,32.096382,43.23158766666668,43.282656833333334,53377.921495003095,649.665191676,0.0,0.0
2026-08-28 13:00:00+00:00,17.0045,92.0,0.3,1005.4972,100.0,32.879436,143.68033,46.079998,Aalborg,13,4,8,37.651928,44.557205,47.48563,32.46823,38.36285633333333,41.26868416666667,35544.554691652,559.0983694619999,0.0,0.0
2026-08-28 14:00:00+00:00,16.8545,92.0,0.2,1005.49646,100.0,31.454636,141.34016,43.199997,Aalborg,14,4,8,32.879436,37.651928,44.557205,32.136154,33.995333333333335,39.560757833333334,31121.03209048664,530.1521624620001,0.0,1.0
2026-08-28 15:00:00+00:00,16.9545,92.0,0.0,1004.598,100.0,24.290388,144.70277,41.399998,Aalborg,15,4,8,31.454636,32.879436,37.651928,31.953655,29.541486666666675,36.38653716666667,14331.8863647426,411.831383346,1.0,1.0
2026-08-28 16:00:00+00:00,17.3545,92.0,0.1,1003.8009,100.0,21.835363,134.34901,36.719997,Aalborg,16,4,8,24.290388,31.454636,32.879436,34.06702,25.860129000000004,32.11149266666667,10410.731566014603,378.94180718350003,1.0,1.0
2026-08-28 17:00:00+00:00,17.2545,94.0,0.4,1003.5006,100.0,22.094608,136.93057,31.319998,Aalborg,17,4,8,21.835363,24.290388,31.454636,33.703682,22.740119666666672,28.3677265,10785.96240726716,381.23141373600004,1.0,1.0
2026-08-28 18:00:00+00:00,17.154501,95.0,0.2,1003.00104,100.0,21.300913,175.27563,23.039999,Aalborg,18,4,8,22.094608,21.835363,24.290388,37.03457,21.743628000000005,25.642557333333333,9664.839710175822,365.406533359413,1.0,1.0
2026-08-28 19:00:00+00:00,16.9545,95.0,0.3,1002.70044,100.0,17.367918,188.13002,30.239998,Aalborg,19,4,8,21.300913,22.094608,21.835363,37.679306,20.254479666666672,23.057304333333335,5238.9382551160425,294.464365731,1.0,1.0
2026-08-28 20:00:00+00:00,16.7545,95.0,1.0,1003.099,100.0,14.916737,181.34785,18.72,Aalborg,20,4,8,17.367918,21.300913,22.094608,37.03457,17.861856000000007,20.300987833333334,3319.108870482942,249.92247006649998,1.0,1.0
2026-08-28 21:00:00+00:00,16.7045,96.0,0.9,1002.1,99.0,19.65034,217.38153,21.599998,Aalborg,21,4,8,14.916737,17.367918,21.300913,35.389835,17.311665000000005,19.5276465,7587.70097676466,328.24910453,1.0,1.0
2026-08-28 22:00:00+00:00,16.7545,93.0,1.4,1001.80066,95.0,19.677732,211.13892,29.88,Aalborg,22,4,8,19.65034,14.916737,17.367918,34.05618,18.081603000000005,19.16804133333333,7619.476330150102,329.69056079399996,1.0,1.0
2026-08-28 23:00:00+00:00,16.3545,97.0,0.0,1001.59906,81.0,22.607582,204.77512,19.8,Aalborg,23,4,8,19.677732,19.65034,14.916737,34.440838,20.645218000000003,19.253536999999998,11554.797644995753,369.73569981900005,1.0,0.0
2026-08-29 00:00:00+00:00,16.2545,97.0,0.0,1001.5988,84.0,25.66082,205.51382,17.64,Aalborg,0,5,8,22.607582,19.677732,19.65034,35.397663,22.64871133333334,19.980188166666665,16897.077299337907,417.10379869,0.0,0.0
2026-08-29 01:00:00+00:00,16.2045,97.0,0.0,1001.79816,67.0,26.424335,202.64917,21.599998,Aalborg,1,5,8,25.66082,22.607582,19.677732,35.42113,24.897579000000007,21.489591,18450.672480835216,428.19313650749996,0.0,0.0
2026-08-29 02:00:00+00:00,15.9545,97.0,0.0,1000.9982,47.0,25.328205,195.67288,19.08,Aalborg,2,5,8,26.424335,25.66082,22.607582,35.356335,25.80445333333334,23.224835666666667,16248.498617909398,404.0988466725,0.0,0.0
2026-08-29 03:00:00+00:00,15.804501,98.0,0.0,1000.9976,56.0,27.378021,181.46877,18.359999,Aalborg,3,5,8,25.328205,26.424335,25.66082,35.07445,26.376853666666673,24.5127825,20521.360836145916,432.695960272521,0.0,0.0
2026-08-29 04:00:00+00:00,15.7045,98.0,0.0,1000.9971,45.0,30.702429,180.0,21.599998,Aalborg,4,5,8,27.378021,25.328205,26.424335,37.572964,27.802885000000003,26.350232000000002,28941.311468038104,482.16629623049994,0.0,0.0
2026-08-29 05:00:00+00:00,15.8545,95.0,0.0,1000.5982,88.0,32.28332,179.37726,30.960001,Aalborg,5,5,8,30.702429,27.378021,25.328205,39.859043,30.12125666666667,27.962855,33646.08772350982,511.83589694000005,0.0,0.0
2026-08-29 06:00:00+00:00,16.404501,93.0,0.5,1000.2012,93.0,34.56617,179.12756,36.36,Aalborg,6,5,8,32.28332,30.702429,27.378021,43.781948,32.51730633333334,29.44708,41300.354988754436,567.0407703311699,0.0,0.0
2026-08-29 07:00:00+00:00,16.904501,95.0,0.6,1000.2033,95.0,28.559961,190.6196,35.28,Aalborg,7,5,8,34.56617,32.28332,30.702429,44.963272,31.80315033333334,29.803017666666666,23295.54258231912,482.79188928446104,0.0,0.0
2026-08-29 08:00:00+00:00,17.7545,94.0,1.0,1000.20715,100.0,32.022934,214.73492,36.719997,Aalborg,8,5,8,28.559961,34.56617,32.28332,41.702194,31.716355000000004,30.918805833333337,32838.503753024735,568.551181703,0.0,0.0
2026-08-29 09:00:00+00:00,18.7545,89.0,0.0,1000.7111,98.0,25.825226,216.7143,35.64,Aalborg,9,5,8,32.022934,28.559961,34.56617,43.335712,28.80270700000001,30.660006666666664,17223.935573545878,484.339201017,0.0,0.0
2026-08-29 10:00:00+00:00,19.5045,87.0,0.0,1000.8142,95.0,25.694384,223.06322,36.719997,Aalborg,10,5,8,25.825226,32.022934,28.559961,47.48563,27.847514666666672,29.825332500000002,16963.46749599493,501.156112728,0.0,0.0
2026-08-29 11:00:00+00:00,20.7045,81.0,0.0,1000.9194,87.0,25.208218,227.53859,35.64,Aalborg,11,5,8,25.694384,25.825226,32.022934,44.557205,25.575942666666673,28.64614883333333,16018.66938240062,521.923549581,0.0,0.0
2026-08-29 12:00:00+00:00,20.2545,84.0,0.2,1001.1173,73.0,29.910236,226.66368,37.44,Aalborg,12,5,8,25.208218,25.694384,25.825226,37.651928,26.93761266666667,27.870159833333332,26758.36165853242,605.816875062,0.0,0.0
2026-08-29 13:00:00+00:00,20.9545,86.0,0.5,1001.2199,79.0,31.191774,235.77359,39.239998,Aalborg,13,5,8,29.910236,25.208218,25.694384,32.879436,28.770076000000003,28.308795333333336,30347.31178076168,653.608028283,0.0,0.0
2026-08-29 14:00:00+00:00,21.0545,84.0,0.0,1001.52026,78.0,31.548923,242.15251,37.44,Aalborg,14,5,8,31.191774,29.910236,25.208218,31.454636,30.883644333333336,28.2297935,31401.732839308526,664.2467993035,0.0,0.0
2026-08-29 15:00:00+00:00,20.654501,81.0,0.0,1001.91785,87.0,30.290638,242.39612,35.28,Aalborg,15,5,8,31.548923,31.191774,29.910236,24.290388,31.010445000000004,28.974028833333335,27792.349490555753,625.638012861638,0.0,0.0
2026-08-29 16:00:00+00:00,19.8045,82.0,0.0,1001.914,86.0,31.118174,240.2552,39.239998,Aalborg,16,5,8,30.290638,31.548923,31.191774,21.835363,30.98591166666667,29.87799383333333,30132.99604607872,616.279876983,0.0,0.0
2026-08-29 17:00:00+00:00,19.1045,82.0,0.0,1002.2105,95.0,28.826002,238.43823,34.92,Aalborg,17,5,8,31.118174,30.290638,31.548923,22.094608,30.078271333333337,30.480957833333335,23952.631729606,550.706355209,0.0,0.0
2026-08-29 18:00:00+00:00,18.404501,82.0,0.0,1002.6072,81.0,29.685047,232.92683,34.2,Aalborg,18,5,8,28.826002,31.118174,30.290638,21.300913,29.87640766666667,30.443426333333335,26158.52324341245,546.338477196547,0.0,0.0
2026-08-29 19:00:00+00:00,17.9545,85.0,0.0,1002.80475,90.0,30.25149,232.06667,30.239998,Aalborg,19,5,8,29.685047,28.826002,31.118174,17.367918,29.587513000000005,30.28671233333333,27684.731155852383,543.150377205,0.0,0.0
2026-08-29 20:00:00+00:00,17.154501,89.0,0.0,1002.8013,99.0,26.199734,227.44244,27.359999,Aalborg,20,5,8,30.25149,29.685047,28.826002,14.916737,28.71209033333334,29.39518083333333,17984.1802264414,449.443363102734,0.0,0.0
2026-08-29 21:00:00+00:00,16.7045,92.0,0.0,1002.8989,98.0,26.489487,220.97165,24.48,Aalborg,21,5,8,26.199734,30.25149,29.685047,19.65034,27.646903666666674,28.761655666666666,18587.485522680006,442.4936355915,0.0,0.0
2026-08-29 22:00:00+00:00,16.2045,91.0,0.0,1002.8967,99.0,25.901392,215.62799,26.64,Aalborg,22,5,8,26.489487,26.199734,30.25149,19.677732,26.196871000000005,27.892192000000005,17376.780453119194,419.719106664,0.0,0.0
2026-08-29 23:00:00+00:00,16.0545,92.0,0.0,1002.79626,99.0,25.725513,210.76265,21.96,Aalborg,23,5,8,25.901392,26.489487,26.199734,22.607582,26.03879733333334,27.375443833333332,17025.196446122078,413.01024845850003,0.0,1.0
2026-08-30 00:00:00+00:00,16.0045,92.0,0.0,1002.5962,91.0,24.7722,212.56454,25.199999,Aalborg,0,6,8,25.725513,25.901392,26.489487,25.66082,25.46636833333334,26.556635999999997,15201.75514181105,396.46667490000004,1.0,0.0
2026-08-30 01:00:00+00:00,15.6045,95.0,0.0,1002.295,89.0,25.27894,204.60849,24.84,Aalborg,1,6,8,24.7722,25.725513,25.901392,26.424335,25.258884333333338,25.727877666666668,16153.86976790063,394.46521923,0.0,1.0
2026-08-30 02:00:00+00:00,15.4545,96.0,0.0,1002.2944,100.0,22.838537,207.94295,21.599998,Aalborg,2,6,8,25.27894,24.7722,25.725513,25.328205,24.296559000000002,25.167678166666665,11912.552860336551,352.9581700665,1.0,1.0
2026-08-30 03:00:00+00:00,15.804501,96.0,0.0,1001.39716,100.0,19.697275,199.24197,21.24,Aalborg,3,6,8,22.838537,25.27894,24.7722,27.378021,22.604917333333336,24.035642833333338,7642.200803084204,311.30560243477504,1.0,1.0
2026-08-30 04:00:00+00:00,16.2045,96.0,0.0,1001.1989,100.0,18.424799,193.77162,19.08,Aalborg,4,6,8,19.697275,22.838537,25.27894,30.702429,20.32020366666667,22.789544000000003,6254.725811041282,298.5646553955,1.0,1.0
2026-08-30 05:00:00+00:00,16.2545,96.0,0.0,1001.0994,96.0,14.741342,181.36389,15.119999,Aalborg,5,6,8,18.424799,19.697275,22.838537,32.28332,17.62113866666667,20.95884883333333,3203.3992229986447,239.613143539,1.0,1.0
2026-08-30 06:00:00+00:00,16.654501,94.0,0.0,1001.00134,100.0,13.472565,171.76447,19.08,Aalborg,6,6,8,14.741342,18.424799,19.697275,34.56617,15.546235333333337,19.075576333333334,2445.4053766088578,224.378847265065,1.0,0.6193777896176451
2026-08-30 07:00:00+00:00,16.8545,95.0,0.2,1000.60284,100.0,10.671749,170.53775,9.36,Aalborg,7,6,8,13.472565,14.741342,18.424799,28.559961,12.961885333333337,16.641044500000003,1215.3652261022723,179.86699352050002,0.6193777896176451,0.0
2026-08-30 08:00:00+00:00,17.154501,96.0,0.2,1000.3045,100.0,2.7739887,145.30478,10.440001,Aalborg,8,6,8,10.671749,13.472565,14.741342,32.022934,8.97276756666667,13.296953116666666,21.34587996198623,47.586391928138696,0.0,0.0
2026-08-30 09:00:00+00:00,17.3545,96.0,0.3,1000.5052,100.0,2.740499,309.8055,9.0,Aalborg,9,6,8,2.7739887,10.671749,13.472565,25.825226,5.395412233333338,10.470823783333334,20.582064924112466,47.5599898955,0.0,0.1555413892397031
2026-08-30 10:00:00+00:00,17.8045,96.0,0.4,1000.5071,100.0,7.840139,319.53784,10.799999,Aalborg,10,6,8,2.740499,2.7739887,10.671749,25.694384,4.451542233333337,8.706713783333333,481.9159356096326,139.5897548255,0.1555413892397031,1.0
2026-08-30 11:00:00+00:00,17.6045,95.0,0.2,1000.8057,100.0,13.45542,309.70987,19.08,Aalborg,11,6,8,7.840139,2.740499,2.7739887,25.208218,8.012019333333336,8.49239345,2436.08128514696,236.87594139000004,1.0,1.0
2026-08-30 12:00:00+00:00,17.6045,90.0,0.4,1001.0055,100.0,18.152996,304.76526,25.199999,Aalborg,12,6,8,13.45542,7.840139,2.740499,29.910236,13.149518333333338,9.272465283333334,5981.979713200965,319.5744180820001,1.0,1.0
2026-08-30 13:00:00+00:00,17.904501,91.0,1.1,1001.40656,100.0,21.37376,305.6471,24.48,Aalborg,13,6,8,18.152996,13.45542,7.840139,31.191774,17.660725333333335,11.056133783333335,9764.337574846695,382.68650729376003,1.0,1.0
2026-08-30 14:00:00+00:00,18.4545,92.0,0.2,1002.20764,98.0,20.52677,292.6199,25.56,Aalborg,14,6,8,21.37376,18.152996,13.45542,31.548923,20.017842000000005,14.014930666666666,8648.91936960761,378.811276965,1.0,0.0
2026-08-30 15:00:00+00:00,18.2045,90.0,0.0,1002.6062,100.0,26.874784,277.1249,27.72,Aalborg,15,6,8,20.52677,21.37376,18.152996,30.290638,22.92510466666667,18.037311499999998,19410.420647511626,489.24200532799995,0.0,0.0
2026-08-30 16:00:00+00:00,18.154501,92.0,0.0,1002.7058,97.0,26.672447,271.13065,33.48,Aalborg,16,6,8,26.874784,20.52677,21.37376,31.118174,24.69133366666667,21.176029500000002,18975.297013914147,484.224965733947,0.0,0.0
2026-08-30 17:00:00+00:00,17.6045,89.0,0.0,1003.30255,100.0,26.605433,264.70303,38.88,Aalborg,17,6,8,26.672447,26.874784,20.52677,28.826002,26.717554666666672,23.367698333333333,18832.630876095995,468.3753452485001,0.0,0.0
2026-08-30 18:00:00+00:00,16.7545,88.0,0.0,1004.1976,90.0,27.891489,260.9525,36.719997,Aalborg,18,6,8,26.605433,26.672447,26.874784,29.685047,27.05645633333334,24.9907805,21697.769919840517,467.3079524505,0.0,0.0
2026-08-30 19:00:00+00:00,16.3545,86.0,0.0,1004.79486,91.0,26.299988,256.89078,37.8,Aalborg,19,6,8,27.891489,26.605433,26.672447,30.25149,26.932303333333337,25.811818499999998,18191.42209917136,430.123153746,0.0,0.0
2026-08-30 20:00:00+00:00,16.0045,85.0,0.0,1005.1928,74.0,27.46389,250.98622,38.16,Aalborg,20,6,8,26.299988,27.891489,26.605433,26.199734,27.21845566666667,26.968005166666668,20715.05796481326,439.545827505,0.0,0.0
2026-08-30 21:00:00+00:00,15.4545,88.0,0.0,1005.3904,41.0,28.73938,251.12253,37.079998,Aalborg,21,6,8,27.46389,26.299988,27.891489,26.489487,27.501086000000004,27.27877116666666,23737.347320206733,444.15274820999997,0.0,0.0
2026-08-30 22:00:00+00:00,15.054501,90.0,0.0,1005.7879,74.0,27.296953,252.03076,30.599998,Aalborg,22,6,8,28.73938,27.46389,26.299988,25.901392,27.83340766666667,27.3828555,20339.605064458425,410.942006235453,0.0,0.0
2026-08-30 23:00:00+00:00,14.804501,91.0,0.0,1005.68677,78.0,25.482677,249.44388,30.599998,Aalborg,23,6,8,27.296953,28.73938,27.46389,25.725513,27.173003333333337,27.1957295,16547.60510915577,377.258317129177,0.0,1.0
2026-08-31 00:00:00+00:00,14.804501,93.0,0.0,1005.5869,90.0,23.230728,242.08032,28.8,Aalborg,0,0,8,25.482677,27.296953,28.73938,24.7722,25.336786000000004,26.418936,12536.85086218857,343.919335906728,1.0,1.0
2026-08-31 01:00:00+00:00,14.4545,95.0,0.0,1005.78503,76.0,22.33707,237.18365,23.4,Aalborg,1,0,8,23.230728,25.482677,27.296953,25.27894,23.68349166666667,25.758449666666664,11144.962604810846,322.871178315,1.0,1.0
2026-08-31 02:00:00+00:00,14.2045,96.0,0.0,1005.68427,91.0,21.243032,228.01286,19.8,Aalborg,2,0,8,22.33707,23.230728,25.482677,22.838537,22.27027666666667,24.721639999999997,9586.266757416963,301.746648044,1.0,1.0
2026-08-31 03:00:00+00:00,14.2045,94.0,0.0,1005.38464,95.0,19.602507,225.72514,19.44,Aalborg,3,0,8,21.243032,22.33707,23.230728,19.697275,21.060869666666672,23.19882783333333,7532.425636936637,278.4438106815,1.0,1.0
2026-08-31 04:00:00+00:00,14.2045,97.0,0.0,1005.38464,81.0,18.27046,221.49637,16.56,Aalborg,4,0,8,19.602507,21.243032,22.33707,18.424799,19.705333000000007,21.694412333333332,6098.8569287998935,259.52274907,1.0,1.0
2026-08-31 05:00:00+00:00,14.6045,96.0,0.0,1005.486,100.0,17.372349,218.02728,13.32,Aalborg,5,0,8,18.27046,19.602507,21.243032,14.741342,18.41510533333334,20.342691,5242.949039539872,253.7144709705,1.0,1.0
2026-08-31 06:00:00+00:00,15.1045,92.0,0.0,1005.18896,29.0,17.909744,209.32709,14.04,Aalborg,6,0,8,17.372349,18.27046,19.602507,13.472565,17.850851000000002,19.455860333333334,5744.710324620432,270.51772824799997,1.0,1.0
2026-08-31 07:00:00+00:00,15.9045,89.0,0.0,1004.9927,30.0,14.599724,200.39496,16.199999,Aalborg,7,0,8,17.909744,17.372349,18.27046,10.671749,16.62727233333334,18.166302666666667,3111.9595068564877,232.201310358,1.0,1.0
2026-08-31 08:00:00+00:00,17.1045,81.0,0.0,1004.6985,70.0,15.479752,197.81898,18.0,Aalborg,8,0,8,14.599724,17.909744,17.372349,2.7739887,15.99640666666667,17.205755999999997,3709.3003098386303,264.773418084,1.0,1.0
2026-08-31 09:00:00+00:00,17.654501,74.0,0.0,1004.40137,65.0,14.938388,183.3664,18.0,Aalborg,9,0,8,15.479752,14.599724,17.909744,2.740499,15.005954666666673,16.428402833333333,3333.582487852953,263.729785884388,1.0,1.0
2026-08-31 10:00:00+00:00,19.3545,74.0,0.0,1004.0094,77.0,12.00211,164.74483,18.72,Aalborg,10,0,8,14.938388,15.479752,14.599724,7.840139,14.140083333333337,15.383677833333332,1728.911680284994,232.29483799500002,1.0,1.0
2026-08-31 11:00:00+00:00,20.404501,80.0,0.1,1003.9143,89.0,12.636729,178.40889,18.359999,Aalborg,11,0,8,12.00211,14.938388,15.479752,13.45542,13.192409000000005,14.594407833333333,2017.9203306030051,257.84614951722904,1.0,0.06623199966661228
2026-08-31 12:00:00+00:00,19.904501,82.0,0.0,1003.91205,99.0,6.6413727,167.79955,19.44,Aalborg,12,0,8,12.636729,12.00211,14.938388,18.152996,10.42673723333334,12.71634595,292.93654691970795,132.1932095485227,0.06623199966661228,0.005121762997815685
2026-08-31 13:00:00+00:00,17.7545,90.0,2.4,1003.8025,100.0,4.551371,152.44728,14.759999,Aalborg,13,0,8,6.6413727,12.636729,12.00211,21.37376,7.94315756666667,11.041620449999998,94.28155004217662,80.8073164195,0.005121762997815685,0.033371789625768276
2026-08-31 14:00:00+00:00,17.7045,89.0,0.1,1003.8025,100.0,5.8975816,210.37904,14.759999,Aalborg,14,0,8,4.551371,6.6413727,12.636729,20.52677,5.696775100000004,9.444592049999999,205.12654999511207,104.4137334372,0.033371789625768276,0.07780924986038565
2026-08-31 15:00:00+00:00,18.5045,87.0,0.2,1003.3066,99.0,6.8422556,157.3801,14.4,Aalborg,15,0,8,5.8975816,4.551371,6.6413727,26.874784,5.763736066666671,8.095236649999999,320.3301972098034,126.6125187502,0.07780924986038565,0.45790238482697876
2026-08-31 16:00:00+00:00,17.3045,90.0,1.4,1003.70074,100.0,9.936922,222.13753,14.4,Aalborg,16,0,8,6.8422556,5.8975816,4.551371,26.672447,7.5589197333333376,7.751038650000001,981.1957140456234,171.953466749,0.45790238482697876,0.3362889476498154
2026-08-31 17:00:00+00:00,17.404501,93.0,1.4,1003.8009,88.0,9.258641,260.18076,12.959999,Aalborg,17,0,8,9.936922,6.8422556,5.8975816,26.605433,8.679272866666672,7.188023983333333,793.6732343386444,161.14202654314101,0.3362889476498154,1.0
2026-08-31 18:00:00+00:00,17.3045,95.0,0.0,1004.79926,79.0,12.013645,331.1893,13.679999,Aalborg,18,0,8,9.258641,9.936922,6.8422556,27.891489,10.403069333333338,8.0834027,1733.9013452374083,207.8901199025,1.0,0.24139563892133295
2026-08-31 19:00:00+00:00,16.5545,95.0,0.0,1005.09546,97.0,8.603839,339.71735,15.119999,Aalborg,19,0,8,12.013645,9.258641,9.936922,26.299988,9.95870833333334,8.758814033333332,636.9081776149409,142.4322527255,0.24139563892133295,0.050013580158771324
2026-08-31 20:00:00+00:00,16.0545,96.0,0.0,1005.29297,96.0,6.3159285,270.0,17.28,Aalborg,20,0,8,8.603839,12.013645,9.258641,27.46389,8.977804166666672,8.828538516666667,251.94840578975456,101.39907410325,0.050013580158771324,1.0
2026-08-31 21:00:00+00:00,15.5045,96.0,0.0,1005.3904,89.0,12.110614,268.33975,13.32,Aalborg,21,0,8,6.3159285,8.603839,12.013645,28.73938,9.010127166666672,9.70659825,1776.2270778646962,187.769014763,1.0,1.0
2026-08-31 22:00:00+00:00,15.4545,96.0,0.0,1005.69,88.0,17.37589,281.65027,16.199999,Aalborg,22,0,8,12.110614,6.3159285,8.603839,27.296953,11.93414416666667,10.94642625,5246.155698632666,268.535692005,1.0,1.0
2026-08-31 23:00:00+00:00,15.054501,97.0,0.0,1005.9877,84.0,15.886991,276.3401,14.4,Aalborg,23,0,8,17.37589,12.110614,6.3159285,25.482677,15.124498333333337,12.051151249999998,4009.820654394098,239.17072189649102,1.0,1.0
2026-09-01 00:00:00+00:00,14.7045,97.0,0.0,1006.3856,91.0,14.872307,287.1525,14.759999,Aalborg,0,1,9,15.886991,17.37589,12.110614,23.230728,16.04506266666667,12.527594916666667,3289.5388905027057,218.6898382815,1.0,1.0
2026-09-01 01:00:00+00:00,14.4045,96.0,0.0,1006.7835,100.0,18.85088,284.55362,16.56,Aalborg,1,1,9,14.872307,15.886991,17.37589,22.33707,16.536726000000005,14.235435083333334,6698.767220193002,271.53750096,1.0,1.0
2026-09-01 02:00:00+00:00,14.6045,95.0,0.0,1007.084,95.0,18.87128,286.75034,18.359999,Aalborg,2,1,9,18.85088,14.872307,15.886991,21.243032,17.531489000000004,16.327993666666668,6720.53853104792,275.60560876,1.0,1.0
2026-09-01 03:00:00+00:00,15.0045,95.0,0.0,1006.88617,94.0,17.075699,274.71466,20.16,Aalborg,3,1,9,18.87128,18.85088,14.872307,19.602507,18.265953000000007,17.15550783333333,4978.9237140495525,256.2123256455,1.0,1.0
2026-09-01 04:00:00+00:00,15.0045,96.0,0.0,1006.986,63.0,19.097458,259.41272,19.8,Aalborg,4,1,9,17.075699,18.87128,18.85088,18.27046,18.34814566666667,17.44243583333333,6965.0893291826505,286.547808561,1.0,1.0
2026-09-01 05:00:00+00:00,14.9545,95.0,0.0,1007.4851,81.0,22.128017,255.30263,17.64,Aalborg,5,1,9,19.097458,17.075699,18.87128,17.372349,19.433724666666674,18.48260683333333,10834.96441323877,330.9134302265,1.0,1.0
2026-09-01 06:00:00+00:00,15.054501,94.0,0.0,1007.8852,87.0,23.619663,264.4589,22.319998,Aalborg,6,1,9,22.128017,19.097458,17.075699,17.909744,21.615046000000007,19.940499499999998,13177.137894699059,355.582240253163,1.0,1.0
2026-09-01 07:00:00+00:00,15.6045,91.0,0.0,1008.08746,49.0,23.51976,268.29022,26.28,Aalborg,7,1,9,23.619663,22.128017,19.097458,14.599724,23.089146666666675,20.718646166666666,13010.639914976246,367.01409492000005,1.0,1.0
2026-09-01 08:00:00+00:00,16.5045,83.0,0.0,1008.59094,58.0,24.058655,272.50766,31.68,Aalborg,8,1,9,23.51976,23.619663,22.128017,15.479752,23.73269266666667,21.583208666666664,13925.603751246994,397.07607144750006,1.0,1.0
2026-09-01 09:00:00+00:00,17.404501,80.0,0.0,1008.89435,66.0,23.17501,267.83078,33.12,Aalborg,9,1,9,24.058655,23.51976,23.619663,14.938388,23.58447500000001,22.599760500000002,12446.859596800703,403.34948472001,1.0,1.0
2026-09-01 10:00:00+00:00,18.3545,75.0,0.0,1009.1984,59.0,24.462744,265.4753,36.0,Aalborg,10,1,9,23.17501,24.058655,23.51976,12.00211,23.898803000000004,23.493974833333336,14639.138224989214,449.00143474800007,1.0,1.0
2026-09-01 11:00:00+00:00,18.904501,73.0,0.0,1009.50055,65.0,23.968933,264.5399,37.44,Aalborg,11,1,9,24.462744,23.17501,24.058655,12.636729,23.868895666666674,23.800794166666666,13770.385685426629,453.120717867433,1.0,1.0
2026-09-01 12:00:00+00:00,19.4545,71.0,0.0,1009.8023,72.0,23.344398,271.72263,39.96,Aalborg,12,1,9,23.968933,24.462744,23.17501,6.6413727,23.92535833333334,23.75491666666667,12721.784563826599,454.153590891,1.0,1.0
2026-09-01 13:00:00+00:00,19.654501,71.0,0.0,1010.20276,79.0,24.9153,270.80692,39.6,Aalborg,13,1,9,23.344398,23.968933,24.462744,4.551371,24.076210333333336,23.987506666666665,15466.724949104575,489.69778876529995,1.0,0.0
2026-09-01 14:00:00+00:00,19.154501,71.0,0.0,1010.4004,80.0,25.795412,268.8309,36.36,Aalborg,14,1,9,24.9153,23.344398,23.968933,5.8975816,24.685036666666672,24.276966166666668,17164.351760193607,494.098244949412,0.0,0.0
2026-09-01 15:00:00+00:00,19.154501,72.0,0.0,1010.4004,87.0,26.85187,271.49756,36.719997,Aalborg,15,1,9,25.795412,24.9153,23.344398,6.8422556,25.854194000000007,24.889776166666667,19360.813781906836,514.33417076687,0.0,0.0
2026-09-01 16:00:00+00:00,18.6045,74.0,0.0,1010.49756,97.0,28.163296,274.645,37.44,Aalborg,16,1,9,26.85187,25.795412,24.9153,9.936922,26.93685933333334,25.506534833333333,22338.316455406883,523.964040432,0.0,0.0
2026-09-01 17:00:00+00:00,18.2045,76.0,0.0,1010.69574,87.0,27.396564,272.56918,36.719997,Aalborg,17,1,9,28.163296,26.85187,25.795412,9.258641,27.470576666666673,26.077806666666664,20563.086136340527,498.740749338,0.0,0.0
2026-09-01 18:00:00+00:00,17.5045,80.0,0.0,1010.8924,77.0,27.571274,263.05597,36.719997,Aalborg,18,1,9,27.396564,28.163296,26.85187,12.013645,27.710378000000006,26.782286,20958.997348174482,482.621365733,0.0,0.0
2026-09-01 19:00:00+00:00,16.8545,83.0,0.0,1011.28894,97.0,29.799408,264.25592,36.0,Aalborg,19,1,9,27.571274,27.396564,28.163296,8.603839,28.255748666666673,27.596304,26462.014872291275,502.25412213600003,0.0,0.0
2026-09-01 20:00:00+00:00,15.9045,78.0,0.0,1011.7838,78.0,28.036232,264.2538,43.56,Aalborg,20,1,9,29.799408,27.571274,27.396564,6.3159285,28.46897133333334,27.969773999999997,22037.327983221054,445.902251844,0.0,0.0
2026-09-01 21:00:00+00:00,15.2045,77.0,0.0,1012.18024,76.0,27.0847,259.92758,39.96,Aalborg,21,1,9,28.036232,29.799408,27.571274,12.110614,28.306780000000003,28.008578999999997,19868.820608935428,411.80932115,0.0,0.0
2026-09-01 22:00:00+00:00,14.6045,79.0,0.0,1011.87775,95.0,25.08827,247.3801,35.64,Aalborg,22,1,9,27.0847,28.036232,29.799408,17.37589,26.736400666666672,27.49607466666667,15791.091307231409,366.401639215,0.0,0.0
2026-09-01 23:00:00+00:00,14.054501,82.0,0.0,1011.5756,98.0,27.302027,237.33115,27.72,Aalborg,23,1,9,25.08827,27.0847,28.036232,15.886991,26.491665666666673,27.480318499999996,20350.949445003233,383.716365773527,0.0,0.0
2026-09-02 00:00:00+00:00,13.9045,85.0,0.0,1011.37524,99.0,27.71158,228.33643,25.199999,Aalborg,0,2,9,27.302027,25.08827,27.0847,14.872307,26.70062566666667,27.503702833333335,21280.59979956368,385.31566411000006,0.0,0.0
2026-09-02 01:00:00+00:00,14.304501,86.0,0.0,1010.97766,100.0,26.636072,234.11127,28.44,Aalborg,1,2,9,27.71158,27.302027,25.08827,18.85088,27.216559666666672,26.976480166666665,18897.769194793378,381.015718560072,0.0,0.0
2026-09-02 02:00:00+00:00,14.554501,91.0,0.0,1010.879,100.0,26.778404,234.33131,27.72,Aalborg,2,2,9,26.636072,27.71158,27.302027,18.87128,27.042018666666674,26.766842166666667,19202.336154340064,389.746307796404,0.0,0.0
2026-09-02 03:00:00+00:00,14.7045,93.0,0.0,1010.3804,100.0,27.878242,241.01553,28.44,Aalborg,3,2,9,26.778404,26.636072,27.71158,17.075699,27.097572666666668,26.899099166666662,21666.86867982374,409.935609489,0.0,0.0
2026-09-02 04:00:00+00:00,14.9545,94.0,0.1,1010.38135,100.0,28.16275,239.28117,28.08,Aalborg,4,2,9,27.878242,26.778404,26.636072,19.097458,27.606465333333336,27.411512499999997,22337.017266100796,421.159844875,0.0,0.0
2026-09-02 05:00:00+00:00,15.2545,94.0,0.0,1010.283,99.0,29.433056,241.90752,28.08,Aalborg,5,2,9,28.16275,27.878242,26.778404,22.128017,28.491349333333343,27.766684,25497.99726466406,448.986552752,0.0,0.0
2026-09-02 06:00:00+00:00,15.5045,91.0,0.0,1010.284,97.0,28.734562,248.13358,27.359999,Aalborg,6,2,9,29.433056,28.16275,27.878242,23.619663,28.77678933333334,27.937181,23725.411011817177,445.51501652900004,0.0,0.0
2026-09-02 07:00:00+00:00,15.554501,95.0,1.4,1010.58386,83.0,29.592106,245.10626,26.64,Aalborg,7,2,9,28.734562,29.433056,28.16275,23.51976,29.25324133333334,28.42985333333333,25913.592311981043,460.290442369106,0.0,1.0
2026-09-02 08:00:00+00:00,16.4545,94.0,6.0,1010.78766,98.0,24.767853,235.9722,22.319998,Aalborg,8,2,9,29.592106,28.734562,29.433056,24.058655,27.698173666666673,28.0947615,15193.753781301246,407.54263718849995,1.0,0.0
2026-09-02 09:00:00+00:00,17.3545,94.0,0.0,1010.99164,98.0,28.475775,247.54301,28.44,Aalborg,9,2,9,24.767853,29.592106,28.734562,23.17501,27.61191133333334,28.194350333333333,23090.14489276198,494.1828372375,0.0,1.0
2026-09-02 10:00:00+00:00,17.7545,90.0,5.2,1011.0931,99.0,23.858238,244.75406,28.8,Aalborg,10,2,9,28.475775,24.767853,29.592106,24.462744,25.700622000000006,27.47693166666667,13580.479360539348,423.591086571,1.0,0.0
2026-09-02 11:00:00+00:00,17.0045,90.0,0.0,1010.99005,100.0,26.722599,256.32867,33.12,Aalborg,11,2,9,23.858238,28.475775,24.767853,23.968933,26.352204000000004,27.02518883333333,19082.535723127203,454.40443469549996,0.0,1.0
2026-09-02 12:00:00+00:00,18.0045,84.0,0.1,1010.9944,87.0,21.789501,266.76904,35.64,Aalborg,12,2,9,26.722599,23.858238,28.475775,23.344398,24.123446000000005,25.867678666666666,10345.270573539374,392.30907075450006,1.0,1.0
2026-09-02 13:00:00+00:00,18.5545,73.0,0.0,1011.19666,68.0,19.930294,279.62808,37.44,Aalborg,13,2,9,21.789501,26.722599,23.858238,24.9153,22.81413133333334,24.25737666666667,7916.643996889834,369.796640023,1.0,1.0
2026-09-02 14:00:00+00:00,18.904501,70.0,0.0,1011.19836,40.0,22.47376,282.62582,29.519999,Aalborg,14,2,9,19.930294,21.789501,26.722599,25.795412,21.39785166666667,23.87502783333333,11350.81945822077,424.85521839375997,1.0,1.0
2026-09-02 15:00:00+00:00,19.0045,68.0,0.0,1011.29846,33.0,24.48978,278.65247,32.760002,Aalborg,15,2,9,22.47376,19.930294,21.789501,26.85187,22.29794466666667,23.210695333333334,14687.729010889936,465.41602401,1.0,0.0
2026-09-02 16:00:00+00:00,18.154501,69.0,0.0,1011.39465,40.0,25.033617,275.63058,33.48,Aalborg,16,2,9,24.48978,22.47376,19.930294,28.163296,23.99905233333334,23.406591833333334,15688.116670692336,454.472824860117,0.0,1.0
2026-09-02 17:00:00+00:00,17.4545,72.0,0.0,1011.4912,27.0,24.938145,277.2749,32.399998,Aalborg,17,2,9,25.033617,24.48978,22.47376,27.396564,24.820514000000003,23.109182833333335,15509.308591417104,435.28285190249994,1.0,0.0
2026-09-02 18:00:00+00:00,16.2045,78.0,0.0,1011.8851,22.0,26.188572,273.45654,28.8,Aalborg,18,2,9,24.938145,25.033617,24.48978,27.571274,25.386778000000007,23.842361333333333,17961.204354643378,424.372714974,0.0,1.0
2026-09-02 19:00:00+00:00,15.0045,83.0,0.0,1012.17926,41.0,23.169035,268.26434,26.64,Aalborg,19,2,9,26.188572,24.938145,25.033617,29.799408,24.765250666666674,24.382151500000003,12437.234900163052,347.6397856575,1.0,1.0
2026-09-02 20:00:00+00:00,14.054501,87.0,0.0,1011.97504,39.0,24.462744,265.4753,22.68,Aalborg,20,2,9,23.169035,26.188572,24.938145,28.036232,24.606783666666672,24.713648833333334,14639.138224989214,343.811660010744,1.0,1.0
2026-09-02 21:00:00+00:00,13.554501,87.0,0.0,1012.27246,61.0,24.571968,268.36346,21.96,Aalborg,21,2,9,24.462744,23.169035,26.188572,27.0847,24.067915666666675,24.727346833333332,14836.102434137818,333.060764827968,1.0,1.0
2026-09-02 22:00:00+00:00,13.2045,84.0,0.0,1012.2709,49.0,24.387133,269.58783,22.68,Aalborg,22,2,9,24.571968,24.462744,23.169035,25.08827,24.47394833333334,24.619599499999996,14503.814625478975,322.01989769849996,1.0,1.0
2026-09-02 23:00:00+00:00,13.1045,84.0,0.0,1012.27026,35.0,24.571968,271.63654,22.319998,Aalborg,23,2,9,24.387133,24.571968,24.462744,27.302027,24.510356333333338,24.55857,14836.102434137818,322.003354656,1.0,1.0
2026-09-03 00:00:00+00:00,12.1045,88.0,0.0,1011.96625,48.0,20.937277,274.32498,20.519999,Aalborg,0,3,9,24.571968,24.387133,24.571968,27.71158,23.298792666666674,23.683354166666664,9178.265077244687,253.43526944650003,1.0,1.0
2026-09-03 01:00:00+00:00,11.9545,93.0,0.0,1011.4662,37.0,17.55214,268.28168,16.199999,Aalborg,1,3,9,20.937277,24.571968,24.387133,26.636072,21.020461666666673,22.747204999999997,5407.421492175742,209.82705763,1.0,0.9307725717862487
2026-09-03 02:00:00+00:00,11.304501,92.0,0.0,1011.0636,92.0,11.787332,255.3432,12.599999,Aalborg,2,3,9,17.55214,20.937277,24.571968,26.778404,16.75891633333334,20.634636333333333,1637.746001936191,133.24990638133198,0.9307725717862487,1.0
2026-09-03 03:00:00+00:00,11.4545,89.0,0.0,1010.66473,100.0,12.039239,226.77144,12.24,Aalborg,3,3,9,11.787332,17.55214,20.937277,27.878242,13.792903666666673,18.54584816666667,1745.00673758461,137.9034631255,1.0,0.7196975808151669
2026-09-03 04:00:00+00:00,11.9045,90.0,0.0,1010.16766,100.0,11.065399,205.34613,12.959999,Aalborg,4,3,9,12.039239,11.787332,17.55214,28.16275,11.630656666666672,16.325559166666668,1354.8812586770655,131.7280423955,0.7196975808151669,1.0
2026-09-03 05:00:00+00:00,12.1045,93.0,0.3,1009.66925,88.0,14.963092,184.70776,11.5199995,Aalborg,5,3,9,11.065399,12.039239,11.787332,29.433056,12.689243333333339,14.724079833333333,3350.148348744785,181.12074711399998,1.0,1.0
2026-09-03 06:00:00+00:00,12.554501,94.0,0.7,1008.972,92.0,14.341282,187.7335,13.32,Aalborg,6,3,9,14.963092,11.065399,12.039239,28.734562,13.456591000000005,13.624747333333334,2949.605449224109,180.047639210282,1.0,1.0
2026-09-03 07:00:00+00:00,13.2045,94.0,0.5,1008.37604,94.0,15.092132,178.66782,15.4800005,Aalborg,7,3,9,14.341282,14.963092,11.065399,29.592106,14.798835333333338,13.214745999999998,3437.571855788635,199.284056994,1.0,1.0
2026-09-03 08:00:00+00:00,14.1545,91.0,0.0,1007.6814,100.0,14.84745,125.380356,19.08,Aalborg,8,3,9,15.092132,14.341282,14.963092,24.767853,14.760288000000008,13.724765666666668,3273.072417544794,210.15823102500002,1.0,1.0
2026-09-03 09:00:00+00:00,15.0045,95.0,0.2,1007.3855,100.0,12.644035,150.9455,17.64,Aalborg,9,3,9,14.84745,15.092132,14.341282,28.475775,14.194539000000006,13.825565,2021.422372457747,189.7174231575,1.0,0.6883463613392614
2026-09-03 10:00:00+00:00,16.0545,96.0,0.2,1006.5914,100.0,10.946542,158.36905,18.359999,Aalborg,10,3,9,12.644035,14.84745,15.092132,23.858238,12.812675666666673,13.805755499999998,1311.6888992361978,175.74125853900003,0.6883463613392614,1.0
2026-09-03 11:00:00+00:00,16.5545,95.0,0.2,1005.8944,100.0,14.171799,164.93146,20.16,Aalborg,11,3,9,10.946542,12.644035,14.84745,26.722599,12.587458666666672,13.673873333333335,2846.262508278529,234.60704654550003,1.0,1.0
2026-09-03 12:00:00+00:00,16.3545,93.0,1.1,1004.695,100.0,16.057539,146.13628,18.359999,Aalborg,12,3,9,14.171799,10.946542,12.644035,21.789501,13.725293333333338,13.959916166666666,4140.349057849476,262.6130215755,1.0,1.0
2026-09-03 13:00:00+00:00,16.0045,94.0,1.3,1003.8945,100.0,14.443934,130.07283,16.199999,Aalborg,13,3,9,16.057539,14.171799,10.946542,19.930294,14.89109066666667,13.851883166666667,3013.397932003826,231.167941703,1.0,0.6020185465707351
2026-09-03 14:00:00+00:00,16.1045,97.0,1.9,1003.196,100.0,10.599397,118.68605,21.24,Aalborg,14,3,9,14.443934,16.057539,14.171799,22.47376,13.700290000000004,13.143874333333331,1190.8127523225469,170.6979889865,0.6020185465707351,1.0
2026-09-03 15:00:00+00:00,17.4545,97.0,0.3,1003.1021,92.0,16.24904,142.01645,26.64,Aalborg,15,3,9,10.599397,14.443934,16.057539,24.48978,13.764123666666672,13.7447085,4290.255169927116,283.61886868,1.0,1.0
2026-09-03 16:00:00+00:00,17.5545,97.0,0.1,1002.60345,100.0,17.833965,254.59651,20.880001,Aalborg,16,3,9,16.24904,10.599397,14.443934,25.033617,14.894134000000006,14.892612333333332,5672.098054356159,313.0663385925,1.0,0.0
2026-09-03 17:00:00+00:00,17.0545,95.0,0.2,1002.7008,100.0,32.824623,268.1623,33.12,Aalborg,17,3,9,17.833965,16.24904,10.599397,24.938145,22.30254266666667,18.001416333333335,35367.082899034234,559.8075329535001,0.0,0.0
2026-09-03 18:00:00+00:00,16.404501,94.0,0.0,1002.8977,100.0,34.865406,265.09277,39.96,Aalborg,18,3,9,32.824623,17.833965,16.24904,26.188572,28.507998000000004,21.136060833333335,42382.26674396414,571.949587592406,0.0,0.0
2026-09-03 19:00:00+00:00,15.9045,93.0,0.0,1002.9953,100.0,33.621387,262.50424,48.239998,Aalborg,19,3,9,34.865406,32.824623,17.833965,23.169035,33.770472000000005,24.332303,38005.537318642404,534.7313495415,0.0,0.0
2026-09-03 20:00:00+00:00,15.6545,92.0,0.0,1003.2937,100.0,34.041714,264.08383,52.92,Aalborg,20,3,9,33.621387,34.865406,32.824623,24.462744,34.176169,28.23935583333333,39448.84171047996,532.906011813,0.0,0.0
2026-09-03 21:00:00+00:00,15.2045,90.0,0.0,1003.79114,100.0,35.900173,265.51547,53.28,Aalborg,21,3,9,34.041714,33.621387,34.865406,24.571968,34.52109133333334,31.51454466666667,46268.94789561337,545.8441803785,0.0,0.0
2026-09-03 22:00:00+00:00,15.1045,87.0,0.0,1003.7908,100.0,34.07244,267.3439,52.199997,Aalborg,22,3,9,35.900173,34.041714,33.621387,24.387133,34.67144233333334,34.22095716666667,39555.757550599985,514.64716998,0.0,0.0
2026-09-03 23:00:00+00:00,14.9545,85.0,0.0,1003.69006,100.0,33.292492,264.86032,47.88,Aalborg,23,3,9,34.07244,35.900173,34.041714,24.571968,34.42170166666667,34.29893533333333,36901.06599258618,497.87257161400004,0.0,0.0
2026-09-04 00:00:00+00:00,14.8545,86.0,0.0,1003.88947,100.0,32.89956,265.71854,45.719997,Aalborg,0,4,9,33.292492,34.07244,35.900173,20.937277,33.42149733333334,33.97129433333333,35609.86023790824,488.70651402,0.0,0.0
2026-09-04 01:00:00+00:00,14.7045,89.0,0.0,1003.3895,100.0,33.45757,260.34018,38.88,Aalborg,1,4,9,32.89956,33.292492,34.07244,17.55214,33.21654066666667,33.9439915,37452.704651755506,491.9768380649999,0.0,0.0
2026-09-04 02:00:00+00:00,14.6545,88.0,0.0,1003.28925,100.0,32.6879,259.17258,38.519997,Aalborg,2,4,9,33.45757,32.89956,33.292492,11.787332,33.015010000000004,33.718355833333334,34926.98213404944,479.02483055,0.0,0.0
2026-09-04 03:00:00+00:00,14.6045,89.0,0.0,1002.39014,100.0,31.902075,259.86432,37.079998,Aalborg,3,4,9,32.6879,33.45757,32.89956,12.039239,32.682515,33.052006166666665,32468.094034307247,465.91385433749997,0.0,0.0
2026-09-04 04:00:00+00:00,14.5045,88.0,0.0,1002.0903,100.0,28.294685,260.36252,30.960001,Aalborg,4,4,9,31.902075,32.6879,33.45757,11.065399,30.961553333333338,32.089047,22652.419207159062,410.40025858250004,0.0,1.0
2026-09-04 05:00:00+00:00,14.2045,91.0,0.0,1001.48975,98.0,24.484753,253.77257,29.16,Aalborg,5,4,9,28.294685,31.902075,32.6879,14.963092,28.22717100000001,30.621090499999998,14678.686047824678,347.7936739885,1.0,1.0
2026-09-04 06:00:00+00:00,14.1045,92.0,0.0,1001.1895,100.0,23.079187,238.36401,23.039999,Aalborg,6,4,9,24.484753,28.294685,31.902075,14.341282,25.286208333333338,28.98436166666667,12293.102935635357,325.52039304150003,1.0,1.0
2026-09-04 07:00:00+00:00,14.554501,92.0,0.0,1000.6923,100.0,19.248365,227.58585,21.96,Aalborg,7,4,9,23.079187,24.484753,28.294685,15.092132,22.27076833333334,26.616160833333335,7131.510670311873,280.150347640865,1.0,1.0
2026-09-04 08:00:00+00:00,14.8545,91.0,0.0,1000.5938,100.0,14.667031,216.73291,21.24,Aalborg,8,4,9,19.248365,23.079187,24.484753,14.84745,18.998194333333338,23.612682666666668,3155.198085247962,217.8714119895,1.0,0.38517966214682076
2026-09-04 09:00:00+00:00,15.0045,86.0,0.0,999.69556,100.0,9.548326,200.4329,22.319998,Aalborg,9,4,9,14.667031,19.248365,23.079187,12.644035,14.48790733333334,19.887057833333333,870.5259363255162,143.267857467,0.38517966214682076,0.43755413899020335
2026-09-04 10:00:00+00:00,15.3545,77.0,0.0,999.39746,100.0,9.832607,195.52417,21.96,Aalborg,10,4,9,9.548326,14.667031,19.248365,10.946542,11.349321333333338,16.810044833333333,950.6180220718992,150.97476418149998,0.43755413899020335,0.2067707026346653
2026-09-04 11:00:00+00:00,15.6045,78.0,0.0,998.59985,97.0,8.321967,235.30478,21.96,Aalborg,11,4,9,9.832607,9.548326,14.667031,14.171799,9.234300000000005,14.116247166666668,576.338945962472,129.8601340515,0.2067707026346653,0.058498506382024064
2026-09-04 12:00:00+00:00,15.1545,83.0,0.0,998.0982,98.0,6.4937415,271.54813,20.16,Aalborg,12,4,9,8.321967,9.832607,9.548326,16.057539,8.216105166666672,11.35200625,273.83249867189573,98.40940556174999,0.058498506382024064,0.5275147648642693
2026-09-04 13:00:00+00:00,16.654501,93.0,0.7,997.8055,97.0,10.272003,262.1468,23.039999,Aalborg,13,4,9,6.4937415,8.321967,9.832607,14.443934,8.362570500000004,9.855945916666665,1083.8405932741332,171.075084235503,0.5275147648642693,1.0
2026-09-04 14:00:00+00:00,17.5045,91.0,0.0,997.60956,67.0,13.093698,252.0505,23.759998,Aalborg,14,4,9,10.272003,6.4937415,8.321967,10.599397,9.953147500000005,9.59372375,2244.848101897232,229.198636641,1.0,1.0
2026-09-04 15:00:00+00:00,18.4545,86.0,0.0,997.8133,56.0,16.007622,260.53775,23.4,Aalborg,15,4,9,13.093698,10.272003,6.4937415,16.24904,13.124441000000004,10.670273083333333,4101.856484997233,295.412660199,1.0,1.0
2026-09-04 16:00:00+00:00,17.9545,91.0,0.1,997.212,96.0,20.954176,258.40784,20.519999,Aalborg,16,4,9,16.007622,13.093698,10.272003,17.833965,16.685165333333337,12.523867916666667,9200.507041632467,376.221752992,1.0,1.0
2026-09-04 17:00:00+00:00,16.2045,94.0,0.1,997.1043,100.0,22.84056,266.91788,21.96,Aalborg,17,4,9,20.954176,16.007622,13.093698,32.824623,19.93411933333334,14.943633416666666,11915.718723696047,370.11985452,1.0,0.0
2026-09-04 18:00:00+00:00,15.2045,94.0,0.1,996.6005,94.0,30.315018,240.91328,23.4,Aalborg,18,4,9,22.84056,20.954176,16.007622,34.865406,24.703251333333338,18.91384616666667,27859.51113186261,460.92469118099996,0.0,0.0
2026-09-04 19:00:00+00:00,14.554501,94.0,1.5,996.99713,98.0,32.511337,263.1819,34.2,Aalborg,19,4,9,30.315018,22.84056,20.954176,33.621387,28.555638333333334,22.620401833333332,34364.06165164509,473.18628687783695,0.0,0.0
2026-09-04 20:00:00+00:00,14.304501,94.0,1.5,997.4953,96.0,32.839622,276.4415,41.399998,Aalborg,20,4,9,32.511337,30.315018,22.84056,34.041714,31.888659,25.911389166666666,35415.58733808647,469.754405738622,0.0,0.0
2026-09-04 21:00:00+00:00,13.7545,91.0,0.0,997.9921,82.0,31.406162,269.35986,43.92,Aalborg,21,4,9,32.839622,32.511337,30.315018,35.900173,32.25237366666667,28.4778125,30977.374033590953,431.976055229,0.0,0.0
2026-09-04 22:00:00+00:00,13.5045,87.0,0.0,998.4902,84.0,32.610123,264.44287,48.6,Aalborg,22,4,9,31.406162,32.839622,32.511337,34.07244,32.28530233333334,30.420470333333327,34678.260981544976,440.38340605350004,0.0,0.0
2026-09-04 23:00:00+00:00,13.5045,85.0,0.0,998.8897,93.0,36.667896,270.27414,43.92,Aalborg,23,4,9,32.610123,31.406162,32.839622,33.292492,33.56139366666667,32.72502633333333,49301.25477364791,495.181601532,0.0,0.0
2026-09-05 00:00:00+00:00,13.5045,85.0,0.0,999.1893,89.0,38.671436,276.51233,42.48,Aalborg,0,5,9,36.667896,32.610123,31.406162,32.89956,35.98315166666667,34.117762666666664,57832.35765144792,522.238407462,0.0,0.0
2026-09-05 01:00:00+00:00,13.5045,85.0,0.0,999.78845,64.0,38.085564,277.9434,42.12,Aalborg,1,5,9,38.671436,36.667896,32.610123,33.45757,37.80829866666667,35.046800499999996,55243.49849101393,514.326499038,0.0,0.0
2026-09-05 02:00:00+00:00,13.6045,81.0,0.0,1000.4883,91.0,34.227467,271.76236,47.16,Aalborg,2,5,9,38.085564,38.671436,36.667896,32.6879,36.99482233333334,35.278107999999996,40098.144931504816,465.64757480149996,0.0,0.0
2026-09-05 03:00:00+00:00,13.5045,86.0,1.5,1000.48755,82.0,37.37089,269.46204,46.079998,Aalborg,3,5,9,34.227467,38.085564,38.671436,31.902075,36.561307000000006,36.272229333333335,52191.56534192605,504.67518400500006,0.0,0.0
2026-09-05 04:00:00+00:00,13.4045,86.0,1.2,1001.28625,96.0,35.151592,266.56644,41.399998,Aalborg,4,5,9,37.37089,34.227467,38.085564,28.294685,35.583316333333336,36.6958075,43434.516997723265,471.189514964,0.0,0.0
2026-09-05 05:00:00+00:00,13.4045,84.0,0.0,1001.58594,74.0,35.914318,265.23645,42.12,Aalborg,5,5,9,35.151592,37.37089,34.227467,24.484753,36.14560000000001,36.57021116666667,46323.66062672713,481.41347563100004,0.0,0.0
2026-09-05 06:00:00+00:00,13.8545,83.0,0.0,1001.2881,58.0,34.58353,263.88458,44.28,Aalborg,6,5,9,35.914318,35.151592,37.37089,23.079187,35.21648000000001,35.8888935,41362.61247681377,479.137516385,0.0,0.0
2026-09-05 07:00:00+00:00,14.304501,80.0,0.0,1001.7897,69.0,35.945156,264.67908,49.68,Aalborg,7,5,9,34.58353,35.914318,35.151592,19.248365,35.481001333333346,35.532158833333334,46443.09121238496,514.1775199471559,0.0,0.0
2026-09-05 08:00:00+00:00,14.7545,84.0,0.2,1002.3908,51.0,38.266174,264.2111,51.12,Aalborg,8,5,9,35.945156,34.58353,35.914318,14.667031,36.26495333333334,36.20527666666667,56033.16136625826,564.598264283,0.0,0.0
2026-09-05 09:00:00+00:00,15.2045,80.0,0.0,1002.69257,41.0,41.932213,269.52057,52.56,Aalborg,9,5,9,38.266174,35.945156,34.58353,9.548326,38.714514333333334,36.965497166666665,73729.84986426197,637.5583325585,0.0,0.0
2026-09-05 10:00:00+00:00,16.6045,76.0,0.0,1003.2981,64.0,42.44185,265.02008,55.079998,Aalborg,10,5,9,41.932213,38.266174,35.945156,9.832607,40.880079,38.18054016666667,76450.95562223904,704.725698325,0.0,0.0
2026-09-05 11:00:00+00:00,17.2545,73.0,0.0,1003.80023,65.0,44.217068,270.90936,58.679996,Aalborg,11,5,9,42.44185,41.932213,38.266174,8.321967,42.86371033333334,39.564331833333334,86450.96081611652,762.943399806,0.0,0.0
2026-09-05 12:00:00+00:00,16.654501,74.0,0.0,1004.397,80.0,46.873352,277.31113,61.199997,Aalborg,12,5,9,44.217068,42.44185,41.932213,6.4937415,44.51075666666667,41.6126355,102985.96327254451,780.6522877573519,0.0,0.0
2026-09-05 13:00:00+00:00,17.0545,77.0,0.0,1004.898,76.0,50.683746,276.5591,64.439995,Aalborg,13,5,9,46.873352,44.217068,42.44185,10.272003,47.25805533333334,44.06906716666666,130198.54094600749,864.385946157,0.0,0.0
2026-09-05 14:00:00+00:00,17.0045,88.0,0.3,1005.5971,87.0,54.46888,280.767,67.67999,Aalborg,14,5,9,50.683746,46.873352,44.217068,13.093698,50.675326000000005,46.769518166666664,161601.4807721561,926.21606996,0.0,0.0
2026-09-05 15:00:00+00:00,16.6045,91.0,0.1,1005.79486,96.0,48.86033,279.09018,66.6,Aalborg,15,5,9,54.46888,50.683746,46.873352,16.007622,51.337652,47.924204333333336,116645.82189856657,811.3013494850001,0.0,0.0
2026-09-05 16:00:00+00:00,15.804501,81.0,0.1,1006.5904,48.0,54.006935,282.95276,73.079994,Aalborg,16,5,9,48.86033,54.46888,50.683746,20.954176,52.44538166666667,49.8517185,157524.67517159798,853.552658214435,0.0,0.0
2026-09-05 17:00:00+00:00,15.6545,81.0,0.0,1007.58813,79.0,53.98527,287.78732,74.159996,Aalborg,17,5,9,54.006935,48.86033,54.46888,22.84056,52.28417833333333,51.479752166666664,157335.1771064138,845.1124092150001,0.0,0.0
2026-09-05 18:00:00+00:00,15.054501,82.0,0.0,1008.3846,73.0,51.71299,287.57443,72.72,Aalborg,18,5,9,53.98527,54.006935,48.86033,30.315018,53.235065,52.2863585,138292.60169708144,778.5132596679899,0.0,0.0
2026-09-05 19:00:00+00:00,14.8545,82.0,0.0,1009.3823,54.0,48.11252,287.17963,70.56,Aalborg,19,5,9,51.71299,53.98527,54.006935,32.511337,51.27026000000001,51.857820833333335,111371.56281264526,714.68742834,0.0,0.0
2026-09-05 20:00:00+00:00,14.554501,83.0,0.0,1010.3797,37.0,46.592777,290.96014,65.88,Aalborg,20,5,9,48.11252,51.71299,53.98527,32.839622,48.80609566666667,50.545137000000004,101147.64775959087,678.134619439277,0.0,0.0
2026-09-05 21:00:00+00:00,14.7045,82.0,0.0,1011.47894,46.0,45.67573,291.638,60.120003,Aalborg,21,5,9,46.592777,48.11252,51.71299,31.406162,46.79367566666667,50.01437033333334,95292.01078521478,671.638771785,0.0,0.0
2026-09-05 22:00:00+00:00,14.4545,82.0,0.0,1012.37646,20.0,45.07267,290.269,57.6,Aalborg,22,5,9,45.67573,46.592777,48.11252,32.610123,45.78039233333334,48.52532616666667,91567.18355916662,651.5029085150001,0.0,0.0
2026-09-05 23:00:00+00:00,14.3545,80.0,0.0,1013.1752,8.0,45.383,288.7152,54.0,Aalborg,23,5,9,45.07267,45.67573,46.592777,36.667896,45.37713333333335,47.0916145,93471.58419688702,651.4502735,0.0,0.0
2026-09-06 00:00:00+00:00,14.2045,79.0,0.0,1013.87354,5.0,40.4333,291.10898,55.079998,Aalborg,0,6,9,45.383,45.07267,45.67573,38.671436,43.629656666666676,45.21166616666667,66102.45121839405,574.33480985,0.0,0.0
2026-09-06 01:00:00+00:00,14.1045,78.0,0.0,1014.6719,5.0,40.92475,290.8436,51.12,Aalborg,1,6,9,40.4333,45.383,45.07267,38.085564,42.247016666666674,44.013704499999996,68542.21031907969,577.2231363750001,0.0,0.0
2026-09-06 02:00:00+00:00,14.0045,77.0,0.0,1015.07104,1.0,39.9801,290.82095,50.039997,Aalborg,2,6,9,40.92475,40.4333,45.383,34.227467,40.44605000000001,42.91159166666667,63904.5275133194,559.90131045,0.0,0.0
2026-09-06 03:00:00+00:00,13.7545,76.0,0.0,1015.0698,2.0,40.05702,288.1176,48.239998,Aalborg,3,6,9,39.9801,40.92475,40.4333,37.37089,40.32062333333334,41.97514,64274.08633903602,550.96428159,0.0,0.0
2026-09-06 04:00:00+00:00,13.6045,77.0,0.0,1015.76825,1.0,39.281094,287.9495,44.28,Aalborg,4,6,9,40.05702,39.9801,40.92475,35.151592,39.772738000000004,41.009877333333336,60610.89875122528,534.3996433230001,0.0,0.0
2026-09-06 05:00:00+00:00,13.5045,78.0,0.0,1016.5665,15.0,39.187737,286.65018,42.48,Aalborg,5,6,9,39.281094,40.05702,39.9801,35.914318,39.50861700000001,39.9773335,60179.774234021344,529.2107943165,0.0,0.0
2026-09-06 06:00:00+00:00,13.9045,75.0,0.0,1017.26746,21.0,37.897602,287.51233,42.12,Aalborg,6,6,9,39.187737,39.281094,40.05702,34.58353,38.788811,39.55471716666667,54429.60612026714,526.947207009,0.0,0.0
2026-09-06 07:00:00+00:00,14.7545,72.0,0.0,1017.7707,42.0,36.952198,289.12326,46.44,Aalborg,7,6,9,37.897602,39.187737,39.281094,35.945156,38.01251233333334,38.89262516666667,50456.930715234594,545.211205391,0.0,0.0
2026-09-06 08:00:00+00:00,15.554501,69.0,0.0,1018.2738,50.0,35.87359,290.91687,47.88,Aalborg,8,6,9,36.952198,37.897602,39.187737,38.266174,36.90779666666667,38.20820683333333,46166.24168474771,557.99579152859,0.0,0.0
2026-09-06 09:00:00+00:00,16.3045,68.0,0.0,1018.57697,63.0,35.791122,285.0581,48.96,Aalborg,9,6,9,35.87359,36.952198,37.897602,41.932213,36.20563666666667,37.49722383333333,45848.585264688394,583.556348649,0.0,0.0
2026-09-06 10:00:00+00:00,16.8545,66.0,0.0,1019.27856,87.0,32.56337,279.6145,46.44,Aalborg,10,6,9,35.791122,35.87359,36.952198,42.44185,34.742694,36.37760316666667,34529.32047827626,548.8393196650001,0.0,0.0
2026-09-06 11:00:00+00:00,17.6045,63.0,0.0,1019.6814,77.0,31.640497,279.25333,46.079998,Aalborg,11,6,9,32.56337,35.791122,35.87359,44.217068,33.331663000000006,35.11972983333333,31675.967592039815,557.0151294365,0.0,0.0
2026-09-06 12:00:00+00:00,17.7545,58.0,0.0,1019.98157,88.0,30.84047,278.17612,46.079998,Aalborg,12,6,9,31.640497,32.56337,35.791122,46.873352,31.681445666666672,33.94354116666667,29333.43778333377,547.557124615,0.0,0.0
2026-09-06 13:00:00+00:00,18.154501,64.0,0.0,1020.383,91.0,35.494053,276.52774,46.079998,Aalborg,13,6,9,30.84047,31.640497,32.56337,50.683746,32.65834,33.700517,44716.39464610483,644.376820682553,0.0,0.0
2026-09-06 14:00:00+00:00,18.154501,65.0,0.0,1020.383,78.0,32.655396,267.84476,41.399998,Aalborg,14,6,9,35.494053,30.84047,31.640497,54.46888,32.996639666666674,33.164151333333336,34822.89424937925,592.842419337396,0.0,0.0
2026-09-06 15:00:00+00:00,17.9545,64.0,0.0,1020.28217,85.0,27.466131,261.92175,41.039997,Aalborg,15,6,9,32.655396,35.494053,30.84047,48.86033,31.87186,31.77665283333333,20720.129303904345,493.1406490395,0.0,1.0
2026-09-06 16:00:00+00:00,17.8045,70.0,0.0,1020.3815,100.0,23.746384,251.0295,37.079998,Aalborg,16,6,9,27.466131,32.655396,35.494053,54.006935,27.95597033333334,30.307155166666664,13390.366356578957,422.792493928,1.0,1.0
2026-09-06 17:00:00+00:00,17.3045,79.0,0.1,1019.87976,99.0,19.811796,247.06787,28.44,Aalborg,17,6,9,23.746384,27.466131,32.655396,53.98527,23.67477033333334,28.335705000000004,7776.273778410953,342.833223882,1.0,1.0
2026-09-06 18:00:00+00:00,16.8045,80.0,0.0,1019.4781,83.0,23.198906,239.5565,24.119999,Aalborg,18,6,9,19.811796,23.746384,27.466131,51.71299,22.252362000000005,27.062111,12485.401579618478,389.846015877,1.0,1.0
2026-09-06 19:00:00+00:00,16.3045,81.0,0.0,1019.1762,100.0,23.107843,228.07755,22.68,Aalborg,19,6,9,23.198906,19.811796,23.746384,48.11252,22.039515000000005,24.997742666666667,12338.950572999018,376.7618261935,1.0,0.0
2026-09-06 20:00:00+00:00,16.0045,80.0,0.0,1018.7751,100.0,25.088884,216.46933,20.880001,Aalborg,20,6,9,23.107843,23.198906,19.811796,46.592777,23.79854433333334,23.73665733333333,15792.250729625284,401.53504397800003,0.0,0.0
2026-09-06 21:00:00+00:00,15.8545,81.0,0.0,1018.6747,100.0,25.28807,209.0545,24.84,Aalborg,21,6,9,25.088884,23.107843,23.198906,45.67573,24.494932333333338,23.373647166666668,16171.378979661977,400.92970581500003,0.0,0.0
2026-09-06 22:00:00+00:00,15.554501,84.0,0.0,1018.67334,100.0,27.947714,208.49554,28.08,Aalborg,22,6,9,25.28807,25.088884,23.107843,45.07267,26.108222666666673,24.073868833333336,21829.25282642605,434.712745360714,0.0,0.0
2026-09-06 23:00:00+00:00,15.304501,89.0,0.2,1018.47235,100.0,26.925705,208.4018,30.599998,Aalborg,23,6,9,27.947714,25.28807,25.088884,45.383,26.72049633333334,25.25952033333333,19520.96352441942,412.084479098205,0.0,0.0
2026-09-07 00:00:00+00:00,15.1545,92.0,0.2,1017.9723,100.0,30.639708,203.6294,27.0,Aalborg,0,0,9,26.925705,27.947714,25.28807,40.4333,28.50437566666667,26.499654000000003,28764.30375462784,464.329454886,0.0,0.0
2026-09-07 01:00:00+00:00,15.054501,90.0,0.0,1017.7723,100.0,30.247929,203.59134,30.599998,Aalborg,1,0,9,30.639708,26.925705,27.947714,40.92475,29.271114,27.689668333333334,27674.955730909085,455.367477378429,0.0,0.0
2026-09-07 02:00:00+00:00,14.804501,88.0,0.1,1017.2716,100.0,28.381578,193.95036,30.960001,Aalborg,2,0,9,30.247929,30.639708,26.925705,39.9801,29.756405000000004,28.238450666666665,22861.757563119285,420.175099882578,0.0,0.0
2026-09-07 03:00:00+00:00,14.554501,88.0,0.1,1016.7713,100.0,30.73249,192.5288,31.319998,Aalborg,3,0,9,28.381578,30.247929,30.639708,40.05702,29.78733233333334,29.145854,29026.404755365653,447.29605643749,0.0,0.0
2026-09-07 04:00:00+00:00,14.4045,90.0,0.3,1016.0714,100.0,30.298256,193.39252,30.960001,Aalborg,4,0,9,30.73249,28.381578,30.247929,39.281094,29.804108000000003,29.537611,27813.323829590314,436.431228552,0.0,0.0
2026-09-07 05:00:00+00:00,14.304501,89.0,0.0,1015.37195,97.0,26.47089,193.02309,28.8,Aalborg,5,0,9,30.298256,30.73249,28.381578,39.187737,29.167212000000003,29.461808500000004,18548.364850504367,378.65287247589004,0.0,0.0
2026-09-07 06:00:00+00:00,14.7045,87.0,0.0,1014.97437,93.0,31.755085,186.02548,29.519999,Aalborg,6,0,9,26.47089,30.298256,30.73249,37.897602,29.508077000000004,29.647704666666666,32021.36483146967,466.9426473825,0.0,0.0
2026-09-07 07:00:00+00:00,15.2545,84.0,0.0,1014.57745,88.0,34.515823,184.95703,33.12,Aalborg,7,0,9,31.755085,26.47089,30.298256,36.952198,30.91393266666667,30.359020333333333,41120.15089423011,526.5216219535,0.0,1.0
2026-09-07 08:00:00+00:00,16.1045,82.0,0.0,1014.08185,86.0,23.17501,182.1692,32.399998,Aalborg,8,0,9,34.515823,31.755085,26.47089,35.87359,29.815306000000007,29.491259000000003,12446.859596800703,373.22194854500003,1.0,1.0
2026-09-07 09:00:00+00:00,17.5545,79.0,0.0,1013.5893,95.0,24.78711,187.72855,33.839996,Aalborg,9,0,9,23.17501,34.515823,31.755085,35.791122,27.49264766666667,28.50036233333333,15229.220762774536,435.125322495,1.0,1.0
2026-09-07 10:00:00+00:00,19.5045,74.0,0.0,1012.9986,86.0,24.547527,186.56621,31.319998,Aalborg,10,0,9,24.78711,23.17501,34.515823,32.56337,24.169882333333337,27.541907499999997,14791.875375560814,478.7872403715,1.0,0.0
2026-09-07 11:00:00+00:00,20.8045,67.0,0.0,1012.5049,72.0,27.376333,186.62393,31.68,Aalborg,11,0,9,24.547527,24.78711,23.17501,31.640497,25.570323333333334,27.692814666666663,20517.56531841375,569.5509198985,0.0,0.0
2026-09-07 12:00:00+00:00,21.2045,60.0,0.0,1011.8077,65.0,28.87348,190.1491,34.2,Aalborg,12,0,9,27.376333,24.547527,24.78711,30.84047,26.932446666666674,27.212547166666667,24071.18065075989,612.24770666,0.0,1.0
2026-09-07 13:00:00+00:00,20.6045,57.0,0.0,1011.1057,76.0,24.567583,181.22755,35.28,Aalborg,13,0,9,28.87348,27.376333,24.547527,35.494053,26.939132,25.554507166666667,14828.161104381617,506.2027639235,1.0,0.0
2026-09-07 14:00:00+00:00,21.6045,59.0,0.0,1010.4111,87.0,26.330986,181.9091,34.92,Aalborg,14,0,9,24.567583,28.87348,27.376333,32.655396,26.590683000000002,26.08050316666667,18255.820903200918,568.867787037,0.0,0.0
2026-09-07 15:00:00+00:00,21.904501,61.0,0.0,1009.6134,86.0,27.52155,199.35909,28.44,Aalborg,15,0,9,26.330986,24.567583,28.87348,27.466131,26.14003966666667,26.536243166666665,20845.804885714126,602.84581949655,0.0,0.0
2026-09-07 16:00:00+00:00,22.154501,65.0,0.0,1008.9155,88.0,27.646524,203.9625,26.64,Aalborg,16,0,9,27.52155,26.330986,24.567583,23.746384,27.166353333333337,27.052742666666663,21131.07568657768,612.494943604524,0.0,0.0
2026-09-07 17:00:00+00:00,21.654501,66.0,0.0,1008.1144,97.0,30.559742,213.05145,23.039999,Aalborg,17,0,9,27.646524,27.52155,26.330986,19.811796,28.575938666666673,27.583310833333332,28539.67677297617,661.755963698742,0.0,0.0
2026-09-07 18:00:00+00:00,20.6045,66.0,0.0,1007.80994,98.0,31.628336,229.95033,25.199999,Aalborg,18,0,9,30.559742,27.646524,27.52155,23.198906,29.944867333333338,28.042453500000004,31639.457728891135,651.6860491120001,0.0,0.0
2026-09-07 19:00:00+00:00,19.7545,68.0,0.0,1007.7066,100.0,29.020752,232.36798,25.919998,Aalborg,19,0,9,31.628336,30.559742,27.646524,23.107843,30.40294333333334,28.784648333333333,24441.39477109561,573.290445384,0.0,0.0
2026-09-07 20:00:00+00:00,18.8545,74.0,0.0,1007.50275,100.0,26.635494,232.22424,29.519999,Aalborg,20,0,9,29.020752,31.628336,30.559742,25.088884,29.094860666666673,28.835399666666664,18896.53898259427,502.19892162300005,0.0,0.0
2026-09-07 21:00:00+00:00,18.3045,83.0,0.0,1007.4004,100.0,25.579727,233.3658,30.960001,Aalborg,21,0,9,26.635494,29.020752,31.628336,25.28807,27.078657666666672,28.511762500000003,16737.38921620773,468.2241128715,0.0,1.0
2026-09-07 22:00:00+00:00,18.0045,87.0,0.0,1007.29913,100.0,24.644516,241.97559,30.960001,Aalborg,22,0,9,25.579727,26.635494,29.020752,27.947714,25.619912333333335,28.011427833333332,14967.900243456303,443.712188322,1.0,1.0
2026-09-07 23:00:00+00:00,17.7545,87.0,0.0,1006.6987,100.0,23.318672,245.55606,30.960001,Aalborg,23,0,9,24.644516,25.579727,26.635494,26.925705,24.514305000000007,26.80458283333333,12679.771902936394,414.011362024,1.0,1.0
2026-09-08 00:00:00+00:00,17.1045,88.0,0.0,1006.49615,100.0,20.726727,254.78735,33.839996,Aalborg,0,1,9,23.318672,24.644516,25.579727,30.639708,22.89663833333334,24.987647999999997,8904.144135832017,354.52030197150003,1.0,1.0
2026-09-08 01:00:00+00:00,16.404501,86.0,0.0,1006.1934,100.0,18.587795,250.70985,30.960001,Aalborg,1,1,9,20.726727,23.318672,24.644516,30.247929,20.87773133333334,23.248821833333334,6422.196984862913,304.923501665295,1.0,1.0
2026-09-08 02:00:00+00:00,16.2045,85.0,0.0,1005.8929,100.0,20.08644,250.61539,25.919998,Aalborg,2,1,9,18.587795,20.726727,23.318672,28.381578,19.80032066666667,22.157312833333332,8104.176958284754,325.49071698,1.0,1.0
2026-09-08 03:00:00+00:00,15.7545,87.0,0.0,1005.19183,100.0,17.425419,237.75005,20.16,Aalborg,3,1,9,20.08644,18.587795,20.726727,30.73249,18.699884666666673,20.7982615,5291.145313498151,274.5287636355,1.0,1.0
2026-09-08 04:00:00+00:00,15.554501,87.0,0.0,1004.6915,100.0,19.173862,214.56259,17.28,Aalborg,4,1,9,17.425419,20.08644,18.587795,30.298256,18.895240333333337,19.88648583333333,7049.020797217182,298.239855652862,1.0,1.0
2026-09-08 05:00:00+00:00,15.304501,88.0,0.0,1004.0911,100.0,21.733633,206.35814,17.64,Aalborg,5,1,9,19.173862,17.425419,20.08644,26.47089,19.44430466666667,19.62231266666667,10265.899007887589,332.62240798213304,1.0,1.0
2026-09-08 06:00:00+00:00,15.4045,88.0,0.0,1003.9918,95.0,24.070807,210.6772,21.24,Aalborg,6,1,9,21.733633,19.173862,17.425419,31.755085,21.659434000000005,20.179659333333333,13946.715832450112,370.7987464315,1.0,1.0
2026-09-08 07:00:00+00:00,15.8545,90.0,0.0,1003.2946,98.0,23.462765,222.87889,22.68,Aalborg,7,1,9,24.070807,21.733633,19.173862,34.515823,23.08906833333334,20.992154333333335,12916.283606514076,371.9904076925,1.0,1.0
2026-09-08 08:00:00+00:00,16.8045,86.0,0.0,1003.09937,97.0,20.827467,214.35944,27.0,Aalborg,8,1,9,23.462765,24.070807,21.733633,23.17501,22.787013,21.115658833333335,9034.609066174047,349.9951692015,1.0,1.0
2026-09-08 09:00:00+00:00,17.8545,82.0,0.0,1002.8044,83.0,16.759117,210.86082,30.599998,Aalborg,9,1,9,20.827467,23.462765,24.070807,24.78711,20.349783000000002,21.0046085,4707.099717459674,299.22565447650004,1.0,1.0
2026-09-08 10:00:00+00:00,18.7545,78.0,0.0,1002.5088,71.0,23.079853,223.7681,30.599998,Aalborg,10,1,9,16.759117,20.827467,23.462765,24.547527,20.222145666666673,21.655607,12294.167198793804,432.8511030885,1.0,0.0
2026-09-08 11:00:00+00:00,19.7045,75.0,0.0,1002.1135,81.0,27.66489,224.74307,29.88,Aalborg,11,1,9,23.079853,16.759117,20.827467,27.376333,22.501286666666672,22.644149833333334,21173.21673939499,545.122825005,0.0,1.0
2026-09-08 12:00:00+00:00,18.7545,80.0,1.0,1001.70984,92.0,19.998901,213.55069,34.92,Aalborg,12,1,9,27.66489,23.079853,16.759117,28.87348,23.58121466666667,21.96549883333333,7998.6812724667325,375.0693888045,1.0,1.0
2026-09-08 13:00:00+00:00,18.1045,82.0,0.1,1001.10754,99.0,22.870861,240.09166,37.44,Aalborg,13,1,9,19.998901,27.66489,23.079853,24.567583,23.51155066666667,21.866848166666667,11963.204958175374,414.0655029745001,1.0,1.0
2026-09-08 14:00:00+00:00,18.0045,79.0,0.1,1000.80756,100.0,22.209242,224.03992,38.16,Aalborg,14,1,9,22.870861,19.998901,27.66489,26.330986,21.69300133333334,22.097144,10954.718171239363,399.866297589,1.0,1.0
2026-09-08 15:00:00+00:00,17.2545,84.0,0.2,1000.7042,100.0,21.373762,221.6725,37.079998,Aalborg,15,1,9,22.209242,22.870861,19.998901,27.52155,22.151288333333337,22.8662515,9764.340315872649,368.793576429,1.0,1.0
2026-09-08 16:00:00+00:00,16.904501,87.0,0.4,1000.4031,100.0,24.426859,213.57596,31.68,Aalborg,16,1,9,21.373762,22.209242,22.870861,27.646524,22.669954333333337,23.090752499999997,14574.80914900673,412.923862392359,1.0,0.0
2026-09-08 17:00:00+00:00,16.0545,92.0,0.8,1000.19965,100.0,27.165838,215.53777,29.519999,Aalborg,17,1,9,24.426859,21.373762,22.209242,30.559742,24.322153000000004,23.007577166666664,20047.919948538616,436.13394617100005,0.0,0.0
2026-09-08 18:00:00+00:00,15.554501,94.0,1.0,1000.59686,100.0,26.146225,215.71654,30.599998,Aalborg,18,1,9,27.165838,24.426859,21.373762,31.628336,25.912974000000006,24.03213116666667,17874.21520309524,406.69148290872505,0.0,0.0
2026-09-08 19:00:00+00:00,14.8545,88.0,0.7,1000.2941,100.0,25.337925,222.19356,24.119999,Aalborg,19,1,9,26.146225,27.165838,24.426859,29.020752,26.216662666666668,24.4433085,16267.212461694675,376.38220691249995,0.0,1.0
2026-09-08 20:00:00+00:00,14.1045,88.0,0.4,1000.19086,100.0,23.700972,235.25113,14.759999,Aalborg,20,1,9,25.337925,26.146225,27.165838,26.635494,25.061707333333334,24.691930166666666,13313.690955215061,334.290359574,1.0,1.0
2026-09-08 21:00:00+00:00,14.1045,87.0,0.7,1000.19086,100.0,20.8946,229.08571,16.919998,Aalborg,21,1,9,23.700972,25.337925,26.146225,25.579727,23.31116566666667,24.612069833333333,9122.254506174537,294.7078857,1.0,1.0
2026-09-08 22:00:00+00:00,13.6545,89.0,0.3,999.6896,100.0,19.590725,231.17992,17.28,Aalborg,22,1,9,20.8946,23.700972,25.337925,24.644516,21.395432333333336,23.806047500000002,7518.851805508862,267.5015545125,1.0,1.0
2026-09-08 23:00:00+00:00,13.4545,91.0,0.0,999.2891,100.0,19.825775,233.63704,16.199999,Aalborg,23,1,9,19.590725,20.8946,23.700972,23.318672,20.103700000000003,22.582703666666664,7792.745972550762,266.74588973749997,1.0,1.0
2026-09-09 00:00:00+00:00,13.1545,91.0,0.1,999.5872,100.0,18.845167,234.09018,15.4800005,Aalborg,0,2,9,19.825775,19.590725,20.8946,20.726727,19.420555666666672,21.365860666666666,6692.678624848234,247.8987493015,1.0,1.0
2026-09-09 01:00:00+00:00,12.7545,91.0,0.3,999.78503,100.0,16.633759,232.28395,19.44,Aalborg,1,2,9,18.845167,19.825775,19.590725,18.587795,18.434900333333335,19.915166333333335,4602.260684164157,212.15527916550002,1.0,1.0
2026-09-09 02:00:00+00:00,12.6045,92.0,0.1,999.5847,98.0,17.332436,238.24055,22.68,Aalborg,2,2,9,16.633759,18.845167,19.825775,20.08644,17.60378733333334,18.85374366666667,5206.894949129308,218.466689562,1.0,1.0
2026-09-09 03:00:00+00:00,12.4545,92.0,0.0,998.9849,75.0,19.938787,241.63104,20.519999,Aalborg,3,2,9,17.332436,16.633759,18.845167,17.425419,17.968327333333338,18.6944415,7926.768992515111,248.3276226915,1.0,1.0
2026-09-09 04:00:00+00:00,12.3545,92.0,0.0,999.184,80.0,21.421947,244.27443,18.0,Aalborg,4,2,9,19.938787,17.332436,16.633759,19.173862,19.564390000000007,18.999645166666667,9830.527478197166,264.6574442115,1.0,1.0
2026-09-09 05:00:00+00:00,12.3545,94.0,0.0,999.3838,80.0,22.484716,249.44386,18.0,Aalborg,5,2,9,21.421947,19.938787,17.332436,21.733633,21.28181666666667,19.442802,11367.428189473925,277.787423822,1.0,1.0
2026-09-09 06:00:00+00:00,12.5045,95.0,0.0,999.9838,48.0,22.283262,243.8385,22.319998,Aalborg,6,2,9,22.484716,21.421947,19.938787,24.070807,22.06330833333334,20.015817833333333,11064.614817997755,278.641049679,1.0,1.0
2026-09-09 07:00:00+00:00,13.7045,94.0,0.0,1000.28876,67.0,21.733633,243.64186,25.199999,Aalborg,7,2,9,22.283262,22.484716,21.421947,23.462765,22.16720366666667,20.865796833333334,10265.899007887589,297.8485734485,1.0,1.0
2026-09-09 08:00:00+00:00,15.054501,90.0,0.0,1000.6946,66.0,21.280672,254.7034,30.599998,Aalborg,8,2,9,21.733633,22.283262,22.484716,20.827467,21.76585566666667,21.523836166666666,9637.314103043826,320.369897904672,1.0,1.0
2026-09-09 09:00:00+00:00,16.154501,85.0,0.0,1000.79944,83.0,24.051619,267.90988,28.44,Aalborg,9,2,9,21.280672,21.733633,22.283262,16.759117,22.355308000000004,22.20930816666667,13913.389615063508,388.541903187119,1.0,1.0
2026-09-09 10:00:00+00:00,17.154501,82.0,0.0,1000.80383,82.0,23.603369,275.11722,30.960001,Aalborg,10,2,9,24.051619,21.280672,21.733633,23.079853,22.978553333333338,22.5728785,13149.885998349639,404.90401711386903,1.0,1.0
2026-09-09 11:00:00+00:00,16.8045,81.0,0.3,1001.2018,88.0,22.29224,271.80396,34.56,Aalborg,11,2,9,23.603369,24.051619,21.280672,27.66489,23.315742666666676,22.54079916666667,11077.994116890151,374.60994708000004,1.0,1.0
2026-09-09 12:00:00+00:00,17.154501,73.0,0.0,1001.5029,82.0,23.860819,269.57874,34.56,Aalborg,12,2,9,22.29224,23.603369,24.051619,19.998901,23.25214266666667,22.803725333333333,13584.88727313082,409.320443396319,1.0,0.0
2026-09-09 13:00:00+00:00,17.7045,71.0,0.0,1001.60535,56.0,27.864437,278.69122,37.8,Aalborg,13,2,9,23.860819,22.29224,23.603369,22.870861,24.67249866666667,23.825526,21634.697028179817,493.3259248665,0.0,0.0
2026-09-09 14:00:00+00:00,17.3045,68.0,0.0,1002.0029,24.0,29.679348,279.18384,39.6,Aalborg,14,2,9,27.864437,23.860819,22.29224,22.209242,27.134868,25.225305333333335,26143.460224756585,513.5862774660001,0.0,0.0
2026-09-09 15:00:00+00:00,16.8545,64.0,0.0,1002.20074,44.0,36.08916,274.74042,44.639996,Aalborg,15,2,9,29.679348,27.864437,23.860819,21.373762,31.21098166666667,27.231562166666667,47003.51333538272,608.26474722,0.0,0.0
2026-09-09 16:00:00+00:00,15.9045,66.0,0.0,1002.5958,76.0,37.336285,282.20755,45.719997,Aalborg,16,2,9,36.08916,29.679348,27.864437,24.426859,34.368264333333336,29.5203815,52046.71324839994,593.8149447825,0.0,0.0
2026-09-09 17:00:00+00:00,15.2545,66.0,0.0,1002.7928,31.0,32.809616,270.61276,45.719997,Aalborg,17,2,9,37.336285,36.08916,29.679348,27.165838,35.411687,31.273277499999995,35318.59693200683,500.494287272,0.0,0.0
2026-09-09 18:00:00+00:00,14.304501,71.0,0.0,1003.088,16.0,29.998611,256.12628,43.92,Aalborg,18,2,9,32.809616,37.336285,36.08916,26.146225,33.38150400000001,32.29624283333333,26996.24987363621,429.115161048111,0.0,0.0
2026-09-09 19:00:00+00:00,13.3545,77.0,0.0,1003.1835,31.0,29.796827,252.52513,33.48,Aalborg,19,2,9,29.998611,32.809616,37.336285,25.337925,30.868351333333337,32.61830783333333,26455.139647280907,397.9217261715,0.0,0.0
2026-09-09 20:00:00+00:00,13.054501,81.0,0.0,1003.382,71.0,35.389835,260.58444,32.399998,Aalborg,20,2,9,29.796827,29.998611,32.809616,23.700972,31.72842433333334,33.57005566666666,44323.65985810097,461.99663639733495,0.0,0.0
2026-09-09 21:00:00+00:00,13.2045,82.0,0.0,1003.78204,8.0,30.146,315.23578,31.319998,Aalborg,21,2,9,35.389835,29.796827,29.998611,20.8946,31.77755400000001,32.579529,27396.121552136003,398.062857,0.0,1.0
2026-09-09 22:00:00+00:00,13.3545,76.0,0.0,1004.58167,1.0,24.336594,338.42862,23.4,Aalborg,22,2,9,30.146,35.389835,29.796827,19.590725,29.957476333333336,30.41291383333333,14413.829844092736,325.003044573,1.0,1.0
2026-09-09 23:00:00+00:00,12.4045,81.0,0.0,1005.476,1.0,20.577688,320.88245,24.119999,Aalborg,23,2,9,24.336594,30.146,35.389835,19.825775,25.02009400000001,28.374259166666672,8713.441793538777,255.255930796,1.0,1.0
2026-09-10 00:00:00+00:00,11.9045,84.0,0.0,1006.67224,0.0,18.932348,327.4881,12.959999,Aalborg,0,3,9,20.577688,24.336594,30.146,18.845167,21.282210000000006,26.529882,6785.993451577722,225.38013676600002,1.0,1.0
2026-09-10 01:00:00+00:00,12.0045,87.0,0.0,1007.47144,12.0,18.909573,332.95956,12.959999,Aalborg,1,3,9,18.932348,20.577688,24.336594,16.633759,19.47320300000001,24.715339666666665,6761.532910987348,226.99996907850002,1.0,1.0
2026-09-10 02:00:00+00:00,11.7045,88.0,0.0,1008.1693,47.0,16.564222,331.5349,12.24,Aalborg,2,3,9,18.909573,18.932348,20.577688,17.332436,18.13538100000001,21.5777375,4544.782744412968,193.875936399,1.0,1.0
2026-09-10 03:00:00+00:00,11.4045,89.0,0.0,1008.6671,38.0,13.417621,332.76492,10.799999,Aalborg,3,3,9,16.564222,18.909573,18.932348,19.938787,16.297138666666672,18.789674333333334,2415.6085678368827,153.0212586945,1.0,0.08266234345832374
2026-09-10 04:00:00+00:00,10.8545,89.0,0.0,1009.2638,1.0,6.9205327,300.46545,10.440001,Aalborg,4,3,9,13.417621,16.564222,18.909573,21.421947,12.300791900000007,15.88699745,331.4504211470416,75.11892219215,0.08266234345832374,1.0
2026-09-10 05:00:00+00:00,10.5045,87.0,0.0,1009.6617,12.0,15.459854,260.85843,10.440001,Aalborg,5,3,9,6.9205327,13.417621,16.564222,22.484716,11.93266923333334,15.034025116666667,3695.014649907833,162.398036343,1.0,1.0
2026-09-10 06:00:00+00:00,10.2545,87.0,0.0,1010.2596,15.0,12.301006,273.27042,10.799999,Aalborg,6,3,9,15.459854,6.9205327,13.417621,22.283262,11.56046423333334,13.92880145,1861.3236305651462,126.140666027,1.0,1.0
2026-09-10 07:00:00+00:00,12.2545,82.0,0.0,1010.8683,14.0,14.348791,281.9969,11.879999,Aalborg,7,3,9,12.301006,15.459854,6.9205327,21.733633,14.03655033333334,13.168671116666667,2954.2410570161,175.8372593095,1.0,1.0
2026-09-10 08:00:00+00:00,13.7045,64.0,0.0,1011.57404,22.0,13.513625,299.56024,16.199999,Aalborg,8,3,9,14.348791,12.301006,15.459854,21.280672,13.38780733333334,12.660238283333333,2467.8319897246656,185.1974738125,1.0,1.0
2026-09-10 09:00:00+00:00,15.3545,60.0,0.0,1011.5816,49.0,15.677332,301.73346,26.64,Aalborg,9,3,9,13.513625,14.348791,12.301006,24.051619,14.51324933333334,13.036856783333333,3853.1548841726653,240.717594194,1.0,1.0
2026-09-10 10:00:00+00:00,15.9545,56.0,0.0,1011.8841,42.0,14.9280815,293.55228,29.16,Aalborg,10,3,9,15.677332,13.513625,14.348791,23.603369,14.706346166666671,14.37144825,3326.6873926969547,238.17007629174998,1.0,1.0
2026-09-10 11:00:00+00:00,16.654501,52.0,0.0,1012.58636,67.0,15.109455,282.7453,29.16,Aalborg,11,3,9,14.9280815,15.677332,13.513625,22.29224,15.238289500000008,14.313048416666666,3449.4225541804817,251.640433406955,1.0,1.0
2026-09-10 12:00:00+00:00,17.1045,53.0,0.0,1012.98773,50.0,17.017918,270.0,31.68,Aalborg,12,3,9,15.109455,14.9280815,15.677332,23.860819,15.685151500000009,15.099200416666667,4928.551285543584,291.0829784310001,1.0,1.0
2026-09-10 13:00:00+00:00,16.904501,55.0,0.0,1013.68585,39.0,21.590834,268.13742,33.839996,Aalborg,13,3,9,17.017918,15.109455,14.9280815,27.864437,17.906069000000006,16.306207583333336,10064.871976557944,364.982274943834,1.0,1.0
2026-09-10 14:00:00+00:00,16.5545,54.0,0.0,1014.2835,59.0,24.087423,273.75848,37.44,Aalborg,14,3,9,21.590834,17.017918,15.109455,29.679348,20.89872500000001,18.06850725,13975.617892381728,398.75524405350006,1.0,1.0
2026-09-10 15:00:00+00:00,16.5045,57.0,0.0,1014.2835,72.0,22.632755,270.44412,36.0,Aalborg,15,3,9,24.087423,21.590834,17.017918,36.08916,22.77033733333334,19.227744416666667,11593.438608486207,373.5423048975,1.0,1.0
2026-09-10 16:00:00+00:00,16.1045,60.0,0.0,1014.28156,77.0,22.123148,267.7276,34.2,Aalborg,16,3,9,22.632755,24.087423,21.590834,37.336285,22.94777533333334,20.426922166666667,10827.813681966027,356.282236966,1.0,1.0
2026-09-10 17:00:00+00:00,15.3545,59.0,0.0,1014.2781,84.0,20.526768,270.0,28.44,Aalborg,17,3,9,22.123148,22.632755,24.087423,32.809616,21.76089033333334,21.329807666666667,8648.91684151814,315.178259256,1.0,1.0
2026-09-10 18:00:00+00:00,14.5045,64.0,0.0,1014.574,77.0,18.101208,266.66623,25.199999,Aalborg,18,3,9,20.526768,22.123148,22.632755,29.998611,20.250374666666673,21.510356,5930.928337879798,262.548971436,1.0,1.0
2026-09-10 19:00:00+00:00,13.4545,70.0,0.0,1014.7688,100.0,13.111317,257.6375,18.359999,Aalborg,19,3,9,18.101208,20.526768,22.123148,29.796827,17.246431000000005,20.097103166666667,2253.9223658868364,176.4062145765,1.0,1.0
2026-09-10 20:00:00+00:00,12.304501,76.0,0.0,1014.7635,100.0,17.050444,229.59062,14.4,Aalborg,20,3,9,13.111317,18.101208,20.526768,35.389835,16.08765633333334,18.924273333333332,4956.864850813593,209.797205248444,1.0,1.0
2026-09-10 21:00:00+00:00,11.6545,80.0,0.0,1015.0599,97.0,21.505123,221.36172,15.84,Aalborg,21,3,9,17.050444,13.111317,18.101208,30.146,17.222294666666674,18.736334666666664,9945.481013195276,250.63145600350003,1.0,1.0
2026-09-10 22:00:00+00:00,11.2545,82.0,0.0,1014.7583,86.0,22.59669,211.34515,18.359999,Aalborg,22,3,9,21.505123,17.050444,13.111317,24.336594,20.384085666666675,18.815258333333336,11538.104895987313,254.314447605,1.0,1.0
2026-09-10 23:00:00+00:00,10.6545,82.0,0.0,1014.75555,56.0,23.391817,204.83514,18.359999,Aalborg,23,3,9,22.59669,21.505123,17.050444,20.577688,22.497876666666674,19.2927665,12799.466649708582,249.2281142265,1.0,0.0
2026-09-11 00:00:00+00:00,10.4545,81.0,0.0,1014.6547,56.0,25.154436,190.44777,19.8,Aalborg,0,4,9,23.391817,22.59669,21.505123,18.932348,23.714314333333345,20.4683045,15916.359969229636,262.977051162,0.0,0.0
2026-09-11 01:00:00+00:00,10.5045,81.0,0.0,1014.55524,100.0,25.53155,190.69217,22.319998,Aalborg,1,4,9,25.154436,23.391817,22.59669,18.909573,24.692601000000007,22.538343333333334,16642.9973421962,268.196166975,0.0,0.0
2026-09-11 02:00:00+00:00,10.7045,81.0,0.0,1014.3563,100.0,26.640116,186.04842,21.599998,Aalborg,2,4,9,25.53155,25.154436,23.391817,16.564222,25.77536733333334,24.136622,18906.377917056205,285.169121722,0.0,0.0
2026-09-11 03:00:00+00:00,10.6545,83.0,0.0,1013.75684,99.0,28.4482,182.47415,21.24,Aalborg,3,4,9,26.640116,25.53155,25.154436,13.417621,26.87328866666667,25.2938015,23023.130628028168,303.1013469,0.0,0.0
2026-09-11 04:00:00+00:00,10.804501,81.0,0.0,1013.5581,100.0,29.303616,181.02913,25.199999,Aalborg,4,4,9,28.4482,26.640116,25.53155,6.9205327,28.130644000000007,26.411622500000004,25163.071048899867,316.61094837561603,0.0,0.0
2026-09-11 05:00:00+00:00,11.3545,80.0,0.0,1013.1612,84.0,29.62485,185.77803,28.08,Aalborg,5,4,9,29.303616,28.4482,26.640116,15.459854,29.125555333333338,27.450461333333333,25999.70857934343,336.375359325,0.0,0.0
2026-09-11 06:00:00+00:00,12.0045,82.0,0.0,1012.9642,100.0,28.843082,189.80603,29.16,Aalborg,6,4,9,29.62485,29.303616,28.4482,12.301006,29.257182666666676,28.065235666666666,23995.234245676475,346.24677786899997,0.0,0.0
2026-09-11 07:00:00+00:00,12.804501,82.0,0.0,1013.068,100.0,28.977762,194.37282,29.16,Aalborg,7,4,9,28.843082,29.62485,29.303616,14.348791,29.148564666666672,28.639604333333335,24332.936538994698,371.045782506762,0.0,0.0
2026-09-11 08:00:00+00:00,13.6545,82.0,0.0,1013.0721,97.0,25.966671,197.70052,29.16,Aalborg,8,4,9,28.977762,28.843082,29.62485,13.513625,27.929171666666676,28.527363500000003,17508.495395112208,354.56190916950004,0.0,1.0
2026-09-11 09:00:00+00:00,14.7545,83.0,0.2,1013.4763,96.0,21.625017,183.72124,27.359999,Aalborg,9,4,9,25.966671,28.977762,28.843082,15.677332,25.523150000000005,27.390166333333337,10112.752365315624,319.0663133265,1.0,1.0
2026-09-11 10:00:00+00:00,15.6045,88.0,0.5,1013.78,100.0,24.287855,184.55733,27.0,Aalborg,10,4,9,21.625017,25.966671,28.977762,14.9280815,23.959847666666676,26.554206166666663,14327.403247883323,378.9998333475,1.0,0.0
2026-09-11 11:00:00+00:00,16.154501,90.0,0.2,1013.9823,99.0,25.804956,181.94804,28.44,Aalborg,11,4,9,24.287855,21.625017,25.966671,15.109455,23.905942666666675,25.917557166666665,17183.410636735578,416.866187506956,0.0,0.0
2026-09-11 12:00:00+00:00,16.2045,84.0,0.0,1013.88245,100.0,29.923098,187.74994,28.08,Aalborg,12,4,9,25.804956,24.287855,21.625017,17.017918,26.671969666666673,26.097559833333335,26792.89639779227,484.888841541,0.0,0.0
2026-09-11 13:00:00+00:00,16.0545,88.0,0.8,1014.18146,100.0,30.655775,185.25371,28.8,Aalborg,13,4,9,29.923098,25.804956,24.287855,21.590834,28.794609666666673,26.377228666666667,28809.578186595063,492.1631397375,0.0,0.0
2026-09-11 14:00:00+00:00,15.9045,91.0,1.0,1013.981,100.0,28.826002,183.48926,26.28,Aalborg,14,4,9,30.655775,29.923098,25.804956,24.087423,29.801625000000005,26.853783833333328,23952.631729606,458.463148809,0.0,0.0
2026-09-11 15:00:00+00:00,15.7545,86.0,0.2,1014.0803,99.0,30.315014,192.02525,33.48,Aalborg,15,4,9,28.826002,30.655775,29.923098,22.632755,29.932263666666675,28.302116666666667,27859.50010386028,477.597888063,0.0,0.0
2026-09-11 16:00:00+00:00,16.1045,87.0,0.0,1014.1817,100.0,27.639845,208.84256,34.2,Aalborg,16,4,9,30.315014,28.826002,30.655775,22.123148,28.926953666666673,28.860781666666668,21115.764500128153,445.1258838025001,0.0,0.0
2026-09-11 17:00:00+00:00,16.1045,90.0,0.0,1014.58124,96.0,25.977928,221.44064,33.12,Aalborg,17,4,9,27.639845,30.315014,28.826002,20.526768,27.977595666666673,28.889610333333334,17531.275972755462,418.361541476,0.0,1.0
2026-09-11 18:00:00+00:00,15.9045,93.0,0.0,1015.2793,88.0,24.19389,224.11868,29.16,Aalborg,18,4,9,25.977928,27.639845,30.315014,18.101208,25.937221000000005,27.934742333333332,14161.75592888236,384.791723505,1.0,1.0
2026-09-11 19:00:00+00:00,15.554501,96.0,0.0,1015.87695,98.0,21.665545,238.24055,24.119999,Aalborg,19,4,9,24.19389,25.977928,27.639845,13.111317,23.945787666666675,26.436370666666665,10169.716697518179,336.99674136804504,1.0,1.0
2026-09-11 20:00:00+00:00,15.1545,97.0,0.0,1016.3744,100.0,21.921883,257.52094,21.599998,Aalborg,20,4,9,21.665545,24.19389,25.977928,17.050444,22.593772666666677,25.28568416666667,10534.976388844787,332.21517592350006,1.0,1.0
2026-09-11 21:00:00+00:00,15.2545,93.0,0.0,1016.475,99.0,22.298454,267.74548,22.319998,Aalborg,21,4,9,21.921883,21.665545,24.19389,21.505123,21.961960666666673,23.949590833333332,11087.260728875064,340.151766543,1.0,1.0
2026-09-11 22:00:00+00:00,15.1045,93.0,0.0,1016.7738,84.0,21.800093,266.3087,23.039999,Aalborg,22,4,9,22.298454,21.921883,21.665545,22.59669,22.006810000000005,22.976298833333335,10360.364592525646,329.2795047185,1.0,1.0
2026-09-11 23:00:00+00:00,14.6545,92.0,0.0,1016.8716,45.0,23.02578,266.50543,23.759998,Aalborg,23,4,9,21.800093,22.298454,21.921883,23.391817,22.374775666666675,22.48427416666667,12207.958735113207,337.43129301000005,1.0,1.0
2026-09-12 00:00:00+00:00,13.9545,95.0,0.0,1016.66864,7.0,24.742985,268.78116,19.08,Aalborg,0,5,9,23.02578,21.800093,22.298454,25.154436,23.18961933333334,22.57579,15148.034150701498,345.2759841825,1.0,1.0
2026-09-12 01:00:00+00:00,13.3545,95.0,0.0,1016.8655,41.0,23.876295,267.89453,21.96,Aalborg,1,5,9,24.742985,23.02578,21.800093,25.53155,23.88168666666667,22.944248333333334,13611.33767769721,318.85598157749996,1.0,1.0
2026-09-12 02:00:00+00:00,13.1545,96.0,0.0,1016.96436,93.0,23.344398,268.27737,22.319998,Aalborg,2,5,9,23.876295,24.742985,23.02578,26.640116,23.98789266666667,23.18133416666667,12721.784563826599,307.08388349100005,1.0,1.0
2026-09-12 03:00:00+00:00,12.7045,96.0,0.0,1016.66284,42.0,23.413517,265.2721,23.4,Aalborg,3,5,9,23.344398,23.876295,24.742985,28.4482,23.544736666666676,23.367178,12835.120934221768,297.4570267265,1.0,1.0
2026-09-12 04:00:00+00:00,12.2545,96.0,0.0,1016.66064,8.0,21.713087,257.87292,21.96,Aalborg,4,5,9,23.413517,23.344398,23.876295,29.303616,22.823667333333344,23.352677,10236.81176418035,266.0830246415,1.0,1.0
2026-09-12 05:00:00+00:00,11.7545,97.0,0.0,1016.8582,61.0,21.488657,256.3041,19.08,Aalborg,5,5,9,21.713087,23.413517,23.344398,29.62485,22.205087000000006,23.096489833333333,9922.653392095928,252.5884187065,1.0,1.0
2026-09-12 06:00:00+00:00,11.9045,95.0,0.0,1017.3582,49.0,21.75062,250.68805,20.16,Aalborg,6,5,9,21.488657,21.713087,23.413517,28.843082,21.650788000000006,22.597762333333336,10289.98929633234,258.93025579000005,1.0,1.0
2026-09-12 07:00:00+00:00,13.1045,90.0,0.0,1017.863,60.0,22.90314,247.95404,21.24,Aalborg,7,5,9,21.75062,21.488657,21.713087,28.977762,22.047472333333342,22.435569833333332,12013.92961958548,300.13419813,1.0,1.0
2026-09-12 08:00:00+00:00,14.4045,84.0,0.0,1017.6693,64.0,20.756407,247.11932,23.039999,Aalborg,8,5,9,22.90314,21.75062,21.488657,25.966671,21.803389000000006,22.004238,8942.450272416154,298.9856646315,1.0,1.0
2026-09-12 09:00:00+00:00,15.804501,80.0,0.0,1017.4762,81.0,20.007362,243.43501,25.919998,Aalborg,9,5,9,20.756407,22.90314,21.75062,21.625017,21.222303000000007,21.436545500000005,8008.837652341654,316.206372736362,1.0,1.0
2026-09-12 10:00:00+00:00,17.0545,76.0,0.0,1016.88245,89.0,20.01044,238.2609,23.759998,Aalborg,10,5,9,20.007362,20.756407,22.90314,24.287855,20.258069666666675,21.152771,8012.5345407538925,341.26804898,1.0,1.0
2026-09-12 11:00:00+00:00,17.5545,73.0,0.0,1016.4855,100.0,18.634104,217.73311,28.08,Aalborg,11,5,9,20.01044,20.007362,20.756407,25.804956,19.55063533333334,20.677012166666668,6470.31679920691,327.112378668,1.0,1.0
2026-09-12 12:00:00+00:00,17.8545,79.0,0.0,1015.8875,100.0,22.527796,217.40543,31.68,Aalborg,12,5,9,18.634104,20.01044,20.007362,29.923098,20.390780000000007,20.806541499999998,11432.892348164758,402.222533682,1.0,1.0
2026-09-12 13:00:00+00:00,16.4545,81.0,0.0,1015.5815,99.0,24.56821,226.15724,33.48,Aalborg,13,5,9,22.527796,18.634104,20.01044,30.655775,21.910036666666674,21.084053166666667,14829.296441255477,404.257611445,1.0,1.0
2026-09-12 14:00:00+00:00,16.8545,82.0,0.0,1015.1839,93.0,23.12715,232.08684,30.599998,Aalborg,14,5,9,24.56821,22.527796,18.634104,28.826002,23.40771866666667,21.479177000000004,12369.904637102127,389.79654967500005,1.0,1.0
2026-09-12 15:00:00+00:00,16.654501,84.0,0.0,1014.88336,100.0,21.10712,207.20393,29.16,Aalborg,15,5,9,23.12715,24.56821,22.527796,30.315014,22.93416000000001,21.66247,9403.443894916461,351.52855114711997,1.0,0.0
2026-09-12 16:00:00+00:00,16.2045,85.0,0.2,1014.18207,100.0,27.52155,199.35909,28.8,Aalborg,16,5,9,21.10712,23.12715,24.56821,27.639845,23.918606666666673,22.914321666666666,20845.804885714126,445.972956975,0.0,0.0
2026-09-12 17:00:00+00:00,15.554501,88.0,0.6,1013.8796,100.0,32.13663,200.1168,29.519999,Aalborg,17,5,9,27.52155,21.10712,23.12715,25.977928,26.92176666666667,25.164742666666665,33189.52201523801,499.86924347162994,0.0,0.0
2026-09-12 18:00:00+00:00,15.054501,93.0,0.6,1013.37805,100.0,35.18179,204.13655,34.2,Aalborg,18,5,9,32.13663,27.52155,21.10712,24.19389,31.61332333333334,27.273741666666666,43546.55425615445,529.64429273679,0.0,0.0
2026-09-12 19:00:00+00:00,14.9045,94.0,0.2,1012.3787,100.0,35.941734,205.43925,33.12,Aalborg,19,5,9,35.18179,32.13663,27.52155,21.665545,34.42005133333333,29.169328999999994,46429.828246280835,535.693574403,0.0,0.0
2026-09-12 20:00:00+00:00,14.804501,93.0,0.2,1012.1783,100.0,32.369965,220.16335,39.96,Aalborg,20,5,9,35.941734,35.18179,32.13663,21.921883,34.49782966666667,30.70979816666667,33917.72303234446,479.221179212465,0.0,0.0
2026-09-12 21:00:00+00:00,14.6545,91.0,0.1,1011.7782,100.0,26.776104,230.05028,36.36,Aalborg,21,5,9,32.369965,35.941734,35.18179,22.298454,31.695934333333337,31.654628833333334,19197.38870714774,392.39041606800004,0.0,1.0
2026-09-12 22:00:00+00:00,14.554501,93.0,0.0,1011.37836,100.0,24.211695,233.54518,31.68,Aalborg,22,5,9,26.776104,32.369965,35.941734,21.800093,27.785921333333338,31.102986333333334,14193.045110721174,352.389139089195,1.0,1.0
2026-09-12 23:00:00+00:00,14.6545,95.0,0.0,1011.4786,100.0,24.14741,234.46223,26.28,Aalborg,23,5,9,24.211695,26.776104,32.369965,23.02578,25.045069666666674,29.77144966666667,14080.292222159473,353.868219845,1.0,1.0
2026-09-13 00:00:00+00:00,14.9045,97.0,0.0,1011.38007,100.0,23.137794,238.96179,23.759998,Aalborg,0,6,9,24.14741,24.211695,26.776104,24.742985,23.83229966666667,27.764117,12386.99181018445,344.857250673,1.0,1.0
2026-09-13 01:00:00+00:00,15.2045,96.0,0.0,1011.3813,100.0,21.992676,248.96242,22.68,Aalborg,1,6,9,23.137794,24.14741,24.211695,23.876295,23.09262666666667,25.439274,10637.369091911549,334.38764224199997,1.0,1.0
2026-09-13 02:00:00+00:00,15.3545,97.0,0.0,1011.5816,97.0,21.50226,248.45895,23.4,Aalborg,2,6,9,21.992676,23.137794,24.14741,23.344398,22.210910000000002,23.627989833333334,9941.509384451743,330.15645116999997,1.0,1.0
2026-09-13 03:00:00+00:00,15.0045,98.0,0.0,1010.6812,74.0,23.695126,252.77243,16.919998,Aalborg,3,6,9,21.50226,21.992676,23.137794,23.413517,22.396687333333336,23.1144935,13303.841657746994,355.533518067,1.0,1.0
2026-09-13 04:00:00+00:00,15.1045,98.0,0.0,1010.9814,100.0,23.235365,255.12427,21.96,Aalborg,4,6,9,23.695126,21.50226,21.992676,21.713087,22.810917000000003,22.951771833333336,12544.359664582875,350.95857064250004,1.0,1.0
2026-09-13 05:00:00+00:00,15.304501,97.0,0.0,1011.3816,100.0,24.935059,256.15927,21.599998,Aalborg,5,6,9,23.235365,23.695126,21.50226,21.488657,23.955183333333338,23.083046666666664,15503.551651133219,381.618635400559,1.0,0.0
2026-09-13 06:00:00+00:00,15.304501,95.0,0.0,1011.48145,100.0,27.129555,275.19434,25.199999,Aalborg,6,6,9,24.935059,23.235365,23.695126,21.75062,25.099993,23.748340166666665,19967.698503855667,415.204301627055,0.0,0.0
2026-09-13 07:00:00+00:00,15.2045,88.0,0.0,1011.8806,74.0,27.117073,282.32776,33.839996,Aalborg,7,6,9,27.129555,24.935059,23.235365,22.90314,26.39389566666667,24.602406333333334,19940.150448686414,412.3015364285,0.0,0.0
2026-09-13 08:00:00+00:00,15.4545,80.0,0.0,1012.08167,35.0,28.381578,283.95038,34.2,Aalborg,8,6,9,27.117073,27.129555,24.935059,20.756407,27.54273533333334,25.74895933333333,22861.757563119285,438.623097201,0.0,0.0
2026-09-13 09:00:00+00:00,15.9045,71.0,0.0,1012.6827,28.0,29.959593,284.93146,37.8,Aalborg,9,6,9,28.381578,27.117073,27.129555,20.007362,28.486081333333342,26.793037166666668,26891.047979334868,476.4923468685,0.0,0.0
2026-09-13 10:00:00+00:00,16.5045,68.0,0.0,1013.18494,61.0,28.534086,286.42938,37.8,Aalborg,10,6,9,29.959593,28.381578,27.117073,20.01044,28.958419000000006,27.676157333333336,23232.283438739356,470.94082238699997,0.0,0.0
2026-09-13 11:00:00+00:00,16.7545,65.0,0.0,1013.3857,68.0,28.551882,283.86548,38.16,Aalborg,11,6,9,28.534086,29.959593,28.381578,18.634104,29.015187,28.278961166666672,23275.778747087454,478.37250696899997,0.0,0.0
2026-09-13 12:00:00+00:00,17.154501,63.0,0.0,1013.28766,68.0,27.007885,276.3401,42.12,Aalborg,12,6,9,28.551882,28.534086,29.959593,22.527796,28.031284333333335,28.258682833333335,19700.249531521466,463.306790240385,0.0,0.0
2026-09-13 13:00:00+00:00,17.0045,59.0,0.0,1013.4868,71.0,28.403265,276.02744,42.839996,Aalborg,13,6,9,27.007885,28.551882,28.534086,24.56821,27.987677333333338,28.47304816666667,22914.205163485978,482.9833196925,0.0,0.0
2026-09-13 14:00:00+00:00,17.0045,59.0,0.0,1013.38696,86.0,27.775373,273.6214,41.760002,Aalborg,14,6,9,28.403265,27.007885,28.551882,23.12715,27.728841000000006,28.372014000000004,21427.904374217345,472.3063301785,0.0,0.0
2026-09-13 15:00:00+00:00,16.7545,61.0,0.0,1013.08606,75.0,28.456314,272.82706,37.44,Aalborg,15,6,9,27.775373,28.403265,27.007885,21.10712,28.21165066666667,28.121467499999998,23042.836230020683,476.771312913,0.0,1.0
2026-09-13 16:00:00+00:00,16.5045,65.0,0.0,1013.2848,86.0,23.376022,273.44214,36.0,Aalborg,16,6,9,28.456314,27.775373,28.403265,27.52155,26.535903000000005,27.261790166666668,12773.556166276756,385.80955509899997,1.0,1.0
2026-09-13 17:00:00+00:00,15.9545,72.0,0.0,1013.482,91.0,24.842304,264.7324,33.839996,Aalborg,17,6,9,23.376022,28.456314,27.775373,32.13663,25.558213333333338,26.64352716666666,15331.181180542588,396.346539168,1.0,0.0
2026-09-13 18:00:00+00:00,15.6045,78.0,0.0,1013.78,79.0,25.090725,263.17322,27.72,Aalborg,18,6,9,24.842304,23.376022,28.456314,35.18179,24.436350333333337,26.3240005,15795.727448681673,391.5282182625,0.0,1.0
2026-09-13 19:00:00+00:00,14.8545,81.0,0.0,1014.3758,34.0,24.602013,266.72958,23.759998,Aalborg,19,6,9,25.090725,24.842304,23.376022,35.941734,24.845014000000003,25.690458500000002,14890.590860298229,365.4506021085,1.0,1.0
2026-09-13 20:00:00+00:00,14.1545,86.0,0.0,1014.5724,2.0,23.700972,272.12103,21.599998,Aalborg,20,6,9,24.602013,25.090725,24.842304,32.369965,24.464570000000005,25.011391666666665,13313.690955215061,335.475408174,1.0,1.0
2026-09-13 21:00:00+00:00,13.0045,91.0,0.0,1015.0663,2.0,23.695127,271.6971,14.4,Aalborg,21,6,9,23.700972,24.602013,25.090725,26.776104,23.999370666666675,24.2178605,13303.843342124055,308.1432790715,1.0,0.0
2026-09-13 22:00:00+00:00,12.5045,93.0,0.0,1015.46344,5.0,25.644024,272.7449,16.199999,Aalborg,22,6,9,23.695127,23.700972,24.602013,24.211695,24.346707666666674,24.595860833333333,16863.91963828931,320.665698108,0.0,0.0
2026-09-13 23:00:00+00:00,12.2045,94.0,0.0,1015.8614,7.0,25.220425,281.23172,16.56,Aalborg,23,6,9,25.644024,23.695127,23.700972,24.14741,24.853192000000004,24.658880999999997,16041.951623376162,307.8026769125,0.0,1.0
2026-09-14 00:00:00+00:00,11.9045,94.0,0.0,1015.96,18.0,23.192934,280.45984,15.119999,Aalborg,0,0,9,25.220425,25.644024,23.695127,23.137794,24.685794333333337,24.342582500000002,12475.761863140786,276.100282803,1.0,1.0
2026-09-14 01:00:00+00:00,11.804501,94.0,0.0,1016.45874,67.0,24.663242,278.59113,15.4800005,Aalborg,1,0,9,23.192934,25.220425,25.644024,21.992676,24.358867000000004,24.352787333333335,15002.0460059312,291.137264852242,1.0,1.0
2026-09-14 02:00:00+00:00,11.3545,94.0,0.0,1016.7564,56.0,23.853075,279.73938,19.08,Aalborg,2,0,9,24.663242,23.192934,25.220425,21.50226,23.903083666666674,24.37813783333333,13571.664689141546,270.8397400875,1.0,1.0
2026-09-14 03:00:00+00:00,11.054501,94.0,0.0,1017.1543,71.0,24.160791,275.8347,17.64,Aalborg,3,0,9,23.853075,24.663242,23.192934,23.695126,24.225702666666667,24.4557485,14103.712474738653,267.085488270291,1.0,1.0
2026-09-14 04:00:00+00:00,10.8545,93.0,0.0,1017.1534,97.0,22.862112,273.96024,15.84,Aalborg,4,0,9,24.160791,23.853075,24.663242,23.235365,23.625326000000005,23.9920965,11949.481026259127,248.156794704,1.0,1.0
2026-09-14 05:00:00+00:00,10.7545,91.0,0.0,1017.5525,63.0,24.935059,267.58054,18.359999,Aalborg,5,0,9,22.862112,24.160791,23.853075,24.935059,23.985987333333338,23.9445355,15503.551651133219,268.1640920155,1.0,0.0
2026-09-14 06:00:00+00:00,11.1545,84.0,0.0,1018.0538,73.0,25.994513,267.29214,20.880001,Aalborg,6,0,9,24.935059,22.862112,24.160791,27.129555,24.597228000000005,24.411465333333336,17564.874712193985,289.9557952585,0.0,1.0
2026-09-14 07:00:00+00:00,12.6545,78.0,0.0,1018.2605,64.0,24.9153,270.80692,24.48,Aalborg,7,0,9,25.994513,24.935059,22.862112,27.117073,25.281624000000004,24.453474999999997,15466.724949104575,315.29066385,1.0,0.0
2026-09-14 08:00:00+00:00,14.0045,72.0,0.0,1018.56647,87.0,28.042818,280.81778,32.760002,Aalborg,8,0,9,24.9153,25.994513,24.935059,28.381578,26.31754366666667,25.1517655,22052.86201851613,392.725644681,0.0,0.0
2026-09-14 09:00:00+00:00,15.1545,65.0,0.0,1018.87115,95.0,28.734562,282.33908,34.92,Aalborg,9,0,9,28.042818,24.9153,25.994513,29.959593,27.23089333333334,25.914060666666668,23725.411011817177,435.45791982900005,0.0,1.0
2026-09-14 10:00:00+00:00,15.8545,64.0,0.0,1019.174,88.0,24.842304,280.99246,36.36,Aalborg,10,0,9,28.734562,28.042818,24.9153,28.534086,27.206561333333337,26.24409266666667,15331.181180542588,393.862308768,1.0,1.0
2026-09-14 11:00:00+00:00,16.154501,64.0,0.0,1019.3753,100.0,24.39218,271.2364,36.0,Aalborg,11,0,9,24.842304,28.734562,28.042818,28.551882,25.989682000000006,26.15361283333333,14512.821330277467,394.04349620218,1.0,1.0
2026-09-14 12:00:00+00:00,16.4545,66.0,0.0,1019.4764,100.0,21.941534,268.1672,36.0,Aalborg,12,0,9,24.39218,24.842304,28.734562,27.007885,23.725339333333338,25.478116333333332,10563.332774175538,361.036971203,1.0,1.0
2026-09-14 13:00:00+00:00,16.3545,64.0,0.0,1019.27606,89.0,22.325354,273.60434,34.56,Aalborg,13,0,9,21.941534,24.39218,24.842304,28.403265,22.886356000000006,25.046458666666666,11127.434893291835,365.1200019930001,1.0,1.0
2026-09-14 14:00:00+00:00,16.7045,64.0,0.0,1019.5773,88.0,22.093216,282.38074,32.039997,Aalborg,14,0,9,22.325354,21.941534,24.39218,27.775373,22.120034666666673,24.054858333333332,10783.923930669878,369.056126672,1.0,1.0
2026-09-14 15:00:00+00:00,16.5545,64.0,0.0,1019.47675,87.0,18.087599,278.36578,29.88,Aalborg,15,0,9,22.093216,22.325354,21.941534,28.456314,20.83538966666667,22.2803645,5917.56127377761,299.43115764550004,1.0,1.0
2026-09-14 16:00:00+00:00,16.6045,67.0,0.0,1019.17755,87.0,13.877709,267.10147,24.48,Aalborg,16,0,9,18.087599,22.093216,22.325354,23.376022,18.019508000000005,20.452932,2672.719176851852,230.43241909050002,1.0,1.0
2026-09-14 17:00:00+00:00,16.2045,73.0,0.0,1018.9758,82.0,12.205551,251.56496,20.16,Aalborg,17,0,9,13.877709,18.087599,22.093216,24.842304,14.723619666666671,18.421827166666667,1818.3277604688428,197.78485117949998,1.0,1.0
2026-09-14 18:00:00+00:00,15.3545,78.0,0.0,1018.7722,89.0,13.503372,245.43285,11.159999,Aalborg,18,0,9,12.205551,13.877709,18.087599,25.090725,13.195544000000005,17.01546683333333,2462.2191015388935,207.337525374,1.0,1.0
2026-09-14 19:00:00+00:00,14.7045,79.0,0.0,1018.8693,86.0,18.87128,227.26053,11.5199995,Aalborg,19,0,9,13.503372,12.205551,13.877709,24.602013,14.860067666666671,16.439787833333334,6720.53853104792,277.49273675999996,1.0,1.0
2026-09-14 20:00:00+00:00,14.1045,83.0,0.0,1018.8664,65.0,19.543533,220.26648,13.32,Aalborg,20,0,9,18.87128,13.503372,12.205551,23.700972,17.306061666666672,16.014840666666668,7464.646216892556,275.65176119849997,1.0,1.0
2026-09-14 21:00:00+00:00,13.9045,84.0,0.0,1018.66565,85.0,21.264032,213.55898,15.119999,Aalborg,21,0,9,19.543533,18.87128,13.503372,23.695127,19.89294833333334,16.544246166666664,9614.724654948139,295.665732944,1.0,1.0
2026-09-14 22:00:00+00:00,13.6045,84.0,0.0,1018.26495,87.0,22.33707,212.81635,15.84,Aalborg,22,0,9,21.264032,19.543533,18.87128,25.644024,21.048211666666674,17.954139666666666,11144.962604810846,303.884668815,1.0,1.0
2026-09-14 23:00:00+00:00,13.2545,84.0,0.0,1017.5642,50.0,23.391817,201.56207,15.84,Aalborg,23,0,9,22.33707,21.264032,19.543533,25.220425,22.33097300000001,19.818517333333332,12799.466649708582,310.0468384265,1.0,1.0
2026-09-15 00:00:00+00:00,12.804501,85.0,0.0,1017.0627,93.0,23.952875,185.04236,17.28,Aalborg,0,1,9,23.391817,22.33707,21.264032,23.192934,23.227254000000006,21.560101166666666,13742.727790471417,306.70461189037496,1.0,1.0
2026-09-15 01:00:00+00:00,12.7545,83.0,0.0,1016.563,99.0,24.571968,181.63654,19.44,Aalborg,1,1,9,23.952875,23.391817,22.33707,24.663242,23.972220000000004,22.510215833333334,14836.102434137818,313.403165856,1.0,0.0
2026-09-15 02:00:00+00:00,13.1545,82.0,0.0,1016.16547,99.0,25.967855,180.7742,21.24,Aalborg,2,1,9,24.571968,23.952875,23.391817,23.853075,24.83089933333334,23.580936166666664,17510.890504264487,341.5941485975,0.0,0.0
2026-09-15 03:00:00+00:00,13.2545,83.0,0.0,1015.16736,99.0,25.674612,176.08183,21.24,Aalborg,3,1,9,25.967855,24.571968,23.952875,24.160791,25.404811666666674,24.316032833333335,16924.337118123094,340.304144754,0.0,0.0
2026-09-15 04:00:00+00:00,13.4545,82.0,0.0,1014.2695,100.0,27.100039,175.54448,24.119999,Aalborg,4,1,9,25.674612,25.967855,24.571968,22.862112,26.247502000000008,25.109861,19902.596926093654,364.61747472549996,0.0,0.0
2026-09-15 05:00:00+00:00,13.554501,83.0,0.0,1013.5708,100.0,27.733786,178.18748,28.44,Aalborg,5,1,9,27.100039,25.674612,25.967855,24.935059,26.83614566666667,25.8335225,21331.798876520952,375.917630070786,0.0,0.0
2026-09-15 06:00:00+00:00,14.054501,84.0,0.0,1012.97375,93.0,28.49955,184.23631,29.16,Aalborg,6,1,9,27.733786,27.100039,25.674612,25.994513,27.777791666666673,26.591301666666666,23148.028479813656,400.54695397455,0.0,0.0
2026-09-15 07:00:00+00:00,14.7545,84.0,0.0,1012.67737,100.0,28.439001,189.22981,29.88,Aalborg,7,1,9,28.49955,27.733786,27.100039,24.9153,28.22411233333334,27.235807166666664,23000.80359484925,419.6032402545,0.0,1.0
2026-09-15 08:00:00+00:00,16.1045,82.0,0.0,1011.98456,97.0,22.929998,170.75397,32.399998,Aalborg,8,1,9,28.439001,28.49955,27.733786,28.042818,26.62284966666667,26.72949766666667,12056.244602290877,369.2761527910001,1.0,0.0
2026-09-15 09:00:00+00:00,17.404501,84.0,0.0,1011.2912,97.0,28.10586,177.13765,33.48,Aalborg,9,1,9,22.929998,28.439001,28.49955,28.734562,26.491619666666676,27.134705666666672,22201.92523882951,489.16846847586,0.0,0.0
2026-09-15 10:00:00+00:00,18.2045,86.0,0.0,1010.5959,100.0,30.942102,192.77547,34.92,Aalborg,10,1,9,28.10586,22.929998,28.439001,24.842304,27.32598666666667,27.775049499999998,29624.39162450714,563.285495859,0.0,0.0
2026-09-15 11:00:00+00:00,18.904501,83.0,0.0,1009.60046,100.0,31.692987,196.7297,37.079998,Aalborg,11,1,9,30.942102,28.10586,22.929998,24.39218,30.246983000000004,28.434916333333334,31833.87579616935,599.140104434487,0.0,0.0
2026-09-15 12:00:00+00:00,19.5045,84.0,0.0,1008.60425,100.0,29.848946,198.86102,37.44,Aalborg,12,1,9,31.692987,30.942102,28.10586,21.941534,30.828011666666672,28.659815666666663,26594.20431133636,582.188767257,0.0,0.0
2026-09-15 13:00:00+00:00,20.0045,83.0,0.0,1008.10706,100.0,28.974043,200.19067,39.6,Aalborg,13,1,9,29.848946,31.692987,30.942102,22.325354,30.171992000000007,28.748989333333338,24323.569089139928,579.6112431935001,0.0,0.0
2026-09-15 14:00:00+00:00,20.654501,86.0,0.0,1007.71045,96.0,33.996475,208.68115,41.399998,Aalborg,14,1,9,28.974043,29.848946,31.692987,22.093216,30.939821333333338,30.593402166666664,39291.77656736994,702.1802268839749,0.0,0.0
2026-09-15 15:00:00+00:00,20.654501,92.0,0.0,1007.1112,92.0,33.918068,204.44394,38.88,Aalborg,15,1,9,33.996475,28.974043,29.848946,18.087599,32.29619533333334,31.562103499999996,39020.5439849702,700.560769424068,0.0,0.0
2026-09-15 16:00:00+00:00,19.654501,94.0,0.1,1006.6074,100.0,36.255512,207.68097,40.68,Aalborg,16,1,9,33.918068,33.996475,28.974043,13.877709,34.72335166666667,32.44767183333334,47656.49826672564,712.583996859512,0.0,0.0
2026-09-15 17:00:00+00:00,18.8045,93.0,0.0,1006.2041,100.0,33.97655,212.1308,41.399998,Aalborg,17,1,9,36.255512,33.918068,33.996475,12.205551,34.716710000000006,32.82826566666667,39222.731477159796,638.912034475,0.0,0.0
2026-09-15 18:00:00+00:00,18.4545,93.0,0.0,1005.7032,100.0,38.45433,210.4257,41.039997,Aalborg,18,1,9,33.97655,36.255512,33.918068,13.503372,36.22879733333334,34.26249633333334,56863.782736241796,709.655432985,0.0,0.0
2026-09-15 19:00:00+00:00,17.9545,94.0,0.2,1005.5012,100.0,41.046787,220.84027,45.719997,Aalborg,19,1,9,38.45433,33.97655,36.255512,18.87128,37.82588900000001,36.27462033333333,69157.21619329223,736.9745371915,0.0,0.0
2026-09-15 20:00:00+00:00,17.7545,94.0,0.2,1005.6002,100.0,37.28307,234.96373,42.12,Aalborg,20,1,9,41.046787,38.45433,33.97655,19.543533,38.92806233333334,36.82238616666667,51824.48544937376,661.9422663150001,0.0,0.0
2026-09-15 21:00:00+00:00,16.654501,88.0,0.1,1005.69525,99.0,34.186527,246.72417,47.88,Aalborg,21,1,9,37.28307,41.046787,38.45433,21.264032,37.505461333333336,36.86712933333333,39954.430942523744,569.359548108027,0.0,0.0
2026-09-15 22:00:00+00:00,15.2045,84.0,0.0,1005.5888,100.0,33.128445,241.53493,46.44,Aalborg,22,1,9,34.186527,37.28307,41.046787,22.33707,34.86601400000001,36.3459515,36358.26524778524,503.70144200249996,0.0,0.0
2026-09-15 23:00:00+00:00,14.554501,83.0,0.0,1004.9867,98.0,34.817707,240.07616,43.92,Aalborg,23,1,9,33.128445,34.186527,37.28307,23.391817,34.044226333333334,36.486144333333336,42208.556394743246,506.75435134920696,0.0,0.0
2026-09-16 00:00:00+00:00,14.1045,86.0,0.0,1004.98456,64.0,33.96523,236.80243,41.399998,Aalborg,0,2,9,34.817707,33.128445,34.186527,23.952875,33.97046066666667,35.737961,39183.540911160504,479.062586535,0.0,0.0
2026-09-16 01:00:00+00:00,14.054501,86.0,0.0,1005.0841,84.0,31.95221,241.46495,37.44,Aalborg,1,2,9,33.96523,34.817707,33.128445,24.571968,33.57838233333334,34.222198166666665,32621.408263726782,449.07236739721003,0.0,0.0
2026-09-16 02:00:00+00:00,13.9545,89.0,0.0,1004.8841,76.0,31.468822,244.5779,33.839996,Aalborg,2,2,9,31.95221,33.96523,34.817707,25.967855,32.462087333333336,33.25315683333333,31163.15771858901,439.131676599,0.0,0.0
2026-09-16 03:00:00+00:00,13.9545,84.0,0.0,1004.4846,95.0,29.606142,245.86514,39.239998,Aalborg,3,2,9,31.468822,31.95221,33.96523,25.674612,31.009058000000007,32.48975933333333,25950.48347429746,413.13890853899994,0.0,0.0
2026-09-16 04:00:00+00:00,13.4545,81.0,0.0,1004.5822,94.0,28.740452,252.22859,39.239998,Aalborg,4,2,9,29.606142,31.468822,31.95221,27.100039,29.938472000000004,31.758427166666667,23740.003680800786,386.688411434,0.0,0.0
2026-09-16 05:00:00+00:00,12.9545,82.0,0.0,1004.5797,88.0,28.592813,259.03485,38.88,Aalborg,5,2,9,28.740452,29.606142,31.468822,27.733786,28.97980233333334,30.720944833333334,23376.02439589351,370.40559600849997,0.0,0.0
2026-09-16 06:00:00+00:00,13.1545,84.0,0.0,1004.68054,20.0,32.513702,254.98886,39.6,Aalborg,6,2,9,28.592813,28.740452,29.606142,28.49955,29.948989000000008,30.4790235,34371.56152019087,427.70149295900006,0.0,0.0
2026-09-16 07:00:00+00:00,13.804501,80.0,0.0,1004.9832,31.0,28.897455,254.86687,42.839996,Aalborg,7,2,9,32.513702,28.592813,28.740452,28.439001,30.001323333333335,29.969897666666668,24131.192733191587,398.91494644495504,0.0,0.0
2026-09-16 08:00:00+00:00,14.6545,78.0,0.0,1005.1868,59.0,32.80211,264.16754,42.48,Aalborg,8,2,9,28.897455,32.513702,28.592813,22.929998,31.40442233333334,30.19211233333333,35294.362505296034,480.698520995,0.0,0.0
2026-09-16 09:00:00+00:00,15.5045,75.0,0.0,1005.1906,78.0,35.66707,266.8984,42.48,Aalborg,9,2,9,32.80211,28.897455,32.513702,28.10586,32.45554500000001,31.202267000000003,45373.502234814005,553.000086815,0.0,0.0
2026-09-16 10:00:00+00:00,16.154501,71.0,0.0,1005.1937,70.0,35.200596,265.42615,43.56,Aalborg,10,2,9,35.66707,32.80211,28.897455,30.942102,34.556592,32.27895766666666,43616.42344103101,568.6480632825959,0.0,0.0
2026-09-16 11:00:00+00:00,16.404501,69.0,0.0,1004.8951,89.0,37.94468,267.08475,46.8,Aalborg,11,2,9,35.200596,35.66707,32.80211,31.692987,36.270782000000004,33.83760216666667,54632.70246517767,622.46354100468,0.0,0.0
2026-09-16 12:00:00+00:00,17.0545,68.0,0.0,1004.898,91.0,36.68258,268.35562,46.079998,Aalborg,12,2,9,37.94468,35.200596,35.66707,29.848946,36.60928533333334,34.53241516666667,49360.50793386344,625.60306061,0.0,0.0
2026-09-16 13:00:00+00:00,16.7045,70.0,0.0,1005.09607,86.0,35.501858,266.60034,47.88,Aalborg,13,2,9,36.68258,37.94468,35.200596,28.974043,36.709706000000004,35.633148999999996,44745.90000116188,593.040786961,0.0,0.0
2026-09-16 14:00:00+00:00,16.654501,71.0,0.0,1004.8963,73.0,34.42832,263.56317,48.96,Aalborg,14,2,9,35.501858,36.68258,37.94468,33.996475,35.537586000000005,35.904183999999994,40808.205057024956,573.3864898683199,0.0,0.0
2026-09-16 15:00:00+00:00,16.5545,71.0,0.0,1004.696,93.0,36.232162,263.04712,49.68,Aalborg,15,2,9,34.42832,35.501858,36.68258,33.918068,35.38744666666667,35.998366,47564.4794823231,599.805325829,0.0,0.0
2026-09-16 16:00:00+00:00,16.0545,73.0,0.0,1004.3942,94.0,35.106907,263.9761,49.68,Aalborg,16,2,9,36.232162,34.42832,35.501858,36.255512,35.255796333333336,35.98275116666667,43269.08450304965,563.6238384315001,0.0,0.0
2026-09-16 17:00:00+00:00,15.1045,74.0,0.0,1004.19025,93.0,35.166042,263.12326,48.96,Aalborg,17,2,9,35.106907,36.232162,34.42832,33.97655,35.50170366666667,35.51964483333333,43488.103772074144,531.165481389,0.0,0.0
2026-09-16 18:00:00+00:00,14.2045,73.0,0.0,1004.4858,97.0,35.088932,264.261,49.68,Aalborg,18,2,9,35.166042,35.106907,36.232162,38.45433,35.120627000000006,35.25403683333333,43202.65623791987,498.42073459399995,0.0,0.0
2026-09-16 19:00:00+00:00,13.6545,75.0,0.0,1004.7829,82.0,34.801346,266.53183,52.92,Aalborg,19,2,9,35.088932,35.166042,35.106907,41.046787,35.018773333333336,35.13728483333333,42149.0823686656,475.19497895700005,0.0,0.0
2026-09-16 20:00:00+00:00,13.1545,77.0,0.0,1004.7804,71.0,34.791172,266.82022,53.28,Aalborg,20,2,9,34.801346,35.088932,35.166042,37.28307,34.89381666666667,35.19776016666667,42112.12695221818,457.66047207400004,0.0,0.0
2026-09-16 21:00:00+00:00,12.9045,75.0,0.0,1004.87933,63.0,33.34376,263.95953,50.039997,Aalborg,21,2,9,34.791172,34.801346,35.088932,34.186527,34.31209266666667,34.716359833333335,37071.80346526392,430.2845509200001,0.0,0.0
2026-09-16 22:00:00+00:00,12.804501,76.0,0.0,1005.0785,77.0,32.578014,262.26273,50.399998,Aalborg,22,2,9,33.34376,34.791172,34.801346,33.128445,33.57098200000001,34.29487766666667,34575.92574026669,417.14521284101403,0.0,0.0
2026-09-16 23:00:00+00:00,12.554501,76.0,0.0,1004.7775,96.0,32.685547,263.21838,51.48,Aalborg,23,2,9,32.578014,33.34376,34.791172,34.817707,32.86910700000001,33.88146183333334,34919.44014390233,410.350732497047,0.0,0.0
2026-09-17 00:00:00+00:00,12.5045,81.0,0.0,1004.6777,99.0,32.938828,260.18655,51.839996,Aalborg,0,3,9,32.685547,32.578014,33.34376,33.96523,32.73412966666667,33.52311116666667,35737.521306438364,411.883574726,0.0,0.0
2026-09-17 01:00:00+00:00,12.4545,85.0,0.3,1004.5776,71.0,32.40418,262.22095,45.719997,Aalborg,1,3,9,32.938828,32.685547,32.578014,31.95221,32.676185000000004,33.1235835,34025.3896887903,403.57785980999995,0.0,0.0
2026-09-17 02:00:00+00:00,12.1545,81.0,0.0,1004.4764,36.0,29.831924,259.15268,41.039997,Aalborg,2,3,9,32.40418,32.938828,32.685547,31.468822,31.72497733333334,32.297042166666664,26548.732510689857,362.592120258,0.0,0.0
2026-09-17 03:00:00+00:00,11.3545,79.0,0.0,1004.3728,22.0,29.06685,254.95714,39.6,Aalborg,3,3,9,29.831924,32.40418,32.938828,29.606142,30.434318000000005,31.584223833333336,24558.051645004965,330.039548325,0.0,0.0
2026-09-17 04:00:00+00:00,10.804501,79.0,0.0,1004.3703,54.0,27.207727,249.22766,31.319998,Aalborg,4,3,9,29.06685,29.831924,32.40418,28.740452,28.702167000000003,30.689176,20140.803103554113,293.965913579227,0.0,0.0
2026-09-17 05:00:00+00:00,10.6045,87.0,0.1,1004.4692,49.0,27.78036,244.56781,31.319998,Aalborg,5,3,9,27.207727,29.06685,29.831924,28.592813,28.018312333333338,29.87164483333333,21439.448429472915,294.59682762,0.0,0.0
2026-09-17 06:00:00+00:00,10.6545,92.0,0.0,1004.3693,67.0,25.014551,237.31306,23.759998,Aalborg,6,3,9,27.78036,27.207727,29.06685,32.513702,26.667546000000005,28.550932,15652.299007950984,266.5175336295,0.0,1.0
2026-09-17 07:00:00+00:00,10.9545,88.0,0.0,1004.17114,100.0,23.406944,229.86458,24.48,Aalborg,7,3,9,25.014551,27.78036,27.207727,28.897455,25.40061833333334,27.05139266666667,12824.31415523818,256.411368048,1.0,1.0
2026-09-17 08:00:00+00:00,11.554501,82.0,0.0,1004.07416,100.0,22.833147,205.97433,22.319998,Aalborg,8,3,9,23.406944,25.014551,27.78036,32.80211,23.75154733333334,25.884929833333334,11904.120598554247,263.825619844647,1.0,1.0
2026-09-17 09:00:00+00:00,14.1545,78.0,0.0,1003.78644,100.0,23.257214,196.65793,21.599998,Aalborg,9,3,9,22.833147,23.406944,25.014551,35.66707,23.165768333333336,24.916657166666667,12579.780608915702,329.194235563,1.0,0.0
2026-09-17 10:00:00+00:00,15.3545,81.0,0.1,1003.3923,100.0,27.92237,202.53683,30.239998,Aalborg,10,3,9,23.257214,22.833147,23.406944,35.200596,24.67091033333334,25.035764333333333,21769.919991188857,428.734030165,0.0,0.0
2026-09-17 11:00:00+00:00,15.6545,90.0,0.3,1002.7943,100.0,30.230118,208.79613,30.599998,Aalborg,11,3,9,27.92237,23.257214,22.833147,37.94468,27.136567333333335,25.444057333333333,27626.09667218937,473.237382231,0.0,0.0
2026-09-17 12:00:00+00:00,16.4545,86.0,0.0,1002.5983,100.0,30.706942,209.0545,34.2,Aalborg,12,3,9,30.230118,27.92237,23.257214,36.68258,29.619810000000005,26.39278916666667,28954.075735499173,505.267377139,0.0,0.0
2026-09-17 13:00:00+00:00,16.7545,85.0,0.0,1002.3,100.0,29.907665,211.07898,33.12,Aalborg,13,3,9,30.706942,30.230118,27.92237,35.501858,30.281575000000004,27.476242666666664,26751.462030474922,501.0879732425,0.0,0.0
2026-09-17 14:00:00+00:00,16.1045,85.0,0.1,1001.8977,100.0,27.3133,205.08356,33.12,Aalborg,14,3,9,29.907665,30.706942,30.230118,34.42832,29.30930233333334,28.22293483333333,20376.16856064364,439.8670398500001,0.0,0.0
2026-09-17 15:00:00+00:00,15.1545,93.0,1.0,1001.19415,100.0,28.475775,202.45699,32.039997,Aalborg,15,3,9,27.3133,29.907665,30.706942,36.232162,28.565580000000008,29.092695000000003,23090.14489276198,431.5361322375,0.0,0.0
2026-09-17 16:00:00+00:00,15.1045,94.0,0.7,1000.595,100.0,28.084497,202.39964,30.599998,Aalborg,16,3,9,28.475775,27.3133,29.907665,35.106907,27.957857333333337,29.119716166666667,22151.337285699617,424.2022849365,0.0,0.0
2026-09-17 17:00:00+00:00,14.7045,94.0,0.1,1000.0939,100.0,28.115715,201.6023,28.8,Aalborg,17,3,9,28.084497,28.475775,27.3133,35.166042,28.225329000000006,28.767315666666665,22225.287986162268,413.4275312175,0.0,0.0
2026-09-17 18:00:00+00:00,14.2545,94.0,0.2,999.5922,100.0,29.349274,198.1101,30.960001,Aalborg,18,3,9,28.115715,28.084497,28.475775,35.088932,28.51649533333334,28.541037666666664,25280.874243203663,418.359226233,0.0,0.0
2026-09-17 19:00:00+00:00,14.2545,94.0,0.5,999.0929,100.0,28.796623,207.18942,33.839996,Aalborg,19,3,9,29.349274,28.115715,28.084497,34.801346,28.75387066666667,28.355864,23879.469928638235,410.4814625535,0.0,0.0
2026-09-17 20:00:00+00:00,14.2545,94.0,0.2,999.0929,100.0,30.782028,223.1524,33.839996,Aalborg,20,3,9,28.796623,29.349274,28.115715,34.791172,29.642641666666673,28.933985333333336,29166.99496448842,438.78241812600004,0.0,0.0
2026-09-17 21:00:00+00:00,13.9545,95.0,2.6,999.59106,99.0,29.275768,238.97742,34.56,Aalborg,21,3,9,30.782028,28.796623,29.349274,33.34376,29.618139666666668,29.067317499999998,25091.399810716743,408.528704556,0.0,0.0
2026-09-17 22:00:00+00:00,13.554501,95.0,0.0,999.88873,91.0,28.329475,242.32417,32.399998,Aalborg,22,3,9,29.275768,30.782028,28.796623,32.578014,29.46242366666667,29.10814716666667,22736.07948290772,383.99189721697496,0.0,0.0
2026-09-17 23:00:00+00:00,12.9045,89.0,0.0,999.88586,92.0,27.443712,236.20831,30.239998,Aalborg,23,3,9,28.329475,29.275768,30.782028,32.685547,28.34965166666667,28.996146666666665,20669.43280962342,354.147381504,0.0,0.0
2026-09-18 00:00:00+00:00,12.4045,90.0,0.0,999.5838,93.0,30.270815,225.46957,25.56,Aalborg,0,4,9,27.443712,28.329475,29.275768,32.938828,28.681334000000003,29.149736833333336,27737.82103055931,375.4943246675,0.0,0.0
2026-09-18 01:00:00+00:00,11.9545,90.0,0.0,999.78156,58.0,31.95221,221.21542,26.28,Aalborg,1,4,9,30.270815,27.443712,28.329475,32.40418,29.888912333333337,29.675668,32621.408263726782,381.972694445,0.0,0.0
2026-09-18 02:00:00+00:00,11.804501,91.0,0.0,999.8806,99.0,33.156303,219.41737,31.319998,Aalborg,2,4,9,31.95221,30.270815,27.443712,29.831924,31.793109333333337,30.071380500000004,36450.06435173351,391.393611919803,0.0,0.0
2026-09-18 03:00:00+00:00,11.554501,93.0,0.0,999.48016,100.0,33.83448,220.79456,31.319998,Aalborg,3,4,9,33.156303,31.95221,30.270815,29.06685,32.980997666666674,30.831165833333333,38732.766586050806,390.94053299448,0.0,0.0
2026-09-18 04:00:00+00:00,11.554501,94.0,0.0,999.28046,98.0,34.64933,227.66782,31.319998,Aalborg,4,4,9,33.83448,33.156303,31.95221,27.207727,33.880037666666674,31.884475,41599.15642043785,400.35571813433,0.0,0.0
2026-09-18 05:00:00+00:00,11.4045,94.0,0.0,999.2795,85.0,33.389885,223.08377,30.960001,Aalborg,5,4,9,34.64933,33.83448,33.156303,27.78036,33.95789833333334,32.87550383333333,37225.862582550246,380.7949434825,0.0,0.0
2026-09-18 06:00:00+00:00,11.8545,94.0,0.0,999.4814,71.0,32.959373,229.10107,36.0,Aalborg,6,4,9,33.389885,34.64933,33.83448,25.014551,33.66619600000001,33.32359683333333,35804.43492870274,390.7168872285,0.0,0.0
2026-09-18 07:00:00+00:00,12.5045,93.0,0.0,999.9838,67.0,29.74306,229.54541,33.48,Aalborg,7,4,9,32.959373,33.389885,34.64933,23.406944,32.03077266666667,32.955405166666665,26312.186672017044,371.92209377,0.0,0.0
2026-09-18 08:00:00+00:00,13.3545,91.0,0.0,1000.6867,81.0,25.6146,228.888,37.44,Aalborg,8,4,9,29.74306,32.959373,33.389885,22.833147,29.439011000000004,31.698454666666663,16805.937141800136,342.0701757,0.0,0.0
2026-09-18 09:00:00+00:00,14.6545,89.0,0.0,1001.09216,90.0,31.852352,250.36731,35.64,Aalborg,9,4,9,25.6146,29.74306,32.959373,23.257214,29.070004,31.3681,32316.514918746438,466.780292384,0.0,0.0
2026-09-18 10:00:00+00:00,15.9545,87.0,0.1,1001.29785,82.0,26.091429,237.91296,34.92,Aalborg,10,4,9,31.852352,25.6146,29.74306,27.92237,27.85279366666667,29.941783166666667,17762.07079871817,416.2757039805,0.0,0.0
2026-09-18 11:00:00+00:00,16.5545,87.0,0.2,1001.6,76.0,27.62202,244.41153,37.8,Aalborg,11,4,9,26.091429,31.852352,25.6146,30.230118,28.521933666666673,28.980472333333328,21074.938024374183,457.26873009,0.0,0.0
2026-09-18 12:00:00+00:00,16.3545,82.0,0.0,1001.9985,99.0,31.89484,248.3741,38.88,Aalborg,12,4,9,27.62202,26.091429,31.852352,30.706942,28.536096333333337,28.803050166666665,32446.008945132526,521.62416078,0.0,0.0
2026-09-18 13:00:00+00:00,16.5545,84.0,0.1,1002.3989,98.0,35.45891,252.73044,38.16,Aalborg,13,4,9,31.89484,27.62202,26.091429,29.907665,31.658590000000004,29.755691833333334,44583.70372645679,587.0045255950001,0.0,0.0
2026-09-18 14:00:00+00:00,16.2045,79.0,0.1,1002.8967,86.0,36.898846,254.8404,38.519997,Aalborg,14,4,9,35.45891,31.89484,27.62202,27.3133,34.75086533333334,31.6363995,50238.69525359942,597.927350007,0.0,0.0
2026-09-18 15:00:00+00:00,15.054501,77.0,0.0,1003.5908,99.0,33.790783,254.95355,39.96,Aalborg,15,4,9,36.898846,35.45891,31.89484,28.475775,35.38284633333334,31.959471333333337,38582.8910050202,508.70337646428294,0.0,0.0
2026-09-18 16:00:00+00:00,14.7045,79.0,0.0,1003.68915,59.0,31.462952,250.45354,41.039997,Aalborg,16,4,9,33.790783,36.898846,35.45891,28.084497,34.05086033333334,32.85472516666667,31145.72202153134,462.646977684,0.0,0.0
2026-09-18 17:00:00+00:00,14.4545,83.0,0.0,1004.08734,85.0,27.006744,245.43285,35.28,Aalborg,17,4,9,31.462952,33.790783,36.898846,28.115715,30.753493000000002,32.75217916666667,19697.752812311148,390.368981148,0.0,0.0
2026-09-18 18:00:00+00:00,14.1045,85.0,0.0,1004.3854,92.0,32.171097,242.73634,32.760002,Aalborg,18,4,9,27.006744,31.462952,33.790783,29.349274,30.213597666666672,32.798222,33296.425314332235,453.75723763650007,0.0,0.0
2026-09-18 19:00:00+00:00,13.6545,88.0,0.0,1004.3834,99.0,29.684532,237.06131,30.960001,Aalborg,19,4,9,32.171097,27.006744,31.462952,28.796623,29.620791000000008,31.835825666666665,26157.161809918183,405.327442194,0.0,0.0
2026-09-18 20:00:00+00:00,13.4045,88.0,0.0,1004.4821,100.0,31.018112,225.91656,27.0,Aalborg,20,4,9,29.684532,32.171097,27.006744,30.782028,30.957913666666673,30.855703333333334,29843.247410084132,415.782282304,0.0,0.0
2026-09-18 21:00:00+00:00,13.4545,90.0,0.0,1004.5822,100.0,30.890333,224.7699,29.88,Aalborg,21,4,9,31.018112,29.684532,32.171097,29.275768,30.53099233333334,30.372294999999998,29475.947217184017,415.61398534849997,0.0,0.0
2026-09-18 22:00:00+00:00,13.4545,91.0,0.0,1004.0829,100.0,30.64423,224.30421,30.960001,Aalborg,22,4,9,30.890333,31.018112,29.684532,28.329475,30.85089166666667,30.235841333333337,28777.041282615057,412.302792535,0.0,0.0
2026-09-18 23:00:00+00:00,13.6045,91.0,0.0,1003.88385,100.0,33.734715,212.03694,34.56,Aalborg,23,4,9,30.64423,30.890333,31.018112,27.443712,31.756426000000005,31.357169833333334,38391.15131565298,458.9439302175,0.0,0.0
2026-09-19 00:00:00+00:00,13.7045,93.0,0.4,1003.8841,100.0,31.053814,210.18645,38.16,Aalborg,0,5,9,33.734715,30.64423,30.890333,30.270815,31.810919666666674,31.170956,29946.415240875896,425.57699396299995,0.0,0.0
2026-09-19 01:00:00+00:00,13.7545,93.0,0.2,1003.6847,100.0,33.117756,207.78671,40.68,Aalborg,1,5,9,31.053814,33.734715,30.64423,31.95221,32.63542833333334,31.74316,36323.08326593876,455.518174902,0.0,0.0
2026-09-19 02:00:00+00:00,13.804501,93.0,0.1,1003.08575,100.0,34.997585,207.46414,36.36,Aalborg,2,5,9,33.117756,31.053814,33.734715,33.156303,33.056385000000006,32.4064055,42866.12548736954,483.124197130085,0.0,0.0
2026-09-19 03:00:00+00:00,13.6045,93.0,0.2,1002.48566,100.0,35.699417,206.56499,39.239998,Aalborg,3,5,9,34.997585,33.117756,31.053814,33.83448,34.604919333333335,33.2079195,45497.0639533919,485.67271857649996,0.0,0.0
2026-09-19 04:00:00+00:00,13.8545,93.0,0.2,1002.1869,100.0,34.808865,203.46404,42.12,Aalborg,4,5,9,35.699417,34.997585,33.117756,34.64933,35.16862233333334,33.902025333333334,42176.40781410736,482.25942014249995,0.0,0.0
2026-09-19 05:00:00+00:00,14.054501,94.0,0.2,1001.5887,100.0,35.256954,208.86066,41.760002,Aalborg,5,5,9,34.808865,35.699417,34.997585,33.389885,35.25507866666667,34.15573183333333,43826.25557808205,495.518895249954,0.0,0.0
2026-09-19 06:00:00+00:00,14.5045,95.0,0.1,1001.8905,100.0,38.14371,221.83041,45.0,Aalborg,6,5,9,35.256954,34.808865,35.699417,32.959373,36.069843,35.33738116666667,55496.90908028738,553.255441695,0.0,0.0
2026-09-19 07:00:00+00:00,15.054501,96.0,0.2,1002.1926,100.0,37.34288,225.57097,40.32,Aalborg,7,5,9,38.14371,35.256954,34.808865,29.74306,36.91451466666667,36.0415685,52074.29837434658,562.17842430288,0.0,0.0
2026-09-19 08:00:00+00:00,16.1045,94.0,0.0,1002.4969,100.0,34.024082,222.49225,36.36,Aalborg,8,5,9,37.34288,38.14371,35.256954,25.6146,36.50355733333333,35.879318,39387.575544124025,547.940828569,0.0,0.0
2026-09-19 09:00:00+00:00,17.2045,91.0,0.0,1002.5019,99.0,37.730328,218.20216,40.32,Aalborg,9,5,9,34.024082,37.34288,38.14371,31.852352,36.36576333333334,36.21780316666666,53712.05170523107,649.131428076,0.0,0.0
2026-09-19 10:00:00+00:00,17.404501,94.0,0.8,1002.4028,100.0,39.845528,223.03737,39.96,Aalborg,10,5,9,37.730328,34.024082,37.34288,26.091429,37.19997933333334,37.057247,63261.3941059052,693.491531921528,0.0,0.0
2026-09-19 11:00:00+00:00,17.4545,92.0,0.2,1002.7026,100.0,40.938663,224.9999,50.76,Aalborg,11,5,9,39.845528,37.730328,34.024082,27.62202,39.504839666666676,38.0041985,68612.14003222722,714.5638933334999,0.0,0.0
2026-09-19 12:00:00+00:00,17.9545,91.0,0.0,1002.4053,100.0,42.470127,231.7098,44.28,Aalborg,12,5,9,40.938663,39.845528,37.730328,31.89484,41.08477266666667,38.725268,76603.86443509789,762.5298952214999,0.0,0.0
2026-09-19 13:00:00+00:00,17.8545,93.0,0.2,1002.20514,100.0,44.136948,237.00478,43.56,Aalborg,13,5,9,42.470127,40.938663,39.845528,35.45891,42.515246000000005,39.85761266666666,85981.87218004705,788.043138066,0.0,0.0
2026-09-19 14:00:00+00:00,17.7545,92.0,0.6,1002.4043,100.0,48.706696,247.77698,51.48,Aalborg,14,5,9,44.136948,42.470127,40.938663,36.898846,45.104590333333334,42.304715,115548.95205962061,864.763034132,0.0,0.0
2026-09-19 15:00:00+00:00,16.3545,91.0,0.0,1002.49786,97.0,44.930058,248.94635,51.48,Aalborg,15,5,9,48.706696,44.136948,42.470127,33.790783,45.924567333333336,43.50467,90700.76241210605,734.8086335610001,0.0,0.0
2026-09-19 16:00:00+00:00,16.404501,90.0,0.0,1002.69794,100.0,43.183804,249.79803,61.56,Aalborg,16,5,9,44.930058,48.706696,44.136948,31.462952,45.60685266666667,44.06104933333333,80530.92512206154,708.408755901804,0.0,0.0
2026-09-19 17:00:00+00:00,16.3045,87.0,0.0,1003.0971,100.0,39.571125,250.0385,53.28,Aalborg,17,5,9,43.183804,44.930058,48.706696,27.006744,42.561662333333345,43.83312633333333,61963.393167281276,645.1874075625001,0.0,0.0
2026-09-19 18:00:00+00:00,15.054501,90.0,0.1,1003.5908,100.0,37.536488,249.19313,56.88,Aalborg,18,5,9,39.571125,43.183804,44.930058,32.171097,40.097139000000006,43.010853166666664,52888.45857817037,565.093096132488,0.0,0.0
2026-09-19 19:00:00+00:00,14.9045,88.0,0.0,1004.28925,100.0,38.399864,252.72397,41.399998,Aalborg,19,5,9,37.536488,39.571125,43.183804,29.684532,38.50249233333334,42.0546725,56622.50238165074,572.330772988,0.0,0.0
2026-09-19 20:00:00+00:00,14.6045,85.0,0.0,1004.6871,100.0,40.167515,251.40668,41.039997,Aalborg,20,5,9,38.399864,37.536488,39.571125,31.018112,38.70128900000001,40.63147566666667,64807.44405371153,586.6264728175,0.0,0.0
2026-09-19 21:00:00+00:00,14.6045,87.0,0.0,1005.18646,99.0,35.931454,254.1314,39.239998,Aalborg,21,5,9,40.167515,38.399864,37.536488,30.890333,38.16627766666667,39.131708333333336,46390.00027377745,524.760919943,0.0,0.0
2026-09-19 22:00:00+00:00,14.2545,86.0,0.0,1005.38464,96.0,34.42698,256.74274,33.12,Aalborg,22,5,9,35.931454,40.167515,38.399864,30.64423,36.841983000000006,37.67223766666667,40803.440299424576,490.73938641,0.0,0.0
2026-09-19 23:00:00+00:00,13.554501,82.0,0.0,1005.68115,93.0,32.447372,258.14328,31.319998,Aalborg,23,5,9,34.42698,35.931454,40.167515,33.734715,34.26860200000001,36.4849455,34161.62992560834,439.807936221372,0.0,0.0
2026-09-20 00:00:00+00:00,13.1045,85.0,0.0,1005.2795,88.0,31.743937,252.96703,28.44,Aalborg,0,6,9,32.447372,34.42698,35.931454,31.053814,32.872763000000006,35.51952033333333,31987.652227351668,415.9884224165,0.0,0.0
2026-09-20 01:00:00+00:00,12.8545,85.0,0.0,1005.5782,97.0,31.79722,247.96371,26.28,Aalborg,1,6,9,31.743937,32.447372,34.42698,33.117756,31.996176333333338,34.41907966666667,32148.998995667873,408.73736449,0.0,0.0
2026-09-20 02:00:00+00:00,12.7045,83.0,0.0,1005.77716,95.0,33.72011,248.64137,27.0,Aalborg,2,6,9,31.79722,31.743937,32.447372,34.997585,32.420422333333335,33.34451216666667,38341.310071896034,428.397137495,0.0,0.0
2026-09-20 03:00:00+00:00,12.554501,81.0,0.0,1005.47656,99.0,34.23781,245.79903,29.88,Aalborg,3,6,9,33.72011,31.79722,31.743937,35.699417,33.251713333333335,33.06223816666667,40134.5069958129,429.83861988281006,0.0,0.0
2026-09-20 04:00:00+00:00,12.5045,79.0,0.0,1005.27686,95.0,34.150497,245.4099,36.719997,Aalborg,4,6,9,34.23781,33.72011,31.79722,34.808865,34.036139000000006,33.016157666666665,39828.2372380537,427.0348897365,0.0,0.0
2026-09-20 05:00:00+00:00,12.554501,76.0,0.0,1004.8774,99.0,35.07489,244.20403,40.32,Aalborg,5,6,9,34.150497,34.23781,33.72011,35.256954,34.48773233333335,33.45407733333334,43150.810063791985,440.34774157989006,0.0,0.0
2026-09-20 06:00:00+00:00,12.4545,76.0,0.0,1004.87714,100.0,35.398094,241.9109,44.28,Aalborg,6,6,9,35.07489,34.150497,34.23781,38.14371,34.87449366666667,34.063103500000004,44354.69881692026,440.865561723,0.0,0.0
2026-09-20 07:00:00+00:00,12.554501,77.0,0.0,1004.97723,71.0,36.884666,242.21616,45.719997,Aalborg,7,6,9,35.398094,35.07489,34.150497,37.34288,35.78588333333334,34.91101116666667,50180.79824223775,463.06857618166606,0.0,0.0
2026-09-20 08:00:00+00:00,13.7545,84.0,0.2,1004.78326,73.0,37.188007,249.85515,44.639996,Aalborg,8,6,9,36.884666,35.398094,35.07489,34.024082,36.49025566666668,35.488994,51429.07487057168,511.5024422815,0.0,0.0
2026-09-20 09:00:00+00:00,14.1545,85.0,0.0,1004.8851,74.0,40.053555,254.5027,43.199997,Aalborg,9,6,9,37.188007,36.884666,35.398094,37.730328,38.042076,36.45828483333333,64257.408330166145,566.9380442475001,0.0,0.0
2026-09-20 10:00:00+00:00,14.4045,82.0,0.4,1005.08575,63.0,38.295116,258.6386,52.92,Aalborg,10,6,9,40.053555,37.188007,36.884666,39.845528,38.512226000000005,37.149054666666665,56160.39686836559,551.621998422,0.0,0.0
2026-09-20 11:00:00+00:00,13.7545,79.0,0.0,1005.2826,73.0,32.18831,247.90858,60.120003,Aalborg,11,6,9,38.295116,40.053555,37.188007,40.938663,36.84566033333334,36.667958,33349.899220581756,442.734109895,0.0,0.0
2026-09-20 12:00:00+00:00,14.4545,79.0,0.0,1005.3856,95.0,38.148556,263.398,61.56,Aalborg,12,6,9,32.18831,38.295116,40.053555,42.470127,36.210660666666676,37.12636833333334,55518.063723370804,551.418302702,0.0,0.0
2026-09-20 13:00:00+00:00,14.8545,85.0,0.9,1005.68713,86.0,39.513523,272.54474,62.639996,Aalborg,13,6,9,38.148556,32.18831,38.295116,44.136948,36.61679633333333,37.56451116666667,61693.19445499915,586.9536274035,0.0,0.0
2026-09-20 14:00:00+00:00,14.304501,85.0,0.1,1005.88434,100.0,38.915813,274.9137,66.96,Aalborg,14,6,9,39.513523,38.148556,32.18831,48.706696,38.85929733333334,37.85247883333333,58935.683354092136,556.671285974313,0.0,0.0
2026-09-20 15:00:00+00:00,14.6045,78.0,0.0,1006.58466,71.0,45.350433,281.83154,67.32,Aalborg,15,6,9,38.915813,39.513523,38.148556,44.930058,41.25992300000001,38.73529183333333,93270.50195313548,662.3203987485,0.0,0.0
2026-09-20 16:00:00+00:00,14.1545,82.0,0.0,1007.18207,92.0,48.45008,282.12372,66.6,Aalborg,16,6,9,45.350433,38.915813,39.513523,43.183804,44.23877533333334,40.42778583333334,113732.21450253025,685.78665736,0.0,0.0
2026-09-20 17:00:00+00:00,14.0045,82.0,0.0,1007.9803,65.0,48.33846,284.28845,64.079994,Aalborg,17,6,9,48.45008,45.350433,38.915813,39.571125,47.379657666666674,43.119477499999995,112947.97023705377,676.9559630699999,0.0,0.0
2026-09-20 18:00:00+00:00,14.0045,77.0,0.0,1008.97894,79.0,50.59622,284.66272,69.12,Aalborg,18,6,9,48.33846,48.45008,45.350433,37.536488,49.12825333333333,45.19408816666667,129525.18368652512,708.5747629900001,0.0,0.0
2026-09-20 19:00:00+00:00,13.804501,76.0,0.0,1009.7769,39.0,55.8913,286.78546,70.2,Aalborg,19,6,9,50.59622,48.33846,48.45008,38.399864,51.60866000000001,47.92371766666667,174595.3341515545,771.5515067413,0.0,0.0
2026-09-20 20:00:00+00:00,13.2045,77.0,0.0,1010.47327,55.0,55.208652,289.29874,73.079994,Aalborg,20,6,9,55.8913,50.59622,48.33846,40.167515,53.89872400000001,50.63919083333334,168275.7093672241,729.002645334,0.0,0.0
2026-09-20 21:00:00+00:00,13.2545,77.0,0.0,1010.97284,69.0,54.395653,290.18845,69.12,Aalborg,21,6,9,55.208652,55.8913,50.59622,35.931454,55.16520166666667,52.1467275,160950.59407005183,720.9871826885001,0.0,0.0
2026-09-20 22:00:00+00:00,13.5045,74.0,0.0,1011.6729,90.0,55.291378,292.57794,73.439995,Aalborg,22,6,9,54.395653,55.208652,55.8913,34.42698,54.96522766666667,53.28694383333334,169033.28877623993,746.682414201,0.0,0.0
2026-09-20 23:00:00+00:00,13.304501,73.0,0.0,1012.2711,23.0,52.692642,294.17554,73.439995,Aalborg,23,6,9,55.291378,54.395653,55.208652,32.447372,54.12655766666668,54.012640833333336,146301.88565970157,701.049308181642,0.0,0.0
2026-09-21 00:00:00+00:00,12.9045,72.0,0.0,1012.7689,5.0,50.95358,291.61832,68.76,Aalborg,0,0,9,52.692642,55.291378,54.395653,31.743937,52.97920000000001,54.07220083333334,132289.11432688264,657.53047311,0.0,0.0
2026-09-21 01:00:00+00:00,12.8545,75.0,0.0,1013.4678,4.0,49.986633,295.5757,63.0,Aalborg,1,0,9,50.95358,52.692642,55.291378,31.79722,51.210951666666666,53.08808966666667,124899.77429911496,642.5531738985,0.0,0.0
2026-09-21 02:00:00+00:00,12.554501,72.0,0.0,1014.16516,10.0,46.010098,298.71497,63.36,Aalborg,2,0,9,49.986633,50.95358,52.692642,33.72011,48.983437,51.554997333333326,97400.11617683504,577.633821351098,0.0,0.0
2026-09-21 03:00:00+00:00,12.2045,70.0,0.0,1014.66296,2.0,46.00642,300.47653,62.279995,Aalborg,3,0,9,46.010098,49.986633,50.95358,34.23781,47.33438366666667,50.15679183333333,97376.7598481278,561.48535289,0.0,0.0
2026-09-21 04:00:00+00:00,12.2545,71.0,0.0,1015.36237,9.0,45.49342,301.11526,57.96,Aalborg,4,0,9,46.00642,46.010098,49.986633,34.150497,45.836646,48.52379883333333,94155.5141746737,557.49911539,0.0,0.0
2026-09-21 05:00:00+00:00,12.1545,71.0,0.0,1015.96124,2.0,43.66544,302.02975,57.96,Aalborg,5,0,9,45.49342,46.00642,46.010098,35.07489,45.05509333333333,47.01926516666666,83255.61288452269,530.73159048,0.0,0.0
2026-09-21 06:00:00+00:00,12.2545,70.0,0.0,1016.3611,1.0,40.77405,306.4262,54.719997,Aalborg,6,0,9,43.66544,45.49342,46.00642,35.398094,43.310970000000005,45.32267683333333,67787.80218299122,499.66559572500006,0.0,0.0
2026-09-21 07:00:00+00:00,12.8545,67.0,0.0,1017.3627,2.0,38.66188,309.10645,48.6,Aalborg,7,0,9,40.77405,43.66544,45.49342,36.884666,41.03379,43.435218,57789.49582511034,496.97913645999995,0.0,0.0
2026-09-21 08:00:00+00:00,13.7045,65.0,0.0,1018.0655,0.0,35.43981,307.1536,48.6,Aalborg,8,0,9,38.66188,40.77405,43.66544,37.188007,38.29191333333333,41.67350333333333,44511.69727148615,485.684876145,0.0,0.0
2026-09-21 09:00:00+00:00,14.6045,62.0,0.0,1017.9697,2.0,33.56458,308.8469,48.239998,Aalborg,9,0,9,35.43981,38.66188,40.77405,40.053555,35.88875666666667,39.59986333333333,37813.21912726402,490.19390861,0.0,0.0
2026-09-21 10:00:00+00:00,15.1045,59.0,0.0,1018.6714,2.0,36.388138,306.37274,48.239998,Aalborg,10,0,9,33.56458,35.43981,38.66188,38.295116,35.13084266666667,38.08231633333333,48181.40933698013,549.624630421,0.0,0.0
2026-09-21 11:00:00+00:00,15.4545,55.0,0.0,1019.0726,1.0,34.388515,306.28537,47.88,Aalborg,11,0,9,36.388138,33.56458,35.43981,32.18831,34.780411,36.536162166666664,40666.82494230428,531.4573050675,0.0,0.0
2026-09-21 12:00:00+00:00,15.804501,54.0,0.0,1019.5735,1.0,27.550611,313.4519,44.639996,Aalborg,12,0,9,34.388515,36.388138,33.56458,38.148556,32.77575466666667,34.33225566666666,20911.91015743771,435.423659100111,0.0,0.0
2026-09-21 13:00:00+00:00,16.2545,52.0,0.0,1019.77515,1.0,27.550611,313.4519,42.12,Aalborg,13,0,9,27.550611,34.388515,36.388138,39.513523,29.82991233333334,32.480377499999996,20911.91015743771,447.82140649950003,0.0,0.0
2026-09-21 14:00:00+00:00,16.654501,52.0,0.0,1019.8769,0.0,26.806553,313.4089,39.6,Aalborg,14,0,9,27.550611,27.550611,34.388515,38.915813,27.30259166666667,31.041501333333333,19262.955332962843,446.449763745053,0.0,1.0
2026-09-21 15:00:00+00:00,16.0545,52.0,0.0,1020.3734,3.0,24.441975,314.12762,39.6,Aalborg,15,0,9,26.806553,27.550611,27.550611,45.350433,26.26637966666667,29.521067166666665,14601.883753081527,392.4036876375,1.0,1.0
2026-09-21 16:00:00+00:00,15.554501,59.0,0.0,1020.77057,2.0,22.92463,305.028,36.36,Aalborg,16,0,9,24.441975,26.806553,27.550611,48.45008,24.724386000000006,27.277149166666664,12047.779345796498,356.58118025963,1.0,1.0
2026-09-21 17:00:00+00:00,14.7045,66.0,0.0,1021.366,8.0,22.958843,300.28787,31.68,Aalborg,17,0,9,22.92463,24.441975,26.806553,48.33846,23.441816000000006,25.372203833333334,12101.800650290998,337.5983068935,1.0,1.0
2026-09-21 18:00:00+00:00,14.1545,76.0,0.0,1022.0626,11.0,20.169777,295.2276,22.319998,Aalborg,18,0,9,22.958843,22.92463,24.441975,50.59622,22.017750000000007,24.142064833333333,8205.466747474991,285.4931085465,1.0,1.0
2026-09-21 19:00:00+00:00,13.1045,84.0,0.0,1022.75653,0.0,19.880812,293.39777,15.4800005,Aalborg,19,0,9,20.169777,22.958843,22.92463,55.8913,21.003144000000006,22.863765,7857.825053602211,260.528100854,1.0,1.0
2026-09-21 20:00:00+00:00,12.304501,89.0,0.0,1023.2523,0.0,20.749733,288.74142,14.759999,Aalborg,20,0,9,19.880812,20.169777,22.958843,55.208652,20.266774,21.854294999999997,8933.82699887522,255.31511044823299,1.0,1.0
2026-09-21 21:00:00+00:00,11.8545,92.0,0.0,1023.7493,0.0,21.574429,284.60132,16.199999,Aalborg,21,0,9,20.749733,19.880812,20.169777,54.395653,20.734991333333337,21.376370666666663,10041.94713716719,255.7540685805,1.0,1.0
2026-09-21 22:00:00+00:00,11.5045,93.0,0.0,1024.0474,0.0,21.701035,284.03625,14.759999,Aalborg,22,0,9,21.574429,20.749733,19.880812,55.291378,21.34173233333334,21.172438166666666,10219.775183187858,249.65955715750002,1.0,1.0
2026-09-21 23:00:00+00:00,11.304501,94.0,0.0,1024.4459,0.0,20.806767,287.67114,14.759999,Aalborg,23,0,9,21.701035,21.574429,20.749733,52.692642,21.360743666666668,20.81375883333333,9007.697882388711,235.210118358267,1.0,1.0
2026-09-22 00:00:00+00:00,11.1045,94.0,0.0,1024.7445,0.0,17.105415,291.03757,11.879999,Aalborg,0,1,9,20.806767,21.701035,21.574429,50.95358,19.87107233333334,20.303031833333332,5004.962704838923,189.9470808675,1.0,1.0
2026-09-22 01:00:00+00:00,11.0045,94.0,0.0,1024.7443,0.0,16.703928,287.1028,10.799999,Aalborg,1,1,9,17.105415,20.806767,21.701035,49.986633,18.205370000000006,19.773551166666667,4660.750212822725,183.81837567600002,1.0,1.0
2026-09-22 02:00:00+00:00,10.554501,95.0,0.0,1025.0416,0.0,17.089212,289.1791,10.799999,Aalborg,2,1,9,16.703928,17.105415,20.806767,46.010098,16.966185000000007,19.163464333333334,4990.753411846909,180.368105143212,1.0,1.0
2026-09-22 03:00:00+00:00,10.4045,95.0,0.0,1024.8412,0.0,15.116585,291.80148,9.0,Aalborg,3,1,9,17.089212,16.703928,17.105415,46.00642,16.303241666666676,18.087157,3454.3081024307,157.28050863250002,1.0,1.0
2026-09-22 04:00:00+00:00,10.054501,95.0,0.0,1025.2388,1.0,12.673213,291.94876,8.28,Aalborg,4,1,9,15.116585,17.089212,16.703928,45.49342,14.959670000000004,16.58252,2035.4488934915248,127.42283278171301,1.0,1.0
2026-09-22 05:00:00+00:00,9.3545,94.0,0.0,1025.5352,4.0,12.255884,283.24054,7.92,Aalborg,5,1,9,12.673213,15.116585,17.089212,43.66544,13.348560666666671,15.157372833333334,1840.9158007922206,114.647666878,1.0,0.6355339852719536
2026-09-22 06:00:00+00:00,9.0045,92.0,0.0,1026.1328,15.0,10.737882,265.31418,8.28,Aalborg,6,1,9,12.255884,12.673213,15.116585,40.77405,11.888993000000005,14.096117333333334,1238.1004498765703,96.68925846900001,0.6355339852719536,0.930772254020015
2026-09-22 07:00:00+00:00,11.0045,88.0,0.0,1026.3422,16.0,11.787331,265.73218,8.64,Aalborg,7,1,9,10.737882,12.255884,12.673213,38.66188,11.593699000000006,13.276684500000002,1637.7455851126397,129.7136839895,0.930772254020015,0.36216741137705044
2026-09-22 08:00:00+00:00,12.0045,83.0,0.0,1026.5463,51.0,9.415231,243.43501,10.440001,Aalborg,8,1,9,11.787331,10.737882,12.255884,35.43981,10.646814666666671,11.99768766666667,834.6279789441188,113.0251405395,0.36216741137705044,0.2621210630690068
2026-09-22 09:00:00+00:00,14.4045,76.0,0.0,1026.4579,42.0,8.759832,237.26477,13.32,Aalborg,9,1,9,9.415231,11.787331,10.737882,33.56458,9.987464666666671,10.938228833333334,672.1827009913219,126.181000044,0.2621210630690068,0.37584383462223203
2026-09-22 10:00:00+00:00,16.2545,62.0,0.0,1026.6663,82.0,9.4949875,242.48808,17.64,Aalborg,10,1,9,8.759832,9.415231,11.787331,36.388138,9.223350166666672,10.408524583333334,856.0185815660134,154.33627431875001,0.37584383462223203,1.0
2026-09-22 11:00:00+00:00,17.404501,54.0,0.0,1026.6714,74.0,12.085172,242.31903,20.519999,Aalborg,11,1,9,9.4949875,8.759832,9.415231,34.388515,10.113330500000005,10.380072583333332,1765.056075565673,210.336388159172,1.0,1.0
2026-09-22 12:00:00+00:00,17.5045,51.0,0.0,1026.8717,73.0,15.08091,240.75127,26.64,Aalborg,12,1,9,12.085172,9.4949875,8.759832,27.550611,12.220356500000003,11.103910583333333,3429.909368935997,263.98378909499996,1.0,1.0
2026-09-22 13:00:00+00:00,17.4545,55.0,0.0,1026.5718,65.0,15.2311945,245.50145,27.72,Aalborg,13,1,9,15.08091,12.085172,9.4949875,27.550611,14.132425500000005,11.677887833333335,3533.473935410729,265.85288440025,1.0,1.0
2026-09-22 14:00:00+00:00,17.404501,55.0,0.0,1026.3717,32.0,16.0987,249.59003,27.72,Aalborg,14,1,9,15.2311945,15.08091,12.085172,26.806553,15.47026816666667,12.791799333333335,4172.270162624804,280.1898402487,1.0,1.0
2026-09-22 15:00:00+00:00,17.404501,58.0,0.0,1026.2719,25.0,17.341312,258.91748,29.519999,Aalborg,15,1,9,16.0987,15.2311945,15.08091,24.441975,16.223735500000004,14.222045999999999,5214.898452708172,301.81688204531196,1.0,1.0
2026-09-22 16:00:00+00:00,16.654501,63.0,0.0,1025.969,74.0,16.012428,265.60138,28.8,Aalborg,16,1,9,17.341312,16.0987,15.2311945,22.92463,16.48414666666667,15.308286083333334,4105.552119768401,266.67899813842797,1.0,1.0
2026-09-22 17:00:00+00:00,15.7045,73.0,0.0,1025.7648,71.0,15.45488,267.3975,23.4,Aalborg,17,1,9,16.012428,17.341312,16.0987,22.958843,16.269540000000003,15.869904083333333,3691.449333513654,242.71116295999997,1.0,1.0
2026-09-22 18:00:00+00:00,15.054501,82.0,0.0,1025.5621,1.0,15.124728,266.00916,17.64,Aalborg,18,1,9,15.45488,16.012428,17.341312,20.169777,15.530678666666672,15.877207083333333,3459.8934087320035,227.69523280072798,1.0,1.0
2026-09-22 19:00:00+00:00,14.7545,86.0,0.0,1025.8601,1.0,17.450132,260.15894,12.24,Aalborg,19,1,9,15.124728,15.45488,16.012428,19.880812,16.009913333333337,16.24703,5313.6892089021485,257.467972594,1.0,1.0
2026-09-22 20:00:00+00:00,14.5045,85.0,0.0,1025.9591,28.0,18.484844,253.45694,9.36,Aalborg,20,1,9,17.450132,15.124728,15.45488,20.749733,17.019901333333337,16.644720666666664,6316.076322109248,268.113419798,1.0,1.0
2026-09-22 21:00:00+00:00,14.2545,86.0,0.0,1025.5582,82.0,18.93641,246.52258,13.679999,Aalborg,21,1,9,18.484844,17.450132,15.124728,21.574429,18.290462,16.910570333333336,6790.3622630835725,269.929056345,1.0,1.0
2026-09-22 22:00:00+00:00,14.1545,86.0,0.0,1025.1586,98.0,19.152178,245.07826,15.84,Aalborg,22,1,9,18.93641,18.484844,17.450132,21.701035,18.85781066666667,17.433862,7025.132312349977,271.089503501,1.0,1.0
2026-09-22 23:00:00+00:00,14.2045,87.0,0.0,1024.8591,100.0,19.630749,245.72557,16.199999,Aalborg,23,1,9,19.152178,18.93641,18.484844,20.806767,19.239779000000006,18.129840166666668,7565.029232052071,278.8449741705,1.0,1.0
2026-09-23 00:00:00+00:00,14.304501,88.0,0.0,1024.2603,99.0,18.955908,239.4001,15.84,Aalborg,0,2,9,19.630749,19.152178,18.93641,17.105415,19.24627833333334,18.768370166666667,6811.359092234995,271.154804941908,1.0,1.0
2026-09-23 01:00:00+00:00,14.2545,90.0,0.0,1023.9604,99.0,19.71992,246.3998,16.919998,Aalborg,1,2,9,18.955908,19.630749,19.152178,16.703928,19.435525666666674,19.146668166666668,7668.588717562621,281.09759964,1.0,1.0
2026-09-23 02:00:00+00:00,14.3545,93.0,0.0,1023.7613,100.0,19.544321,245.04529,18.359999,Aalborg,2,2,9,19.71992,18.955908,19.630749,17.089212,19.40671633333334,19.323247666666667,7465.5491823479015,280.5489557945,1.0,1.0
2026-09-23 03:00:00+00:00,14.554501,95.0,0.0,1023.16296,100.0,19.563211,240.44641,18.359999,Aalborg,3,2,9,19.544321,19.71992,18.955908,15.116585,19.609150666666668,19.427714499999997,7487.216945203279,284.732774062711,1.0,1.0
2026-09-23 04:00:00+00:00,14.6045,95.0,0.0,1022.46387,100.0,20.176645,241.4294,15.4800005,Aalborg,4,2,9,19.563211,19.544321,19.71992,12.673213,19.761392333333337,19.598459000000002,8213.85171929599,294.6698119025,1.0,1.0
2026-09-23 05:00:00+00:00,14.554501,96.0,0.0,1021.96454,100.0,20.550745,238.61685,18.359999,Aalborg,5,2,9,20.176645,19.563211,19.544321,12.255884,20.096867000000003,19.751791666666666,8679.260255305204,299.105838653245,1.0,1.0
2026-09-23 06:00:00+00:00,14.6545,97.0,0.0,1021.6653,100.0,17.684916,233.47105,21.24,Aalborg,6,2,9,20.550745,20.176645,19.563211,10.737882,19.47076866666667,19.539959666666665,5531.068079174656,259.163601522,1.0,1.0
2026-09-23 07:00:00+00:00,14.9545,96.0,0.0,1021.46686,100.0,17.590677,231.07245,21.599998,Aalborg,7,2,9,17.684916,20.550745,20.176645,11.787331,18.608779333333334,19.185085833333332,5443.116911037431,263.05977919649996,1.0,1.0
2026-09-23 08:00:00+00:00,15.4045,95.0,0.0,1021.06964,100.0,17.298664,233.24623,22.319998,Aalborg,8,2,9,17.590677,17.684916,20.550745,9.415231,17.52475233333334,18.810809666666668,5176.517538313717,266.477269588,1.0,1.0
2026-09-23 09:00:00+00:00,15.6545,94.0,0.0,1020.6711,100.0,21.784555,239.51114,23.039999,Aalborg,9,2,9,17.298664,17.590677,17.684916,8.759832,18.89129866666667,19.181033666666668,10338.227351956462,341.0263162475,1.0,1.0
2026-09-23 10:00:00+00:00,16.2545,92.0,0.0,1020.1746,100.0,19.703522,245.26051,22.68,Aalborg,10,2,9,21.784555,17.298664,17.590677,9.4949875,19.59558033333334,19.102179833333334,7649.474292088693,320.270898349,1.0,1.0
2026-09-23 11:00:00+00:00,16.8545,93.0,0.0,1019.57825,100.0,18.050123,244.68034,24.119999,Aalborg,11,2,9,19.703522,21.784555,17.298664,12.085172,19.846066666666673,18.685409500000002,5880.855346941737,304.22579810350004,1.0,1.0
2026-09-23 12:00:00+00:00,17.5045,90.0,0.0,1018.78217,100.0,20.61057,239.28725,24.48,Aalborg,12,2,9,18.050123,19.703522,21.784555,15.08091,19.45473833333334,19.1730185,8755.279361379751,360.777722565,1.0,1.0
2026-09-23 13:00:00+00:00,18.3545,86.0,0.0,1018.087,100.0,17.194258,233.71463,25.919998,Aalborg,13,2,9,20.61057,18.050123,19.703522,15.2311945,18.618317000000005,19.106948666666668,5083.353561251786,315.59200846100003,1.0,1.0
2026-09-23 14:00:00+00:00,18.0545,85.0,0.0,1017.18677,100.0,17.126095,217.92653,24.84,Aalborg,14,2,9,17.194258,20.61057,18.050123,16.0987,18.31030766666667,19.078187166666666,5023.137267304347,309.2030821775,1.0,1.0
2026-09-23 15:00:00+00:00,17.9545,83.0,0.0,1016.48706,97.0,15.424974,213.87085,25.56,Aalborg,15,2,9,17.126095,17.194258,20.61057,17.341312,16.581775666666672,18.018257000000002,3670.0613320675325,276.947695683,1.0,1.0
2026-09-23 16:00:00+00:00,17.8545,90.0,0.6,1015.488,100.0,15.646871,197.62239,25.199999,Aalborg,16,2,9,15.424974,17.126095,17.194258,16.012428,16.065980000000003,17.3421485,3830.7384971324605,279.36705826950003,1.0,1.0
2026-09-23 17:00:00+00:00,17.5045,92.0,2.2,1014.48773,100.0,19.34964,184.15956,20.16,Aalborg,17,2,9,15.646871,15.424974,17.126095,15.45488,16.807161666666673,17.558734666666666,7244.671006223234,338.70577338000004,1.0,1.0
2026-09-23 18:00:00+00:00,17.0045,92.0,0.3,1013.38696,100.0,23.267136,203.08516,29.519999,Aalborg,18,2,9,19.34964,15.646871,15.424974,15.124728,19.421215666666672,18.001495666666667,12595.887848595956,395.646014112,1.0,0.0
2026-09-23 19:00:00+00:00,16.3545,89.0,0.7,1012.68463,100.0,25.658422,207.2658,35.28,Aalborg,19,2,9,23.267136,19.34964,15.646871,17.450132,22.75839933333334,19.412189666666666,16892.34065355234,419.63066259900006,0.0,0.0
2026-09-23 20:00:00+00:00,15.054501,94.0,0.4,1011.5804,100.0,26.340336,193.48091,27.359999,Aalborg,20,2,9,25.658422,23.267136,19.34964,18.484844,25.08863133333334,20.947896500000002,18275.27545888588,396.540614652336,0.0,0.0
2026-09-23 21:00:00+00:00,14.7045,94.0,1.1,1011.07947,100.0,28.403265,186.02744,27.72,Aalborg,21,2,9,26.340336,25.658422,23.267136,18.93641,26.800674333333337,23.110945,22914.205163485978,417.6558101925,0.0,0.0
2026-09-23 22:00:00+00:00,14.304501,94.0,1.1,1010.47833,100.0,26.688023,182.26045,25.919998,Aalborg,22,2,9,28.403265,26.340336,25.658422,19.152178,27.143874666666672,24.951137,19008.559637919094,381.75885169152303,0.0,1.0
2026-09-23 23:00:00+00:00,14.1545,95.0,0.6,1009.6788,100.0,23.02578,176.50543,24.48,Aalborg,23,2,9,26.688023,28.403265,26.340336,19.630749,26.03902266666667,25.563827000000003,12207.958735113207,325.91840301,1.0,1.0
2026-09-24 00:00:00+00:00,14.1545,96.0,0.3,1009.2793,100.0,22.808193,180.44072,25.199999,Aalborg,0,3,9,23.02578,26.688023,28.403265,18.955908,24.173998666666666,25.4873365,11865.133739276987,322.8385678185,1.0,1.0
2026-09-24 01:00:00+00:00,14.054501,96.0,0.4,1009.07886,100.0,18.977003,199.44012,22.319998,Aalborg,1,3,9,22.808193,23.02578,26.688023,19.71992,21.60365866666667,24.37376666666667,6834.124381972273,266.712307640503,1.0,1.0
2026-09-24 02:00:00+00:00,13.9045,96.0,0.1,1008.87854,100.0,13.418768,221.82008,26.28,Aalborg,2,3,9,18.977003,22.808193,23.02578,19.544321,18.40132133333334,22.220172,2416.228112811324,186.58125965600001,1.0,0.6016732958710697
2026-09-24 03:00:00+00:00,13.6045,94.0,0.0,1008.67755,100.0,10.597944,250.6651,22.68,Aalborg,3,3,9,13.418768,18.977003,22.808193,19.563211,14.331238333333337,19.2526185,1190.3230979342338,144.179729148,0.6016732958710697,0.025755117178142134
2026-09-24 04:00:00+00:00,13.3545,93.0,0.0,1008.876,98.0,5.6578493,299.74478,18.0,Aalborg,4,3,9,10.597944,13.418768,18.977003,20.176645,9.891520433333337,15.747589549999999,181.11487763646,75.55774847685,0.025755117178142134,0.2691185258363003
2026-09-24 05:00:00+00:00,13.4545,95.0,0.0,1009.67554,91.0,8.8106365,35.272507,15.84,Aalborg,5,3,9,5.6578493,10.597944,13.418768,20.550745,8.355476600000003,13.378398966666666,683.946059650853,118.54270878924999,0.2691185258363003,0.18143962622317342
2026-09-24 06:00:00+00:00,13.5045,95.0,0.0,1010.77405,99.0,8.095106,29.898815,10.440001,Aalborg,6,3,9,8.8106365,5.6578493,10.597944,17.684916,7.521197266666669,10.926217799999998,530.4782958778173,109.320358977,0.18143962622317342,0.597195623396459
2026-09-24 07:00:00+00:00,14.054501,94.0,0.0,1011.4757,100.0,10.579049,354.2895,8.28,Aalborg,7,3,9,8.095106,8.8106365,5.6578493,17.590677,9.161597166666668,9.526558799999998,1183.9677861556274,148.683254749549,0.597195623396459,0.4134932549834436
2026-09-24 08:00:00+00:00,14.6045,96.0,0.0,1012.3771,100.0,9.704998,347.4712,15.4800005,Aalborg,8,3,9,10.579049,8.095106,8.8106365,17.298664,9.45971766666667,8.907597133333333,914.0845125029664,141.736643291,0.4134932549834436,0.37584383462223203
2026-09-24 09:00:00+00:00,15.6545,94.0,0.0,1013.081,88.0,9.4949875,332.48807,14.4,Aalborg,9,3,9,9.704998,10.579049,8.095106,21.784555,9.926344833333337,8.72377105,856.0185815660134,148.63928181875002,0.37584383462223203,0.2256832397607112
2026-09-24 10:00:00+00:00,16.404501,89.0,0.0,1013.7835,92.0,8.479517,335.55606,14.759999,Aalborg,10,3,9,9.4949875,9.704998,10.579049,19.703522,9.226500833333336,9.194049,609.6959997651594,139.102245106017,0.2256832397607112,0.00044763177805465693
2026-09-24 11:00:00+00:00,17.3045,83.0,0.0,1014.18713,65.0,3.6884665,2.7262611,12.599999,Aalborg,11,3,9,8.479517,9.4949875,9.704998,18.050123,7.2209903333333365,8.340354,50.1807941608021,63.82706854925001,0.00044763177805465693,0.0016774200896870115
2026-09-24 12:00:00+00:00,17.8545,79.0,0.0,1015.08856,77.0,4.069358,277.4313,9.72,Aalborg,12,3,9,3.6884665,8.479517,9.4949875,20.61057,5.412447166666669,7.669396,67.38724403485784,72.65635241100001,0.0016774200896870115,0.16397060886031473
2026-09-24 13:00:00+00:00,18.5045,77.0,0.0,1015.4909,68.0,7.926039,264.92047,10.440001,Aalborg,13,3,9,4.069358,3.6884665,8.479517,17.194258,5.227954500000003,7.227227666666667,497.93036892485844,146.6673886755,0.16397060886031473,1.0
2026-09-24 14:00:00+00:00,18.654501,82.0,0.0,1016.09076,88.0,13.700248,279.58286,21.24,Aalborg,14,3,9,7.926039,4.069358,3.6884665,17.126095,8.565215000000004,7.893102666666667,2571.4926438878297,255.571290016248,1.0,1.0
2026-09-24 15:00:00+00:00,17.5545,89.0,0.1,1016.4855,92.0,12.989852,286.47696,22.319998,Aalborg,15,3,9,13.700248,7.926039,4.069358,15.424974,11.538713000000003,8.475580083333334,2191.858979249196,228.03035693400003,1.0,1.0
2026-09-24 16:00:00+00:00,17.3045,90.0,0.0,1016.6839,89.0,12.262159,289.21277,11.5199995,Aalborg,16,3,9,12.989852,13.700248,7.926039,15.646871,12.984086333333337,9.106020416666667,1843.7448897771792,212.1905304155,1.0,1.0
2026-09-24 17:00:00+00:00,16.904501,89.0,0.0,1016.98157,38.0,15.5383,295.40768,16.199999,Aalborg,17,3,9,12.262159,12.989852,13.700248,19.34964,13.596770333333337,11.080992666666667,3751.5479915668866,262.66720788829997,1.0,1.0
2026-09-24 18:00:00+00:00,15.7545,94.0,0.0,1017.4758,87.0,15.234226,298.92633,17.64,Aalborg,18,3,9,15.5383,12.262159,12.989852,23.267136,14.344895000000003,12.941804,3535.5841819228544,240.007613517,1.0,1.0
2026-09-24 19:00:00+00:00,15.4045,96.0,0.0,1017.1747,87.0,16.703928,287.1028,9.36,Aalborg,19,3,9,15.234226,15.5383,12.262159,25.658422,15.82548466666667,14.404785500000001,4660.750212822725,257.31565887600004,1.0,1.0
2026-09-24 20:00:00+00:00,15.1045,97.0,0.0,1017.4729,100.0,17.89857,268.8767,11.159999,Aalborg,20,3,9,16.703928,15.234226,15.5383,26.340336,16.612241333333337,15.104505833333334,5733.964550908206,270.348950565,1.0,1.0
2026-09-24 21:00:00+00:00,14.804501,93.0,0.0,1018.2703,100.0,18.955906,262.02,23.039999,Aalborg,21,3,9,17.89857,16.703928,15.234226,28.403265,17.852801333333336,16.098848166666667,6811.356936276531,280.63272933290597,1.0,1.0
2026-09-24 22:00:00+00:00,14.1545,90.0,0.1,1017.5685,100.0,21.789501,266.76904,22.319998,Aalborg,22,3,9,18.955906,17.89857,16.703928,26.688023,19.547992333333337,17.6867385,10345.270573539374,308.41949190450003,1.0,1.0
2026-09-24 23:00:00+00:00,13.7545,92.0,0.0,1017.36676,99.0,23.35758,267.41702,25.199999,Aalborg,23,3,9,21.789501,18.955906,17.89857,23.02578,21.36766233333334,18.989951833333333,12743.347759906337,321.27183411,1.0,0.0
2026-09-25 00:00:00+00:00,13.6045,90.0,0.0,1017.466,98.0,25.441576,269.20978,27.359999,Aalborg,0,4,9,23.35758,21.789501,18.955906,22.808193,23.52955233333334,20.691176833333333,16467.665304906503,346.119920692,0.0,0.0
2026-09-25 01:00:00+00:00,13.4545,89.0,0.0,1017.5652,63.0,25.269194,271.19345,27.72,Aalborg,1,4,9,25.441576,23.35758,21.789501,18.977003,24.689450000000004,22.118721166666663,16135.193162976178,339.98437067299994,0.0,0.0
2026-09-25 02:00:00+00:00,13.1545,86.0,0.0,1017.5636,20.0,26.14328,270.769,28.8,Aalborg,2,4,9,25.269194,25.441576,23.35758,13.418768,25.618016666666673,23.4928395,17868.176055773016,343.90177676,0.0,1.0
2026-09-25 03:00:00+00:00,12.4545,87.0,0.0,1017.161,49.0,23.515179,271.2825,27.72,Aalborg,3,4,9,26.14328,25.269194,25.441576,10.597944,24.97588433333334,24.252718333333334,13003.039055091163,292.8697968555,1.0,1.0
2026-09-25 04:00:00+00:00,11.7545,90.0,0.0,1016.95807,82.0,23.511906,269.14493,22.68,Aalborg,4,4,9,23.515179,26.14328,25.269194,5.6578493,24.390121666666673,24.53978583333333,12997.610260762647,276.370699077,1.0,1.0
2026-09-25 05:00:00+00:00,11.2545,91.0,0.0,1016.95544,72.0,23.574661,265.73218,20.880001,Aalborg,5,4,9,23.511906,23.515179,26.14328,8.8106365,23.53391533333334,24.575966000000005,13101.963013607123,265.3210222245,1.0,1.0
2026-09-25 06:00:00+00:00,11.054501,91.0,0.0,1016.85474,66.0,23.637249,264.0356,20.880001,Aalborg,6,4,9,23.574661,23.511906,23.515179,8.095106,23.574605333333338,24.275244833333332,13206.592894953012,261.297992707749,1.0,0.0
2026-09-25 07:00:00+00:00,12.5045,89.0,0.0,1016.86163,69.0,25.269194,271.19345,30.960001,Aalborg,7,4,9,23.637249,23.574661,23.511906,10.579049,24.160368000000005,24.275244833333332,16135.193162976178,315.978636373,0.0,1.0
2026-09-25 08:00:00+00:00,13.4045,80.0,0.0,1016.766,83.0,20.285427,264.04297,35.64,Aalborg,8,4,9,25.269194,23.637249,23.574661,9.704998,23.06395666666667,23.298935999999998,8347.423767669932,271.91600622149997,1.0,0.0
2026-09-25 09:00:00+00:00,14.8545,77.0,0.0,1016.473,74.0,25.302671,266.82022,34.92,Aalborg,9,4,9,20.285427,25.269194,23.637249,9.4949875,23.61909733333334,23.596851333333333,16199.406582677948,375.8585263695,0.0,0.0
2026-09-25 10:00:00+00:00,15.4545,76.0,0.0,1016.0765,72.0,28.178045,264.99945,34.92,Aalborg,10,4,9,25.302671,20.285427,25.269194,8.479517,24.58871433333334,24.374541166666663,22373.430285880524,435.4775964525,0.0,0.0
2026-09-25 11:00:00+00:00,16.2045,74.0,0.0,1015.8799,62.0,27.545025,260.83774,35.64,Aalborg,11,4,9,28.178045,25.302671,20.285427,3.6884665,27.008580333333338,25.036268500000002,20899.19280820352,446.35335761249996,0.0,0.0
2026-09-25 12:00:00+00:00,16.904501,71.0,0.0,1015.4835,76.0,27.698248,259.046,37.44,Aalborg,12,4,9,27.545025,28.178045,25.302671,4.069358,27.807106000000005,25.71310166666667,21249.900378830403,468.225061014248,0.0,0.0
2026-09-25 13:00:00+00:00,17.6045,71.0,0.0,1015.1872,66.0,27.835705,254.64981,37.8,Aalborg,13,4,9,27.698248,27.545025,28.178045,7.926039,27.692992666666672,26.140853500000002,21567.8411243603,490.0336686725001,0.0,0.0
2026-09-25 14:00:00+00:00,17.7045,72.0,0.0,1014.8882,83.0,26.630293,251.56496,37.8,Aalborg,14,4,9,27.835705,27.698248,27.545025,13.700248,27.388082000000008,27.198331166666666,18885.471602773607,471.4760224185,0.0,0.0
2026-09-25 15:00:00+00:00,17.654501,75.0,0.0,1014.2886,98.0,26.389368,248.5522,38.16,Aalborg,15,4,9,26.630293,27.835705,27.698248,12.989852,26.951788666666673,27.37944733333333,18377.52271536055,465.891123745368,0.0,0.0
2026-09-25 16:00:00+00:00,17.1045,78.0,0.0,1013.8866,100.0,25.84786,246.39288,34.56,Aalborg,16,4,9,26.389368,26.630293,27.835705,12.262159,26.28917366666667,26.99108316666667,17269.26199168818,442.11472137000004,0.0,0.0
2026-09-25 17:00:00+00:00,16.5545,83.0,0.0,1013.7841,100.0,25.547821,239.91359,33.839996,Aalborg,17,4,9,25.84786,26.389368,26.630293,15.5383,25.928349666666673,26.658215833333333,16674.836868984494,422.9314027445,0.0,0.0
2026-09-25 18:00:00+00:00,16.154501,86.0,0.1,1013.483,100.0,29.930815,232.86134,33.48,Aalborg,18,4,9,25.547821,25.84786,26.389368,15.234226,27.108832000000007,27.030310333333336,26813.6309596218,483.517380848315,0.0,0.0
2026-09-25 19:00:00+00:00,15.7545,89.0,0.2,1013.481,100.0,30.182735,238.06525,33.12,Aalborg,19,4,9,29.930815,25.547821,25.84786,16.703928,28.55379033333334,27.421481999999997,27496.39588912203,475.5138985575,0.0,0.0
2026-09-25 20:00:00+00:00,15.5045,89.0,0.0,1013.18024,100.0,27.89756,240.21053,32.399998,Aalborg,20,4,9,30.182735,29.930815,25.547821,17.89857,29.337036666666673,27.632693166666666,21711.94153710179,432.53771902,0.0,0.0
2026-09-25 21:00:00+00:00,15.2545,93.0,0.2,1012.8797,100.0,25.405254,232.57608,34.2,Aalborg,21,4,9,27.89756,30.182735,29.930815,18.955906,27.82851633333334,27.46867416666667,16397.23511552915,387.544447143,0.0,0.0
2026-09-25 22:00:00+00:00,15.2545,94.0,0.0,1012.67993,100.0,26.889097,229.76372,27.359999,Aalborg,22,4,9,25.405254,27.89756,30.182735,21.789501,26.730637,27.642213666666663,19441.45003245941,410.1797301865,0.0,0.0
2026-09-25 23:00:00+00:00,15.054501,94.0,0.0,1012.5791,100.0,28.073536,239.589,27.0,Aalborg,23,4,9,26.889097,25.405254,27.89756,23.35758,26.78929566666667,28.063166166666665,22125.411303285968,422.633075785536,0.0,0.0
2026-09-26 00:00:00+00:00,14.6045,90.0,0.0,1012.1773,100.0,27.745438,263.09976,32.399998,Aalborg,0,5,9,28.073536,26.889097,25.405254,25.441576,27.569357000000007,27.698936666666665,21358.69703211607,405.208249271,0.0,0.0
2026-09-26 01:00:00+00:00,14.1545,92.0,0.0,1012.4751,100.0,27.940002,273.23962,32.039997,Aalborg,1,5,9,27.745438,28.073536,26.889097,25.269194,27.919658666666674,27.325147833333332,21811.186867861936,395.476758309,0.0,0.0
2026-09-26 02:00:00+00:00,13.9545,90.0,0.0,1012.6739,100.0,28.115168,266.78058,33.12,Aalborg,2,5,9,27.940002,27.745438,28.073536,26.14328,27.933536000000004,27.361415833333336,22223.99081168096,392.333111856,0.0,0.0
2026-09-26 03:00:00+00:00,13.5045,88.0,0.0,1012.5718,100.0,29.362383,266.23154,31.68,Aalborg,3,5,9,28.115168,27.940002,27.745438,23.515179,28.472517666666675,28.020937333333336,25314.764862822864,396.5243012235,0.0,0.0
2026-09-26 04:00:00+00:00,13.4045,88.0,0.0,1012.57153,100.0,29.037712,265.49518,30.599998,Aalborg,4,5,9,29.362383,28.115168,27.940002,23.511906,28.838421,28.379039833333337,24484.27116059394,389.236010504,0.0,0.0
2026-09-26 05:00:00+00:00,13.2045,88.0,0.0,1013.0699,80.0,28.877209,265.12082,30.960001,Aalborg,5,5,9,29.037712,29.362383,28.115168,23.574661,29.092434666666673,28.512985333333333,24080.50820938502,381.3091062405,0.0,0.0
2026-09-26 06:00:00+00:00,12.8545,85.0,0.0,1013.76733,95.0,30.323137,264.35547,38.88,Aalborg,6,5,9,28.877209,29.037712,29.362383,23.637249,29.412686000000004,28.942601833333338,27881.901218033618,389.7887645665,0.0,0.0
2026-09-26 07:00:00+00:00,13.4045,84.0,0.0,1014.2692,89.0,29.166222,266.8967,42.12,Aalborg,7,5,9,30.323137,28.877209,29.037712,25.269194,29.45552266666667,29.14697183333333,24810.786487208563,390.958622799,0.0,0.0
2026-09-26 08:00:00+00:00,13.9045,79.0,0.0,1014.9705,97.0,29.668455,272.03326,40.68,Aalborg,8,5,9,29.166222,30.323137,28.877209,20.285427,29.71927133333334,29.405853000000004,26114.68504371391,412.5250325475,0.0,0.0
2026-09-26 09:00:00+00:00,14.7545,76.0,0.0,1015.7733,70.0,32.217464,279.71872,40.32,Aalborg,9,5,9,29.668455,29.166222,30.323137,25.302671,30.350713666666667,29.88169983333334,33440.59958876556,475.352572588,0.0,0.0
2026-09-26 10:00:00+00:00,15.4545,71.0,0.0,1016.3761,38.0,31.965693,280.75482,38.519997,Aalborg,10,5,9,32.217464,29.668455,29.166222,28.178045,31.283870666666672,30.36969666666667,32662.72184476559,494.0138024685,0.0,0.0
2026-09-26 11:00:00+00:00,16.0045,67.0,0.0,1016.9775,10.0,30.458853,279.95056,36.36,Aalborg,11,5,9,31.965693,32.217464,29.668455,27.545025,31.547336666666677,30.633304,28257.948856503244,487.47871283850003,0.0,0.0
2026-09-26 12:00:00+00:00,16.7045,61.0,0.0,1017.3801,2.0,27.320621,280.7326,36.0,Aalborg,12,5,9,30.458853,31.965693,32.217464,27.698248,29.91505566666667,30.132884666666666,20392.557710018573,456.37731349449996,0.0,0.0
2026-09-26 13:00:00+00:00,17.0545,56.0,0.0,1017.78125,0.0,26.477865,279.15018,36.0,Aalborg,13,5,9,27.320621,30.458853,31.965693,27.835705,28.08577966666667,29.684825166666666,18563.031029583664,451.56674864250004,0.0,0.0
2026-09-26 14:00:00+00:00,16.9545,58.0,0.0,1018.2802,3.0,25.967855,270.7742,36.36,Aalborg,14,5,9,26.477865,27.320621,30.458853,26.630293,26.588780333333336,29.068058499999996,17510.890504264487,440.2719975975,0.0,0.0
2026-09-26 15:00:00+00:00,16.904501,63.0,0.0,1018.77924,51.0,25.634418,262.9237,34.92,Aalborg,15,5,9,25.967855,26.477865,27.320621,26.389368,26.026712666666672,27.970884166666664,16844.975559393522,433.337044715418,0.0,1.0
2026-09-26 16:00:00+00:00,16.3545,65.0,0.0,1019.3759,50.0,22.831799,267.3575,33.12,Aalborg,16,5,9,25.634418,25.967855,26.477865,25.84786,24.811357333333337,26.448568500000004,11902.012373100228,373.40265674550005,1.0,1.0
2026-09-26 17:00:00+00:00,15.554501,69.0,0.0,1020.1714,55.0,19.849049,261.87,30.960001,Aalborg,17,5,9,22.831799,25.634418,25.967855,25.547821,22.771755333333335,24.680267833333332,7820.222532663721,308.742052519549,1.0,1.0
2026-09-26 18:00:00+00:00,14.4545,75.0,0.0,1020.86536,56.0,20.990135,253.98875,24.119999,Aalborg,18,5,9,19.849049,22.831799,25.634418,29.930815,21.223661000000007,23.625186833333334,9247.95473508813,303.40190635749997,1.0,1.0
2026-09-26 19:00:00+00:00,13.6545,78.0,0.0,1021.3612,81.0,21.57657,243.43501,17.64,Aalborg,19,5,9,20.990135,19.849049,22.831799,30.182735,20.805251333333338,22.808304333333336,10044.937057663272,294.617275065,1.0,1.0
2026-09-26 20:00:00+00:00,12.9045,80.0,0.0,1021.857,83.0,20.977669,237.63908,15.119999,Aalborg,20,5,9,21.57657,20.990135,19.849049,27.89756,21.181458000000003,21.97660666666667,9231.487492298462,270.7063296105,1.0,1.0
2026-09-26 21:00:00+00:00,12.5045,84.0,0.0,1022.2545,73.0,21.738588,222.05588,16.56,Aalborg,21,5,9,20.977669,21.57657,20.990135,25.405254,21.430942333333338,21.327301666666667,10272.922103515568,271.830173646,1.0,1.0
2026-09-26 22:00:00+00:00,12.2545,84.0,0.0,1022.6528,88.0,23.404972,217.38536,18.0,Aalborg,22,5,9,21.738588,20.977669,21.57657,26.889097,22.040409666666672,21.4228305,12821.073140481949,286.816229374,1.0,1.0
2026-09-26 23:00:00+00:00,11.804501,83.0,0.0,1023.0501,89.0,23.902708,215.43999,19.44,Aalborg,23,5,9,23.404972,21.738588,20.977669,28.073536,23.01542266666667,22.098440333333333,13656.560035854889,282.159540488708,1.0,1.0
2026-09-27 00:00:00+00:00,11.3545,85.0,0.0,1023.04816,85.0,23.378653,211.18492,19.08,Aalborg,0,6,9,23.902708,23.404972,21.738588,27.745438,23.562111000000005,22.496526666666668,12777.869690059802,265.45291548849997,1.0,1.0
2026-09-27 01:00:00+00:00,11.054501,86.0,0.0,1023.34607,86.0,23.31339,208.30066,18.359999,Aalborg,1,6,9,23.378653,23.902708,23.404972,27.940002,23.531583666666673,22.785996666666666,12671.157426218508,257.71789306838997,1.0,1.0
2026-09-27 02:00:00+00:00,11.2045,86.0,0.0,1023.44666,77.0,22.936712,209.3099,18.72,Aalborg,2,6,9,23.31339,23.378653,23.902708,28.115168,23.209585000000004,23.112503833333335,12066.838061103219,256.994389604,1.0,1.0
2026-09-27 03:00:00+00:00,10.9545,88.0,0.0,1023.14606,43.0,22.056263,211.66718,16.919998,Aalborg,3,6,9,22.936712,23.31339,23.378653,29.362383,22.768788333333337,23.16544966666667,10729.902978763099,241.6153330335,1.0,1.0
2026-09-27 04:00:00+00:00,10.554501,90.0,0.0,1023.1441,27.0,20.949036,206.3504,15.4800005,Aalborg,4,6,9,22.056263,22.936712,23.31339,29.037712,21.980670333333336,22.756126999999996,9193.738127375356,221.106621411036,1.0,1.0
2026-09-27 05:00:00+00:00,10.2045,90.0,0.0,1023.34216,13.0,20.604595,195.81143,14.04,Aalborg,5,6,9,20.949036,22.056263,22.936712,28.877209,21.203298000000004,22.2064415,8747.667107543764,210.25958967749997,1.0,1.0
2026-09-27 06:00:00+00:00,10.1045,90.0,0.0,1023.5414,6.0,21.54445,186.54619,13.679999,Aalborg,6,6,9,20.604595,20.949036,22.056263,30.323137,21.03269366666667,21.900741,10000.143564585673,217.695895025,1.0,1.0
2026-09-27 07:00:00+00:00,10.4545,84.0,0.0,1023.6428,4.0,21.755573,180.46204,17.28,Aalborg,7,6,9,21.54445,20.604595,20.949036,29.166222,21.301539333333338,21.641104833333333,10297.020533666553,227.44363792849998,1.0,1.0
2026-09-27 08:00:00+00:00,12.2045,78.0,0.0,1023.85077,0.0,21.986378,168.9591,19.08,Aalborg,8,6,9,21.755573,21.54445,20.604595,29.668455,21.76213366666667,21.482715833333334,10628.233100358659,268.332750301,1.0,1.0
2026-09-27 09:00:00+00:00,14.054501,71.0,0.0,1023.6597,0.0,16.792143,152.63187,27.0,Aalborg,9,6,9,21.986378,21.755573,21.54445,32.217464,20.178031333333337,20.605362500000002,4734.982431790398,236.005190585643,1.0,1.0
2026-09-27 10:00:00+00:00,15.6545,67.0,0.0,1023.2677,3.0,19.618986,152.28928,27.359999,Aalborg,10,6,9,16.792143,21.986378,21.755573,31.965693,19.465835666666674,20.383687499999997,7551.438187653774,307.125416337,1.0,1.0
2026-09-27 11:00:00+00:00,16.654501,63.0,0.0,1022.6732,2.0,20.29453,145.2108,30.239998,Aalborg,11,6,9,19.618986,16.792143,21.986378,30.458853,18.901886333333337,20.33201,8358.666425119145,337.99527017953005,1.0,0.0
2026-09-27 12:00:00+00:00,17.9545,64.0,0.0,1021.7802,2.0,25.307537,135.0001,35.64,Aalborg,12,6,9,20.29453,19.618986,16.792143,27.320621,21.740351000000004,20.959191166666667,16208.754387021556,454.3841730665,0.0,0.0
2026-09-27 13:00:00+00:00,17.6045,57.0,0.0,1021.479,0.0,28.911829,133.77075,41.760002,Aalborg,13,6,9,25.307537,20.29453,19.618986,26.477865,24.83796533333334,22.1519005,24167.220230443574,508.97829363050005,0.0,0.0
2026-09-27 14:00:00+00:00,17.3545,60.0,0.0,1020.4794,0.0,32.4834,130.39983,43.56,Aalborg,14,6,9,28.911829,25.307537,20.29453,25.967855,28.90092200000001,23.901404166666666,34275.550612525716,563.7331653000001,0.0,0.0
2026-09-27 15:00:00+00:00,16.8545,62.0,0.0,1019.87787,19.0,34.26477,124.992096,48.6,Aalborg,15,6,9,32.4834,28.911829,25.307537,25.634418,31.88666633333334,26.813508666666667,40229.39144280759,577.5155659650001,0.0,0.0
2026-09-27 16:00:00+00:00,16.5045,69.0,0.0,1018.77765,92.0,38.071415,127.13402,48.239998,Aalborg,16,6,9,34.26477,32.4834,28.911829,22.831799,34.93986166666667,29.8889135,55181.95155587746,628.3496688675,0.0,0.0
2026-09-27 17:00:00+00:00,15.7545,71.0,0.0,1017.97516,98.0,41.22002,129.99286,50.399998,Aalborg,17,6,9,38.071415,34.26477,32.4834,19.849049,37.85206833333334,33.376495166666665,70036.52579335346,649.40080509,0.0,0.0
2026-09-27 18:00:00+00:00,15.6045,72.0,0.0,1017.4752,95.0,45.0327,134.84213,53.28,Aalborg,18,6,9,41.22002,38.071415,34.26477,20.990135,41.44137833333334,36.664022333333335,91323.79688911578,702.71276715,0.0,0.0
2026-09-27 19:00:00+00:00,15.5045,70.0,0.0,1017.0752,67.0,46.45384,140.05595,52.92,Aalborg,19,6,9,45.0327,41.22002,38.071415,21.57657,44.23552000000001,39.58769083333333,100245.49376065598,720.24356228,0.0,0.0
2026-09-27 20:00:00+00:00,15.4545,74.0,0.0,1016.8754,72.0,44.09578,145.04526,52.92,Aalborg,20,6,9,46.45384,45.0327,41.22002,20.977669,45.19410666666667,41.523087499999995,85741.50206137616,681.4782320099999,0.0,0.0
2026-09-27 21:00:00+00:00,15.2045,77.0,0.0,1016.4746,66.0,42.860058,151.65169,48.6,Aalborg,21,6,9,44.09578,46.45384,45.0327,21.738588,44.469892666666674,42.9556355,78733.26529088296,651.665751861,0.0,0.0
2026-09-27 22:00:00+00:00,15.1045,79.0,0.0,1016.07477,81.0,42.450554,152.69373,47.16,Aalborg,22,6,9,42.860058,44.09578,46.45384,23.404972,43.135464000000006,43.685492,76498.0010922409,641.194392893,0.0,0.0
2026-09-27 23:00:00+00:00,15.1545,77.0,0.0,1015.3757,71.0,41.35458,152.45665,40.68,Aalborg,23,6,9,42.450554,42.860058,44.09578,23.902708,42.22173066666667,43.70791866666667,70724.65593836848,626.70798261,0.0,0.0
2026-09-28 00:00:00+00:00,15.4045,76.0,0.0,1015.5768,34.0,38.33689,161.31621,40.32,Aalborg,0,0,9,41.35458,42.450554,42.860058,23.378653,40.71400800000001,42.59195033333333,56344.38413070685,590.560622005,0.0,0.0
2026-09-28 01:00:00+00:00,15.7545,75.0,0.0,1015.67816,84.0,35.134075,171.38443,37.8,Aalborg,1,0,9,38.33689,41.35458,42.450554,23.31339,38.275181666666676,40.705322833333334,43369.615526236994,553.5197845875,0.0,0.0
2026-09-28 02:00:00+00:00,15.9045,73.0,0.0,1015.6788,100.0,33.428577,170.63663,33.839996,Aalborg,2,0,9,35.134075,38.33689,41.35458,22.936712,35.633180666666675,38.92745566666667,37355.423925519135,531.6648028965,0.0,0.0
2026-09-28 03:00:00+00:00,16.0545,69.0,0.0,1015.37994,100.0,30.402208,176.69185,31.319998,Aalborg,3,0,9,33.428577,35.134075,38.33689,22.056263,32.988286666666674,36.85114733333334,28100.586080474844,488.09224833600007,0.0,0.0
2026-09-28 04:00:00+00:00,15.804501,68.0,0.0,1015.07935,100.0,30.290638,184.98402,26.28,Aalborg,4,0,9,30.402208,33.428577,35.134075,20.949036,31.373807666666675,34.824494666666666,27792.349490555753,478.728418561638,0.0,0.0
2026-09-28 05:00:00+00:00,15.4545,69.0,0.0,1015.27747,100.0,27.288494,190.37068,24.119999,Aalborg,5,0,9,30.290638,30.402208,33.428577,20.604595,29.32711333333334,32.480146999999995,20320.70192083689,421.730030523,0.0,1.0
2026-09-28 06:00:00+00:00,15.2045,70.0,0.0,1015.67566,100.0,21.527298,199.0257,23.4,Aalborg,6,0,9,27.288494,30.290638,30.402208,21.54445,26.368810000000007,29.678548333333335,9976.278586003802,327.31180244099994,1.0,1.0
2026-09-28 07:00:00+00:00,15.1545,71.0,0.0,1015.97485,100.0,18.696768,198.60506,23.4,Aalborg,7,0,9,21.527298,27.288494,30.290638,21.755573,22.504186666666673,26.938997166666667,6535.812991736964,283.340170656,1.0,1.0
2026-09-28 08:00:00+00:00,14.9545,75.0,0.0,1016.4734,100.0,19.130468,181.5765,26.28,Aalborg,8,0,9,18.696768,21.527298,27.288494,21.986378,19.78484466666667,24.555978999999997,7001.269313057491,286.086583706,1.0,1.0
2026-09-28 09:00:00+00:00,15.1045,74.0,0.1,1016.57416,99.0,19.136099,182.10161,22.68,Aalborg,9,0,9,19.130468,18.696768,21.527298,16.792143,18.98777833333334,22.678294166666664,7007.4535454079705,289.0412073455,1.0,1.0
2026-09-28 10:00:00+00:00,15.5045,76.0,0.0,1016.9753,100.0,21.141363,197.38248,19.8,Aalborg,10,0,9,19.136099,19.130468,18.696768,19.618986,19.80264333333334,21.153415,9449.28503428664,327.7862626335,1.0,1.0
2026-09-28 11:00:00+00:00,15.7545,77.0,0.0,1017.376,100.0,15.708714,200.25655,16.199999,Aalborg,11,0,9,21.141363,19.136099,19.130468,20.29453,18.66205866666667,19.223451666666666,3876.340318723479,247.48293471300002,1.0,1.0
2026-09-28 12:00:00+00:00,16.2045,76.0,0.0,1017.77734,100.0,18.20041,197.38705,14.04,Aalborg,12,0,9,15.708714,21.141363,19.136099,25.307537,18.35016233333334,18.668970333333334,6028.975434378331,294.92854384500004,1.0,1.0
2026-09-28 13:00:00+00:00,16.5045,76.0,0.0,1018.2783,100.0,15.864694,212.81136,19.44,Aalborg,13,0,9,18.20041,15.708714,21.141363,28.911829,16.591272666666672,18.196958,3992.961285111027,261.838842123,1.0,1.0
2026-09-28 14:00:00+00:00,16.6045,77.0,0.0,1018.3786,100.0,17.89599,232.56833,23.039999,Aalborg,14,0,9,15.864694,18.20041,15.708714,32.4834,17.320364666666674,17.99121166666667,5731.48533113689,297.15396595500005,1.0,1.0
2026-09-28 15:00:00+00:00,16.2545,88.0,0.0,1018.377,100.0,15.327888,264.74628,20.519999,Aalborg,15,0,9,17.89599,15.864694,18.20041,34.26477,16.36285733333334,17.356509833333334,3601.1976257405977,249.147155496,1.0,1.0
2026-09-28 16:00:00+00:00,16.0045,90.0,0.0,1019.1746,64.0,12.594032,288.68744,23.039999,Aalborg,16,0,9,15.327888,17.89599,15.864694,38.071415,15.272636666666676,15.931954666666668,1997.5349070709449,201.561185144,1.0,1.0
2026-09-28 17:00:00+00:00,15.2045,84.0,0.0,1020.06995,81.0,17.74399,284.31107,23.4,Aalborg,17,0,9,12.594032,15.327888,17.89599,41.22002,15.221970000000008,16.271167333333334,5586.680721303243,269.788495955,1.0,1.0
2026-09-28 18:00:00+00:00,14.2545,82.0,0.0,1020.6646,100.0,19.280321,277.3189,23.4,Aalborg,18,0,9,17.74399,12.594032,15.327888,45.0327,16.539447666666675,16.4511525,7167.088722779125,274.8313356945,1.0,1.0
2026-09-28 19:00:00+00:00,13.804501,84.0,0.0,1021.3618,100.0,20.150696,277.00116,21.599998,Aalborg,19,0,9,19.280321,17.74399,12.594032,46.45384,19.058335666666675,17.165486166666664,8182.201179263284,278.170303082696,1.0,1.0
2026-09-28 20:00:00+00:00,13.2545,84.0,0.0,1021.95844,100.0,20.726727,285.21265,21.599998,Aalborg,20,0,9,20.150696,19.280321,17.74399,44.09578,20.05258133333334,17.637275666666667,8904.144135832017,274.7224030215,1.0,1.0
2026-09-28 21:00:00+00:00,12.8545,89.0,0.0,1022.3561,82.0,19.618986,285.0305,17.64,Aalborg,21,0,9,20.726727,20.150696,19.280321,42.860058,20.165469666666677,18.352458666666667,7551.438187653774,252.192255537,1.0,1.0
2026-09-28 22:00:00+00:00,12.1545,93.0,0.0,1022.9521,98.0,19.914072,284.28113,14.04,Aalborg,22,0,9,19.618986,20.726727,20.150696,42.450554,20.086595000000006,19.572465333333334,7897.32878281124,242.04558812400003,1.0,1.0
2026-09-28 23:00:00+00:00,11.7545,94.0,0.0,1023.4496,98.0,18.21309,283.36694,13.32,Aalborg,23,0,9,19.914072,19.618986,20.726727,41.35458,19.24871600000001,19.650648666666665,6041.585152649208,214.08576640500002,1.0,1.0
2026-09-29 00:00:00+00:00,11.4045,94.0,0.0,1023.74713,99.0,18.31673,286.6993,12.959999,Aalborg,0,1,9,18.21309,19.914072,19.618986,38.33689,18.814630666666677,19.490050166666666,6145.310499902818,208.893147285,1.0,1.0
2026-09-29 01:00:00+00:00,11.2545,95.0,0.0,1023.7464,99.0,19.929522,296.11386,12.599999,Aalborg,1,1,9,18.31673,18.21309,19.914072,35.134075,18.819780666666674,19.453187833333335,7915.724078834348,224.29680534899998,1.0,1.0
2026-09-29 02:00:00+00:00,11.1545,95.0,0.0,1024.1456,100.0,19.298672,306.86996,11.5199995,Aalborg,2,1,9,19.929522,18.31673,18.21309,33.428577,19.181641333333342,19.21517866666667,7187.573101949171,215.267036824,1.0,1.0
2026-09-29 03:00:00+00:00,10.9545,94.0,0.0,1024.0449,100.0,16.511179,312.84702,11.879999,Aalborg,3,1,9,19.298672,19.929522,18.31673,30.402208,18.579791000000004,18.697210833333333,4501.261635664068,180.87171035549997,1.0,0.7282827103844633
2026-09-29 04:00:00+00:00,10.4545,95.0,0.0,1024.242,100.0,11.0973425,320.77435,8.64,Aalborg,4,1,9,16.511179,19.298672,19.929522,30.290638,15.635731166666673,17.227755916666666,1366.64894343103,116.01716716624999,0.7282827103844633,0.068398375714119
2026-09-29 05:00:00+00:00,10.0045,95.0,0.0,1024.4398,95.0,6.6806493,330.06857,7.5599995,Aalborg,5,1,9,11.0973425,16.511179,19.298672,27.288494,11.429723600000008,15.305682466666667,298.16456042190714,66.83655592184999,0.068398375714119,0.3362889476498154
2026-09-29 06:00:00+00:00,9.8545,93.0,0.0,1025.3375,88.0,9.258641,9.819235,5.3999996,Aalborg,6,1,9,6.6806493,11.0973425,16.511179,21.527298,9.012210933333341,13.796000966666666,793.6732343386444,91.2392777345,0.3362889476498154,0.34491160027527556
2026-09-29 07:00:00+00:00,11.1545,90.0,0.0,1025.7435,83.0,9.311682,42.709366,5.3999996,Aalborg,7,1,9,9.258641,6.6806493,11.0973425,18.696768,8.416990766666673,12.026360966666667,807.3919376227917,103.867156869,0.34491160027527556,0.22077390442977965
2026-09-29 08:00:00+00:00,11.6545,83.0,0.0,1026.1453,86.0,8.439493,69.30447,9.72,Aalborg,8,1,9,9.311682,9.258641,6.6806493,19.130468,9.003272000000008,10.216497799999999,601.1032442027505,98.35807116850002,0.22077390442977965,0.3195960462003159
2026-09-29 09:00:00+00:00,12.804501,78.0,0.0,1026.2506,85.0,9.153322,77.82856,14.4,Aalborg,9,1,9,8.439493,9.311682,9.258641,19.136099,8.968165666666673,8.9901883,766.8955564011861,117.20372070232199,0.3195960462003159,1.0
2026-09-29 10:00:00+00:00,14.0045,73.0,0.0,1026.2563,93.0,13.3382435,91.50741,17.28,Aalborg,10,1,9,9.153322,8.439493,9.311682,21.141363,10.310352833333342,9.3636718,2372.990090433777,186.79543109575002,1.0,1.0
2026-09-29 11:00:00+00:00,15.4545,70.0,0.0,1026.0635,88.0,14.515146,97.64032,18.72,Aalborg,11,1,9,13.3382435,9.153322,8.439493,15.708714,12.335570500000008,10.66942125,3058.1883219317583,224.324323857,1.0,1.0
2026-09-29 12:00:00+00:00,15.7545,66.0,0.0,1025.6652,91.0,13.519319,87.768875,22.68,Aalborg,12,1,9,14.515146,13.3382435,9.153322,18.20041,13.790902833333341,11.379534249999999,2470.95278602263,212.99011118549998,1.0,1.0
2026-09-29 13:00:00+00:00,16.5545,74.0,0.0,1025.7686,92.0,17.108112,84.114105,21.24,Aalborg,13,1,9,13.519319,14.515146,13.3382435,15.864694,15.047525666666672,12.678939249999999,5007.330466066912,283.216240104,1.0,1.0
2026-09-29 14:00:00+00:00,16.2045,74.0,0.0,1025.8668,100.0,20.990135,73.988754,25.199999,Aalborg,14,1,9,17.108112,13.519319,14.515146,17.89599,17.20585533333334,14.770712916666668,9247.95473508813,340.1346426075,1.0,1.0
2026-09-29 15:00:00+00:00,15.304501,73.0,0.0,1025.9626,100.0,22.47376,77.374176,27.359999,Aalborg,15,1,9,20.990135,17.108112,13.519319,15.327888,20.190669000000007,16.990785916666667,11350.81945822077,343.94968239376,1.0,1.0
2026-09-29 16:00:00+00:00,14.4545,73.0,0.0,1025.5592,100.0,24.335331,65.28258,25.56,Aalborg,16,1,9,22.47376,20.990135,17.108112,12.594032,22.599742000000006,18.823633833333332,14411.585850252963,351.75504193949996,1.0,0.0
2026-09-29 17:00:00+00:00,14.2045,73.0,0.0,1025.5582,100.0,29.589504,69.5234,24.119999,Aalborg,17,1,9,24.335331,22.47376,20.990135,17.74399,25.46619833333334,21.33602683333333,25906.757255505923,420.304109568,0.0,0.0
2026-09-29 18:00:00+00:00,13.9045,78.0,0.0,1025.1572,100.0,31.541119,63.577545,25.919998,Aalborg,18,1,9,29.589504,24.335331,22.47376,19.280321,28.48865133333334,24.339660166666665,31378.43583074207,438.5634891355,0.0,0.0
2026-09-29 19:00:00+00:00,13.9545,73.0,0.0,1024.6582,100.0,33.314674,79.99209,32.760002,Aalborg,19,1,9,31.541119,29.589504,24.335331,20.150696,31.48176566666667,27.04075383333333,36974.87406983466,464.88961833299993,0.0,0.0
2026-09-29 20:00:00+00:00,14.554501,74.0,0.0,1024.2615,100.0,33.92578,86.442215,38.519997,Aalborg,20,1,9,33.314674,31.541119,29.589504,20.726727,32.927191,29.19669466666667,39047.1665092079,493.77279893578003,0.0,0.0
2026-09-29 21:00:00+00:00,15.3545,81.0,0.0,1024.6646,97.0,34.991867,96.91113,33.839996,Aalborg,21,1,9,33.92578,33.314674,31.541119,19.618986,34.077440333333335,31.283045833333336,42845.11816975938,537.2826218514999,0.0,0.0
2026-09-29 22:00:00+00:00,15.8545,84.0,0.0,1024.4672,97.0,34.791172,109.440125,32.399998,Aalborg,22,1,9,34.991867,33.92578,33.314674,19.914072,34.56960633333335,33.025686,42112.12695221818,551.5966364740001,0.0,0.0
2026-09-29 23:00:00+00:00,15.8545,83.0,0.0,1024.1675,90.0,33.79488,113.23767,33.12,Aalborg,23,1,9,34.791172,34.991867,33.92578,18.21309,34.52597300000001,33.726582,38596.926779605936,535.80092496,0.0,0.0
2026-09-30 00:00:00+00:00,15.5045,86.0,0.0,1024.3656,89.0,33.15909,121.5876,32.760002,Aalborg,0,2,9,33.79488,34.791172,34.991867,18.31673,33.91504733333334,33.99624383333333,36459.25670969063,514.1151109049999,0.0,0.0
2026-09-30 01:00:00+00:00,15.2045,90.0,0.0,1024.2644,86.0,33.47964,123.02387,32.760002,Aalborg,1,2,9,33.15909,33.79488,34.791172,19.929522,33.47787,34.02373816666667,37526.86962178499,509.04118638000006,0.0,0.0
2026-09-30 02:00:00+00:00,15.1045,91.0,0.0,1023.7647,96.0,32.178272,117.96214,34.56,Aalborg,2,2,9,33.47964,33.15909,33.79488,19.298672,32.93900066666667,33.73248683333333,33318.708216620136,486.036709424,0.0,0.0
2026-09-30 03:00:00+00:00,15.2045,89.0,0.0,1023.8649,83.0,30.787024,111.740845,34.56,Aalborg,3,2,9,32.178272,33.47964,33.15909,16.511179,32.14831200000001,33.03167966666667,29181.198897890765,468.10130640799997,0.0,0.0
2026-09-30 04:00:00+00:00,15.1045,88.0,0.0,1023.86456,42.0,33.424435,116.83397,33.839996,Aalborg,4,2,9,30.787024,32.178272,33.47964,11.0973425,32.12991033333334,32.80389016666667,37341.53996672574,504.85937845750004,0.0,0.0
2026-09-30 05:00:00+00:00,14.804501,89.0,0.0,1023.96295,28.0,37.81792,116.44612,33.839996,Aalborg,5,2,9,33.424435,30.787024,32.178272,6.6806493,34.00979300000001,33.47439683333334,54087.00285988835,559.87543445792,0.0,0.0
2026-09-30 06:00:00+00:00,15.1045,86.0,0.0,1023.96454,52.0,36.96011,115.59192,41.399998,Aalborg,6,2,9,37.81792,33.424435,30.787024,9.258641,36.067488333333344,34.10790016666667,50489.348331069654,558.263981495,0.0,0.0
2026-09-30 07:00:00+00:00,15.4545,84.0,0.0,1023.8663,40.0,37.111782,116.68611,43.92,Aalborg,7,2,9,36.96011,37.81792,33.424435,9.311682,37.29660400000001,34.713257166666665,51113.47703966334,573.544034919,0.0,0.0
2026-09-30 08:00:00+00:00,16.6045,79.0,0.0,1023.9714,65.0,37.34288,120.17884,47.88,Aalborg,8,2,9,37.111782,36.96011,37.81792,8.439493,37.13825733333334,35.574025166666665,52074.29837434658,620.0598509600001,0.0,0.0
2026-09-30 09:00:00+00:00,17.2545,77.0,0.0,1023.9742,61.0,35.64894,118.8354,48.6,Aalborg,9,2,9,37.34288,37.111782,36.96011,9.153322,36.70120066666667,36.3843445,45304.34571161784,615.1046352300001,0.0,0.0
2026-09-30 10:00:00+00:00,17.7545,74.0,0.0,1023.97644,44.0,37.58279,120.27561,48.239998,Aalborg,10,2,9,35.64894,37.34288,37.111782,13.3382435,36.85820333333334,37.07740366666667,53084.41697566916,667.2636450550001,0.0,0.0
2026-09-30 11:00:00+00:00,18.0545,72.0,0.0,1023.77826,31.0,37.646618,119.91039,50.399998,Aalborg,11,2,9,37.58279,35.64894,37.34288,14.515146,36.959449333333346,37.048853333333334,53355.34123358982,679.690864681,0.0,0.0
2026-09-30 12:00:00+00:00,18.4545,69.0,0.0,1023.4803,23.0,39.15198,116.33534,53.28,Aalborg,12,2,9,37.646618,37.58279,35.64894,13.519319,38.12712933333335,37.414165000000004,60015.19070710875,722.53021491,0.0,0.0
2026-09-30 13:00:00+00:00,18.4545,67.0,0.0,1023.4803,35.0,38.288685,116.68239,53.28,Aalborg,13,2,9,39.15198,37.646618,37.58279,17.108112,38.36242766666667,37.6103155,56132.108128059306,706.5985373325,0.0,0.0
2026-09-30 14:00:00+00:00,18.654501,66.0,0.0,1023.3813,26.0,37.036232,115.8367,51.839996,Aalborg,14,2,9,38.288685,39.15198,37.646618,20.990135,38.15896566666668,37.5592075,50801.950587682295,690.8924268802319,0.0,0.0
2026-09-30 15:00:00+00:00,18.654501,66.0,0.0,1023.0817,58.0,39.55712,118.042496,50.039997,Aalborg,15,2,9,37.036232,38.288685,39.15198,22.47376,38.29401233333334,38.210570833333335,61897.62625565149,737.91833459712,0.0,0.0
2026-09-30 16:00:00+00:00,18.154501,66.0,0.0,1022.97974,55.0,40.80122,117.115875,48.96,Aalborg,16,2,9,39.55712,37.036232,38.288685,24.335331,39.13152400000001,38.74697583333333,67923.40476458198,740.72578929122,0.0,0.0
2026-09-30 17:00:00+00:00,17.4545,67.0,0.0,1023.1761,52.0,41.007027,113.71361,48.96,Aalborg,17,2,9,40.80122,39.55712,37.036232,29.589504,40.45512233333334,39.307044,68956.44323493066,715.7571527715,0.0,0.0
2026-09-30 18:00:00+00:00,16.7045,70.0,0.0,1023.07275,0.0,43.16776,111.45554,46.44,Aalborg,18,2,9,41.007027,40.80122,39.55712,31.541119,41.65866900000001,39.976340666666665,80441.19994221015,721.09584692,0.0,0.0
2026-09-30 19:00:00+00:00,16.404501,72.0,0.0,1023.471,14.0,42.851437,115.20109,48.96,Aalborg,19,2,9,43.16776,41.007027,40.80122,33.314674,42.34207466666668,40.73679933333333,78685.76491455222,702.956441117937,0.0,0.0
2026-09-30 20:00:00+00:00,16.1045,76.0,0.0,1023.5695,70.0,42.243763,118.80027,50.039997,Aalborg,20,2,9,42.851437,43.16776,41.007027,33.92578,42.75432000000001,41.604721166666664,75385.49525091631,680.3146812335001,0.0,0.0
2026-09-30 21:00:00+00:00,15.6545,82.0,0.0,1023.46747,46.0,39.9647,122.08534,52.199997,Aalborg,21,2,9,42.243763,42.851437,43.16776,34.991867,41.68663333333334,41.67265116666667,63830.70948681302,625.62739615,0.0,0.0
2026-09-30 22:00:00+00:00,15.1545,86.0,0.0,1023.36523,51.0,38.905926,121.53974,46.8,Aalborg,22,2,9,39.9647,42.243763,42.851437,34.791172,40.371463000000006,41.356768833333334,58890.77494579756,589.5998555670001,0.0,0.0
2026-09-30 23:00:00+00:00,14.9045,89.0,0.0,1023.3644,52.0,37.974277,120.2373,41.760002,Aalborg,23,2,9,38.905926,39.9647,42.243763,33.79488,38.94830100000001,40.851310500000004,54760.6433776709,565.9876115465,0.0,0.0
2026-10-01 00:00:00+00:00,14.7045,90.0,0.0,1023.06384,30.0,36.05844,119.433586,39.96,Aalborg,0,3,10,37.974277,38.905926,39.9647,33.15909,37.64621433333334,39.66642383333333,46883.58376481504,530.22133098,0.0,0.0
2026-10-01 01:00:00+00:00,14.6045,91.0,0.0,1022.66364,23.0,35.600994,119.84986,38.519997,Aalborg,1,3,10,36.05844,37.974277,38.905926,33.47964,36.54457033333334,38.45801666666667,45121.79537304323,519.934716873,0.0,0.0
2026-10-01 02:00:00+00:00,14.5045,92.0,0.0,1022.56354,11.0,35.385487,120.37905,38.88,Aalborg,2,3,10,35.600994,36.05844,37.974277,32.178272,35.68164033333334,37.31497066666667,44307.32503230851,513.2487961915,0.0,0.0
2026-10-01 03:00:00+00:00,14.3545,91.0,0.0,1022.26324,9.0,36.144978,119.6758,40.32,Aalborg,3,3,10,35.385487,35.600994,36.05844,30.787024,35.71048633333334,36.678350333333334,47221.94752224984,518.8430867010001,0.0,0.0
2026-10-01 04:00:00+00:00,14.3545,90.0,0.0,1021.9637,31.0,36.497517,120.63304,39.239998,Aalborg,4,3,10,36.144978,35.385487,35.600994,33.424435,36.009327333333346,36.27694883333333,48617.201744833845,523.9036077765,0.0,0.0
2026-10-01 05:00:00+00:00,14.304501,90.0,0.0,1021.86346,88.0,37.369656,120.77916,39.96,Aalborg,5,3,10,36.497517,36.144978,35.385487,37.81792,36.67071700000001,36.176178666666665,52186.3953608258,534.554281621656,0.0,0.0
2026-10-01 06:00:00+00:00,14.4545,89.0,0.0,1022.16364,63.0,38.669445,119.93825,39.96,Aalborg,6,3,10,37.369656,36.497517,36.144978,36.96011,37.51220600000001,36.61134616666667,57823.425609515325,558.9474927525,0.0,0.0
2026-10-01 07:00:00+00:00,15.054501,85.0,0.0,1022.16656,72.0,38.125954,120.10452,45.719997,Aalborg,7,3,10,38.669445,37.369656,36.497517,37.111782,38.055018333333344,37.032172833333334,55419.44326893914,573.967212618954,0.0,0.0
2026-10-01 08:00:00+00:00,15.7545,81.0,0.0,1021.97,69.0,34.150497,114.5901,50.399998,Aalborg,8,3,10,38.125954,38.669445,37.369656,37.34288,36.98196533333334,36.82634116666667,39828.2372380537,538.0240049865,0.0,0.0
2026-10-01 09:00:00+00:00,16.154501,79.0,0.0,1021.4726,70.0,34.91702,117.20872,51.839996,Aalborg,9,3,10,34.150497,38.125954,38.669445,35.64894,35.73115700000002,36.6216815,42570.770925068246,564.06703450702,0.0,0.0
2026-10-01 10:00:00+00:00,16.904501,78.0,0.0,1021.276,76.0,35.967415,122.449745,51.48,Aalborg,10,3,10,34.91702,34.150497,38.125954,37.58279,35.01164400000001,36.53333116666667,46529.42415788214,608.011202834915,0.0,0.0
2026-10-01 11:00:00+00:00,17.0045,77.0,0.0,1020.9771,81.0,35.42374,123.6901,52.56,Aalborg,11,3,10,35.967415,34.91702,34.150497,37.646618,35.43605833333334,36.209011833333335,44451.1739215827,602.3629868300001,0.0,0.0
2026-10-01 12:00:00+00:00,17.0545,75.0,0.0,1020.77734,95.0,35.716225,123.37785,51.48,Aalborg,12,3,10,35.42374,35.967415,34.91702,39.15198,35.70246000000001,35.7168085,45561.35699916318,609.1223592625,0.0,0.0
2026-10-01 13:00:00+00:00,17.6045,72.0,0.0,1020.2806,91.0,36.40632,124.992096,50.399998,Aalborg,13,3,10,35.716225,35.42374,35.967415,38.288685,35.84876166666668,35.43020283333333,48253.66960356252,640.91506044,0.0,0.0
2026-10-01 14:00:00+00:00,17.904501,71.0,0.0,1019.8827,96.0,32.885986,129.80553,49.68,Aalborg,14,3,10,36.40632,35.716225,35.42374,37.036232,35.00284366666668,35.219451,35565.80169993751,588.8071692229861,0.0,0.0
2026-10-01 15:00:00+00:00,17.654501,70.0,0.0,1019.78143,92.0,29.774607,134.5226,46.44,Aalborg,15,3,10,32.885986,36.40632,35.716225,39.55712,33.022304333333345,34.36238216666667,26395.99962998422,525.655829056107,0.0,0.0
2026-10-01 16:00:00+00:00,17.3045,71.0,0.0,1019.5802,94.0,28.041172,136.01389,42.839996,Aalborg,16,3,10,29.774607,32.885986,36.40632,40.80122,30.233921666666674,33.04134166666667,22048.979005013094,485.238460874,0.0,0.0
2026-10-01 17:00:00+00:00,17.0045,73.0,0.0,1020.0783,96.0,27.442028,149.66455,39.96,Aalborg,17,3,10,28.041172,29.774607,32.885986,41.007027,28.41926900000001,31.711056333333335,20665.62809227512,466.63796512600004,0.0,0.0
2026-10-01 18:00:00+00:00,16.5545,78.0,1.6,1020.87494,100.0,25.354319,161.43959,36.36,Aalborg,18,3,10,27.442028,28.041172,29.774607,43.16776,26.945839666666675,29.984072,16298.80825343159,419.7280738855,0.0,1.0
2026-10-01 19:00:00+00:00,16.0045,87.0,0.4,1021.07214,100.0,22.440182,170.09589,25.56,Aalborg,19,3,10,25.354319,27.442028,28.041172,42.851437,25.07884300000001,27.65638233333333,11300.017726495515,359.14389281900003,1.0,1.0
2026-10-01 20:00:00+00:00,15.6045,92.0,1.8,1021.56995,100.0,21.229263,179.5265,14.4,Aalborg,20,3,10,22.440182,25.354319,27.442028,42.243763,23.007921333333343,25.713595166666664,9567.638375372133,331.27203448349997,1.0,1.0
2026-10-01 21:00:00+00:00,15.3545,94.0,0.8,1021.968,100.0,20.077242,185.01303,20.880001,Aalborg,21,3,10,21.229263,22.440182,25.354319,39.9647,21.248895666666673,24.097367666666667,8093.048840444834,308.276012289,1.0,1.0
